Date,daily_ret_long,daily_ret_short,ls_ret,Value,Return_Pct
2010-01-04,0.0,0.0,0.0,1.0,0.0
2010-01-05,0.0,0.0,0.0,1.0,0.0
2010-01-07,0.0,0.0,0.0,1.0,0.0
2010-01-08,0.0,0.0,0.0,1.0,0.0
2010-01-11,0.0,0.0,0.0,1.0,0.0
2010-01-12,0.0,0.0,0.0,1.0,0.0
2010-01-13,0.0,0.0,0.0,1.0,0.0
2010-01-14,0.0,0.0,0.0,1.0,0.0
2010-01-15,0.0,0.0,0.0,1.0,0.0
2010-01-18,0.0,0.0,0.0,1.0,0.0
2010-01-19,0.0,0.0,0.0,1.0,0.0
2010-01-20,0.0,0.0,0.0,1.0,0.0
2010-01-21,0.0,0.0,0.0,1.0,0.0
2010-01-22,0.0,0.0,0.0,1.0,0.0
2010-01-25,0.0,0.0,0.0,1.0,0.0
2010-01-26,0.0,0.0,0.0,1.0,0.0
2010-01-27,0.0,0.0,0.0,1.0,0.0
2010-01-28,0.0,0.0,0.0,1.0,0.0
2010-01-29,0.0,0.0,0.0,1.0,0.0
2010-02-01,0.0,0.0,0.0,1.0,0.0
2010-02-02,0.0,0.0,0.0,1.0,0.0
2010-02-03,0.0,0.0,0.0,1.0,0.0
2010-02-04,0.0,0.0,0.0,1.0,0.0
2010-02-05,0.0,0.0,0.0,1.0,0.0
2010-02-08,0.0,0.0,0.0,1.0,0.0
2010-02-09,0.0,0.0,0.0,1.0,0.0
2010-02-10,0.0,0.0,0.0,1.0,0.0
2010-02-11,0.0,0.0,0.0,1.0,0.0
2010-02-12,0.0,0.0,0.0,1.0,0.0
2010-02-15,0.0,0.0,0.0,1.0,0.0
2010-02-16,0.0,0.0,0.0,1.0,0.0
2010-02-17,0.0,0.0,0.0,1.0,0.0
2010-02-18,0.0,0.0,0.0,1.0,0.0
2010-02-19,0.0,0.0,0.0,1.0,0.0
2010-02-22,0.0,0.0,0.0,1.0,0.0
2010-02-23,0.0,0.0,0.0,1.0,0.0
2010-02-24,0.0,0.0,0.0,1.0,0.0
2010-02-25,0.0,0.0,0.0,1.0,0.0
2010-02-26,0.0,0.0,0.0,1.0,0.0
2010-03-01,0.0,0.0,0.0,1.0,0.0
2010-03-02,0.0,0.0,0.0,1.0,0.0
2010-03-03,0.0,0.0,0.0,1.0,0.0
2010-03-04,0.0,0.0,0.0,1.0,0.0
2010-03-05,0.0,0.0,0.0,1.0,0.0
2010-03-08,0.0,0.0,0.0,1.0,0.0
2010-03-09,0.0,0.0,0.0,1.0,0.0
2010-03-10,0.0,0.0,0.0,1.0,0.0
2010-03-11,0.0,0.0,0.0,1.0,0.0
2010-03-12,0.0,0.0,0.0,1.0,0.0
2010-03-15,0.0,0.0,0.0,1.0,0.0
2010-03-16,0.0,0.0,0.0,1.0,0.0
2010-03-17,0.0,0.0,0.0,1.0,0.0
2010-03-18,0.0,0.0,0.0,1.0,0.0
2010-03-19,0.0,0.0,0.0,1.0,0.0
2010-03-22,0.0,0.0,0.0,1.0,0.0
2010-03-23,0.0,0.0,0.0,1.0,0.0
2010-03-24,0.0,0.0,0.0,1.0,0.0
2010-03-25,0.0,0.0,0.0,1.0,0.0
2010-03-26,0.0,0.0,0.0,1.0,0.0
2010-03-29,0.0,0.0,0.0,1.0,0.0
2010-03-30,0.0,0.0,0.0,1.0,0.0
2010-03-31,0.0,0.0,0.0,1.0,0.0
2010-04-01,0.0,0.0,0.0,1.0,0.0
2010-04-06,0.0,0.0,0.0,1.0,0.0
2010-04-07,0.0,0.0,0.0,1.0,0.0
2010-04-08,0.0,0.0,0.0,1.0,0.0
2010-04-09,0.0,0.0,0.0,1.0,0.0
2010-04-12,0.0,0.0,0.0,1.0,0.0
2010-04-13,0.0,0.0,0.0,1.0,0.0
2010-04-14,0.0,0.0,0.0,1.0,0.0
2010-04-15,0.0,0.0,0.0,1.0,0.0
2010-04-16,0.0,0.0,0.0,1.0,0.0
2010-04-19,0.0,0.0,0.0,1.0,0.0
2010-04-20,0.0,0.0,0.0,1.0,0.0
2010-04-21,0.0,0.0,0.0,1.0,0.0
2010-04-22,0.0,0.0,0.0,1.0,0.0
2010-04-23,0.0,0.0,0.0,1.0,0.0
2010-04-26,0.0,0.0,0.0,1.0,0.0
2010-04-27,0.0,0.0,0.0,1.0,0.0
2010-04-28,0.0,0.0,0.0,1.0,0.0
2010-04-29,0.0,0.0,0.0,1.0,0.0
2010-04-30,0.0,0.0,0.0,1.0,0.0
2010-05-03,0.0,0.0,0.0,1.0,0.0
2010-05-04,0.0,0.0,0.0,1.0,0.0
2010-05-05,0.0,0.0,0.0,1.0,0.0
2010-05-06,0.0,0.0,0.0,1.0,0.0
2010-05-07,0.0,0.0,0.0,1.0,0.0
2010-05-10,0.0,0.0,0.0,1.0,0.0
2010-05-11,0.0,0.0,0.0,1.0,0.0
2010-05-12,0.0,0.0,0.0,1.0,0.0
2010-05-13,0.0,0.0,0.0,1.0,0.0
2010-05-14,0.0,0.0,0.0,1.0,0.0
2010-05-17,0.0,0.0,0.0,1.0,0.0
2010-05-18,0.0,0.0,0.0,1.0,0.0
2010-05-19,0.0,0.0,0.0,1.0,0.0
2010-05-20,0.0,0.0,0.0,1.0,0.0
2010-05-21,0.0,0.0,0.0,1.0,0.0
2010-05-24,0.0,0.0,0.0,1.0,0.0
2010-05-25,0.0,0.0,0.0,1.0,0.0
2010-05-26,0.0,0.0,0.0,1.0,0.0
2010-05-27,0.0,0.0,0.0,1.0,0.0
2010-05-28,0.0,0.0,0.0,1.0,0.0
2010-05-31,0.0,0.0,0.0,1.0,0.0
2010-06-01,0.0,0.0,0.0,1.0,0.0
2010-06-02,0.0,0.0,0.0,1.0,0.0
2010-06-04,0.0,0.0,0.0,1.0,0.0
2010-06-07,0.0,0.0,0.0,1.0,0.0
2010-06-08,0.0,0.0,0.0,1.0,0.0
2010-06-09,0.0,0.0,0.0,1.0,0.0
2010-06-10,0.0,0.0,0.0,1.0,0.0
2010-06-11,0.0,0.0,0.0,1.0,0.0
2010-06-14,0.0,0.0,0.0,1.0,0.0
2010-06-15,0.0,0.0,0.0,1.0,0.0
2010-06-16,0.0,0.0,0.0,1.0,0.0
2010-06-17,0.0,0.0,0.0,1.0,0.0
2010-06-18,0.0,0.0,0.0,1.0,0.0
2010-06-21,0.0,0.0,0.0,1.0,0.0
2010-06-23,0.0,0.0,0.0,1.0,0.0
2010-06-24,0.0,0.0,0.0,1.0,0.0
2010-06-28,0.0,0.0,0.0,1.0,0.0
2010-06-29,0.0,0.0,0.0,1.0,0.0
2010-06-30,0.0,0.0,0.0,1.0,0.0
2010-07-01,0.0,0.0,0.0,1.0,0.0
2010-07-02,0.0,0.0,0.0,1.0,0.0
2010-07-05,0.0,0.0,0.0,1.0,0.0
2010-07-06,0.0,0.0,0.0,1.0,0.0
2010-07-07,0.0,0.0,0.0,1.0,0.0
2010-07-08,0.0,0.0,0.0,1.0,0.0
2010-07-09,0.0,0.0,0.0,1.0,0.0
2010-07-12,0.0,0.0,0.0,1.0,0.0
2010-07-13,0.0,0.0,0.0,1.0,0.0
2010-07-14,0.0,0.0,0.0,1.0,0.0
2010-07-15,0.0,0.0,0.0,1.0,0.0
2010-07-16,0.0,0.0,0.0,1.0,0.0
2010-07-19,0.0,0.0,0.0,1.0,0.0
2010-07-20,0.0,0.0,0.0,1.0,0.0
2010-07-21,0.0,0.0,0.0,1.0,0.0
2010-07-22,0.0,0.0,0.0,1.0,0.0
2010-07-23,0.0,0.0,0.0,1.0,0.0
2010-07-26,0.0,0.0,0.0,1.0,0.0
2010-07-27,0.0,0.0,0.0,1.0,0.0
2010-07-28,0.0,0.0,0.0,1.0,0.0
2010-07-29,0.0,0.0,0.0,1.0,0.0
2010-07-30,0.0,0.0,0.0,1.0,0.0
2010-08-02,0.0,0.0,0.0,1.0,0.0
2010-08-03,0.0,0.0,0.0,1.0,0.0
2010-08-04,0.0,0.0,0.0,1.0,0.0
2010-08-09,0.0,0.0,0.0,1.0,0.0
2010-08-10,0.0,0.0,0.0,1.0,0.0
2010-08-11,0.0,0.0,0.0,1.0,0.0
2010-08-12,0.0,0.0,0.0,1.0,0.0
2010-08-13,0.0,0.0,0.0,1.0,0.0
2010-08-16,0.0,0.0,0.0,1.0,0.0
2010-08-17,0.0,0.0,0.0,1.0,0.0
2010-08-18,0.0,0.0,0.0,1.0,0.0
2010-08-19,0.0,0.0,0.0,1.0,0.0
2010-08-20,0.0,0.0,0.0,1.0,0.0
2010-08-23,0.0,0.0,0.0,1.0,0.0
2010-08-24,0.0,0.0,0.0,1.0,0.0
2010-08-25,0.0,0.0,0.0,1.0,0.0
2010-08-26,0.0,0.0,0.0,1.0,0.0
2010-08-27,0.0,0.0,0.0,1.0,0.0
2010-08-30,0.0,0.0,0.0,1.0,0.0
2010-08-31,0.0,0.0,0.0,1.0,0.0
2010-09-01,0.0,0.0,0.0,1.0,0.0
2010-09-02,0.0,0.0,0.0,1.0,0.0
2010-09-03,0.0,0.0,0.0,1.0,0.0
2010-09-06,0.0,0.0,0.0,1.0,0.0
2010-09-07,0.0,0.0,0.0,1.0,0.0
2010-09-08,-0.0028,-0.0094,0.0066,1.0066,0.6599999999999939
2010-09-09,0.006233333333333334,0.018566666666666665,-0.012333333333333332,0.9941852666666666,-0.5814733333333377
2010-09-10,-0.010066666666666666,-0.010366666666666666,0.0002999999999999999,0.9944835222466666,-0.5516477753333415
2010-09-13,0.0025,0.00026666666666666657,0.0022333333333333337,0.9967045354463507,-0.3295464553649263
2010-09-14,-0.027266666666666668,-0.005833333333333334,-0.021433333333333335,0.975341834903284,-2.4658165096716034
2010-09-15,0.014433333333333333,-0.0073999999999999995,0.021833333333333333,0.9966367982986724,-0.3363201701327645
2010-09-16,0.0088,-0.004399999999999999,0.0132,1.009792404036215,0.9792404036214952
2010-09-17,-0.0008999999999999998,-0.011333333333333334,0.010433333333333334,1.0203279047849927,2.032790478499269
2010-09-20,0.005733333333333333,0.027266666666666668,-0.021533333333333335,0.9983568439019559,-0.16431560980441073
2010-09-21,0.0,0.0,0.0,0.9983568439019559,-0.16431560980441073
2010-09-22,0.0,0.0,0.0,0.9983568439019559,-0.16431560980441073
2010-09-23,0.0,0.0,0.0,0.9983568439019559,-0.16431560980441073
2010-09-24,0.0,0.0,0.0,0.9983568439019559,-0.16431560980441073
2010-09-27,0.0,0.0,0.0,0.9983568439019559,-0.16431560980441073
2010-09-28,0.0,0.0,0.0,0.9983568439019559,-0.16431560980441073
2010-09-29,0.0,0.0,0.0,0.9983568439019559,-0.16431560980441073
2010-09-30,0.0,0.0,0.0,0.9983568439019559,-0.16431560980441073
2010-10-01,0.0,0.0,0.0,0.9983568439019559,-0.16431560980441073
2010-10-04,0.0,0.0,0.0,0.9983568439019559,-0.16431560980441073
2010-10-05,0.0,0.0,0.0,0.9983568439019559,-0.16431560980441073
2010-10-06,0.0,0.0,0.0,0.9983568439019559,-0.16431560980441073
2010-10-07,0.0,0.0,0.0,0.9983568439019559,-0.16431560980441073
2010-10-11,0.0,0.0,0.0,0.9983568439019559,-0.16431560980441073
2010-10-12,0.0,0.0,0.0,0.9983568439019559,-0.16431560980441073
2010-10-13,0.0,0.0,0.0,0.9983568439019559,-0.16431560980441073
2010-10-14,0.0,0.0,0.0,0.9983568439019559,-0.16431560980441073
2010-10-15,0.0,0.0,0.0,0.9983568439019559,-0.16431560980441073
2010-10-18,0.0,0.0,0.0,0.9983568439019559,-0.16431560980441073
2010-10-19,0.0,0.0,0.0,0.9983568439019559,-0.16431560980441073
2010-10-20,0.0,0.0,0.0,0.9983568439019559,-0.16431560980441073
2010-10-21,0.0,0.0,0.0,0.9983568439019559,-0.16431560980441073
2010-10-22,0.0,0.0,0.0,0.9983568439019559,-0.16431560980441073
2010-10-25,0.0,0.0,0.0,0.9983568439019559,-0.16431560980441073
2010-10-26,0.0,0.0,0.0,0.9983568439019559,-0.16431560980441073
2010-10-27,0.0,0.0,0.0,0.9983568439019559,-0.16431560980441073
2010-10-28,0.0,0.0,0.0,0.9983568439019559,-0.16431560980441073
2010-10-29,0.0,0.0,0.0,0.9983568439019559,-0.16431560980441073
2010-11-02,0.0,0.0,0.0,0.9983568439019559,-0.16431560980441073
2010-11-03,0.0,0.0,0.0,0.9983568439019559,-0.16431560980441073
2010-11-04,0.0,0.0,0.0,0.9983568439019559,-0.16431560980441073
2010-11-05,0.0,0.0,0.0,0.9983568439019559,-0.16431560980441073
2010-11-08,0.0,0.0,0.0,0.9983568439019559,-0.16431560980441073
2010-11-09,0.0,0.0,0.0,0.9983568439019559,-0.16431560980441073
2010-11-10,0.0,0.0,0.0,0.9983568439019559,-0.16431560980441073
2010-11-11,0.0,0.0,0.0,0.9983568439019559,-0.16431560980441073
2010-11-12,0.0,0.0,0.0,0.9983568439019559,-0.16431560980441073
2010-11-15,0.0,0.0,0.0,0.9983568439019559,-0.16431560980441073
2010-11-16,0.0,0.0,0.0,0.9983568439019559,-0.16431560980441073
2010-11-17,0.0,0.0,0.0,0.9983568439019559,-0.16431560980441073
2010-11-18,0.0,0.0,0.0,0.9983568439019559,-0.16431560980441073
2010-11-19,0.0,0.0,0.0,0.9983568439019559,-0.16431560980441073
2010-11-22,0.0,0.0,0.0,0.9983568439019559,-0.16431560980441073
2010-11-23,0.0,0.0,0.0,0.9983568439019559,-0.16431560980441073
2010-11-24,0.0,0.0,0.0,0.9983568439019559,-0.16431560980441073
2010-11-25,0.0,0.0,0.0,0.9983568439019559,-0.16431560980441073
2010-11-26,0.0,0.0,0.0,0.9983568439019559,-0.16431560980441073
2010-11-29,0.0,0.0,0.0,0.9983568439019559,-0.16431560980441073
2010-11-30,0.0,0.0,0.0,0.9983568439019559,-0.16431560980441073
2010-12-01,0.0,0.0,0.0,0.9983568439019559,-0.16431560980441073
2010-12-02,0.0,0.0,0.0,0.9983568439019559,-0.16431560980441073
2010-12-03,0.0,0.0,0.0,0.9983568439019559,-0.16431560980441073
2010-12-06,0.0,0.0,0.0,0.9983568439019559,-0.16431560980441073
2010-12-07,0.0,0.0,0.0,0.9983568439019559,-0.16431560980441073
2010-12-08,0.0,0.0,0.0,0.9983568439019559,-0.16431560980441073
2010-12-09,0.0,0.0,0.0,0.9983568439019559,-0.16431560980441073
2010-12-10,0.0,0.0,0.0,0.9983568439019559,-0.16431560980441073
2010-12-13,0.0,0.0,0.0,0.9983568439019559,-0.16431560980441073
2010-12-14,0.0,0.0,0.0,0.9983568439019559,-0.16431560980441073
2010-12-15,0.0,0.0,0.0,0.9983568439019559,-0.16431560980441073
2010-12-16,0.0,0.0,0.0,0.9983568439019559,-0.16431560980441073
2010-12-17,0.0,0.0,0.0,0.9983568439019559,-0.16431560980441073
2010-12-20,0.0,0.0,0.0,0.9983568439019559,-0.16431560980441073
2010-12-21,0.0,0.0,0.0,0.9983568439019559,-0.16431560980441073
2010-12-22,0.0,0.0,0.0,0.9983568439019559,-0.16431560980441073
2010-12-23,0.0,0.0,0.0,0.9983568439019559,-0.16431560980441073
2010-12-24,0.0,0.0,0.0,0.9983568439019559,-0.16431560980441073
2010-12-27,0.0,0.0,0.0,0.9983568439019559,-0.16431560980441073
2010-12-28,0.0,0.0,0.0,0.9983568439019559,-0.16431560980441073
2010-12-29,0.0,0.0,0.0,0.9983568439019559,-0.16431560980441073
2010-12-30,0.0,0.0,0.0,0.9983568439019559,-0.16431560980441073
2010-12-31,0.0,0.0,0.0,0.9983568439019559,-0.16431560980441073
2011-01-03,0.0,0.0,0.0,0.9983568439019559,-0.16431560980441073
2011-01-04,0.0,0.0,0.0,0.9983568439019559,-0.16431560980441073
2011-01-05,0.0,0.0,0.0,0.9983568439019559,-0.16431560980441073
2011-01-07,0.0,0.0,0.0,0.9983568439019559,-0.16431560980441073
2011-01-10,0.0,0.0,0.0,0.9983568439019559,-0.16431560980441073
2011-01-11,0.0,0.0,0.0,0.9983568439019559,-0.16431560980441073
2011-01-12,0.0,0.0,0.0,0.9983568439019559,-0.16431560980441073
2011-01-13,0.0,0.0,0.0,0.9983568439019559,-0.16431560980441073
2011-01-14,0.0,0.0,0.0,0.9983568439019559,-0.16431560980441073
2011-01-17,0.0,0.0,0.0,0.9983568439019559,-0.16431560980441073
2011-01-18,0.0,0.0,0.0,0.9983568439019559,-0.16431560980441073
2011-01-19,0.0,0.0,0.0,0.9983568439019559,-0.16431560980441073
2011-01-20,0.0,0.0,0.0,0.9983568439019559,-0.16431560980441073
2011-01-21,0.0,0.0,0.0,0.9983568439019559,-0.16431560980441073
2011-01-24,0.0,0.0,0.0,0.9983568439019559,-0.16431560980441073
2011-01-25,0.0,0.0,0.0,0.9983568439019559,-0.16431560980441073
2011-01-26,0.0,0.0,0.0,0.9983568439019559,-0.16431560980441073
2011-01-27,0.0,0.0,0.0,0.9983568439019559,-0.16431560980441073
2011-01-28,0.0,0.0,0.0,0.9983568439019559,-0.16431560980441073
2011-01-31,0.0,0.0,0.0,0.9983568439019559,-0.16431560980441073
2011-02-01,0.0,0.0,0.0,0.9983568439019559,-0.16431560980441073
2011-02-02,0.0,0.0,0.0,0.9983568439019559,-0.16431560980441073
2011-02-03,0.0,0.0,0.0,0.9983568439019559,-0.16431560980441073
2011-02-04,0.0,0.0,0.0,0.9983568439019559,-0.16431560980441073
2011-02-07,0.0,0.0,0.0,0.9983568439019559,-0.16431560980441073
2011-02-08,0.0,0.0,0.0,0.9983568439019559,-0.16431560980441073
2011-02-09,0.0,0.0,0.0,0.9983568439019559,-0.16431560980441073
2011-02-10,0.0,0.0,0.0,0.9983568439019559,-0.16431560980441073
2011-02-11,0.0,0.0,0.0,0.9983568439019559,-0.16431560980441073
2011-02-14,0.0,0.0,0.0,0.9983568439019559,-0.16431560980441073
2011-02-15,0.0,0.0,0.0,0.9983568439019559,-0.16431560980441073
2011-02-16,0.0,0.0,0.0,0.9983568439019559,-0.16431560980441073
2011-02-17,0.0,0.0,0.0,0.9983568439019559,-0.16431560980441073
2011-02-18,0.0,0.0,0.0,0.9983568439019559,-0.16431560980441073
2011-02-21,0.0,0.0,0.0,0.9983568439019559,-0.16431560980441073
2011-02-22,0.0,0.0,0.0,0.9983568439019559,-0.16431560980441073
2011-02-23,0.0,0.0,0.0,0.9983568439019559,-0.16431560980441073
2011-02-24,0.0,0.0,0.0,0.9983568439019559,-0.16431560980441073
2011-02-25,0.0,0.0,0.0,0.9983568439019559,-0.16431560980441073
2011-02-28,0.0,0.0,0.0,0.9983568439019559,-0.16431560980441073
2011-03-01,0.0,0.0,0.0,0.9983568439019559,-0.16431560980441073
2011-03-02,0.0,0.0,0.0,0.9983568439019559,-0.16431560980441073
2011-03-03,0.0,0.0,0.0,0.9983568439019559,-0.16431560980441073
2011-03-04,0.003366666666666668,-0.0025333333333333328,0.005900000000000001,1.0042471492809775,0.4247149280977469
2011-03-07,0.0067,-0.007300000000000001,0.014000000000000002,1.0183066093709112,1.830660937091122
2011-03-08,0.004966666666666667,-0.005966666666666667,0.010933333333333333,1.0294400949666997,2.944009496669975
2011-03-09,0.0013,-0.0031666666666666666,0.0044666666666666665,1.0340382607242176,3.403826072421756
2011-03-10,0.002466666666666667,0.011266666666666668,-0.0088,1.0249387240298444,2.493872402984443
2011-03-11,-0.0033,-0.0023666666666666667,-0.0009333333333333333,1.0239821145540833,2.398211455408328
2011-03-14,-0.009899999999999999,-0.004399999999999999,-0.0055,1.0183502129240358,1.8350212924035825
2011-03-15,-0.0049,-0.0254,0.020499999999999997,1.0392263922889786,3.9226392288978618
2011-03-16,0.01633333333333333,-0.0053999999999999986,0.02173333333333333,1.0618122458813926,6.181224588139256
2011-03-17,0.012933333333333333,0.007933333333333334,0.004999999999999999,1.0671213071107994,6.712130711079944
2011-03-18,0.03836666666666667,-0.030233333333333338,0.06860000000000001,1.1403258287786002,14.032582877860023
2011-03-21,0.0014666666666666667,0.006566666666666667,-0.0051,1.1345101670518294,13.451016705182939
2011-03-22,0.0,0.0,0.0,1.1345101670518294,13.451016705182939
2011-03-23,0.0,0.0,0.0,1.1345101670518294,13.451016705182939
2011-03-24,0.0,0.0,0.0,1.1345101670518294,13.451016705182939
2011-03-25,0.0,0.0,0.0,1.1345101670518294,13.451016705182939
2011-03-28,0.0,0.0,0.0,1.1345101670518294,13.451016705182939
2011-03-29,0.0,0.0,0.0,1.1345101670518294,13.451016705182939
2011-03-30,0.0,0.0,0.0,1.1345101670518294,13.451016705182939
2011-03-31,0.0,0.0,0.0,1.1345101670518294,13.451016705182939
2011-04-01,0.0,0.0,0.0,1.1345101670518294,13.451016705182939
2011-04-04,0.0,0.0,0.0,1.1345101670518294,13.451016705182939
2011-04-05,0.0,0.0,0.0,1.1345101670518294,13.451016705182939
2011-04-06,0.0,0.0,0.0,1.1345101670518294,13.451016705182939
2011-04-07,0.0,0.0,0.0,1.1345101670518294,13.451016705182939
2011-04-08,0.0,0.0,0.0,1.1345101670518294,13.451016705182939
2011-04-11,0.0,0.0,0.0,1.1345101670518294,13.451016705182939
2011-04-12,0.0,0.0,0.0,1.1345101670518294,13.451016705182939
2011-04-13,0.0,0.0,0.0,1.1345101670518294,13.451016705182939
2011-04-14,0.0,0.0,0.0,1.1345101670518294,13.451016705182939
2011-04-15,0.0,0.0,0.0,1.1345101670518294,13.451016705182939
2011-04-18,0.0,0.0,0.0,1.1345101670518294,13.451016705182939
2011-04-19,0.0,0.0,0.0,1.1345101670518294,13.451016705182939
2011-04-20,0.0,0.0,0.0,1.1345101670518294,13.451016705182939
2011-04-21,0.0,0.0,0.0,1.1345101670518294,13.451016705182939
2011-04-22,0.0,0.0,0.0,1.1345101670518294,13.451016705182939
2011-04-26,0.0,0.0,0.0,1.1345101670518294,13.451016705182939
2011-04-27,0.0,0.0,0.0,1.1345101670518294,13.451016705182939
2011-04-28,0.0,0.0,0.0,1.1345101670518294,13.451016705182939
2011-04-29,0.0,0.0,0.0,1.1345101670518294,13.451016705182939
2011-05-02,0.0,0.0,0.0,1.1345101670518294,13.451016705182939
2011-05-03,0.0,0.0,0.0,1.1345101670518294,13.451016705182939
2011-05-04,0.0,0.0,0.0,1.1345101670518294,13.451016705182939
2011-05-05,0.0,0.0,0.0,1.1345101670518294,13.451016705182939
2011-05-06,0.0,0.0,0.0,1.1345101670518294,13.451016705182939
2011-05-09,0.0,0.0,0.0,1.1345101670518294,13.451016705182939
2011-05-10,0.0,0.0,0.0,1.1345101670518294,13.451016705182939
2011-05-11,0.0,0.0,0.0,1.1345101670518294,13.451016705182939
2011-05-12,0.0,0.0,0.0,1.1345101670518294,13.451016705182939
2011-05-13,0.0,0.0,0.0,1.1345101670518294,13.451016705182939
2011-05-16,0.0,0.0,0.0,1.1345101670518294,13.451016705182939
2011-05-17,0.0,0.0,0.0,1.1345101670518294,13.451016705182939
2011-05-18,0.0,0.0,0.0,1.1345101670518294,13.451016705182939
2011-05-19,0.0,0.0,0.0,1.1345101670518294,13.451016705182939
2011-05-20,0.0,0.0,0.0,1.1345101670518294,13.451016705182939
2011-05-23,0.0,0.0,0.0,1.1345101670518294,13.451016705182939
2011-05-24,0.0,0.0,0.0,1.1345101670518294,13.451016705182939
2011-05-25,0.0,0.0,0.0,1.1345101670518294,13.451016705182939
2011-05-26,0.0,0.0,0.0,1.1345101670518294,13.451016705182939
2011-05-27,0.0,0.0,0.0,1.1345101670518294,13.451016705182939
2011-05-30,0.0,0.0,0.0,1.1345101670518294,13.451016705182939
2011-05-31,0.0,0.0,0.0,1.1345101670518294,13.451016705182939
2011-06-01,0.0,0.0,0.0,1.1345101670518294,13.451016705182939
2011-06-02,0.0,0.0,0.0,1.1345101670518294,13.451016705182939
2011-06-03,0.0,0.0,0.0,1.1345101670518294,13.451016705182939
2011-06-06,0.0,0.0,0.0,1.1345101670518294,13.451016705182939
2011-06-07,0.0,0.0,0.0,1.1345101670518294,13.451016705182939
2011-06-08,0.0,0.0,0.0,1.1345101670518294,13.451016705182939
2011-06-09,0.0,0.0,0.0,1.1345101670518294,13.451016705182939
2011-06-10,0.0,0.0,0.0,1.1345101670518294,13.451016705182939
2011-06-13,0.0,0.0,0.0,1.1345101670518294,13.451016705182939
2011-06-14,0.0,0.0,0.0,1.1345101670518294,13.451016705182939
2011-06-15,0.0,0.0,0.0,1.1345101670518294,13.451016705182939
2011-06-16,0.0,0.0,0.0,1.1345101670518294,13.451016705182939
2011-06-17,0.0,0.0,0.0,1.1345101670518294,13.451016705182939
2011-06-20,0.0,0.0,0.0,1.1345101670518294,13.451016705182939
2011-06-21,0.0,0.0,0.0,1.1345101670518294,13.451016705182939
2011-06-24,0.0,0.0,0.0,1.1345101670518294,13.451016705182939
2011-06-27,0.0,0.0,0.0,1.1345101670518294,13.451016705182939
2011-06-28,0.0,0.0,0.0,1.1345101670518294,13.451016705182939
2011-06-29,0.0,0.0,0.0,1.1345101670518294,13.451016705182939
2011-06-30,0.0,0.0,0.0,1.1345101670518294,13.451016705182939
2011-07-01,0.0,0.0,0.0,1.1345101670518294,13.451016705182939
2011-07-04,0.0,0.0,0.0,1.1345101670518294,13.451016705182939
2011-07-05,0.0,0.0,0.0,1.1345101670518294,13.451016705182939
2011-07-06,0.0,0.0,0.0,1.1345101670518294,13.451016705182939
2011-07-07,0.0,0.0,0.0,1.1345101670518294,13.451016705182939
2011-07-08,0.0,0.0,0.0,1.1345101670518294,13.451016705182939
2011-07-11,0.0,0.0,0.0,1.1345101670518294,13.451016705182939
2011-07-12,0.0,0.0,0.0,1.1345101670518294,13.451016705182939
2011-07-13,0.0,0.0,0.0,1.1345101670518294,13.451016705182939
2011-07-14,0.0,0.0,0.0,1.1345101670518294,13.451016705182939
2011-07-15,0.0,0.0,0.0,1.1345101670518294,13.451016705182939
2011-07-18,0.0,0.0,0.0,1.1345101670518294,13.451016705182939
2011-07-19,0.0,0.0,0.0,1.1345101670518294,13.451016705182939
2011-07-20,0.0,0.0,0.0,1.1345101670518294,13.451016705182939
2011-07-21,0.0,0.0,0.0,1.1345101670518294,13.451016705182939
2011-07-22,0.0,0.0,0.0,1.1345101670518294,13.451016705182939
2011-07-25,0.0,0.0,0.0,1.1345101670518294,13.451016705182939
2011-07-26,0.0,0.0,0.0,1.1345101670518294,13.451016705182939
2011-07-27,0.0,0.0,0.0,1.1345101670518294,13.451016705182939
2011-07-28,0.0,0.0,0.0,1.1345101670518294,13.451016705182939
2011-07-29,0.0,0.0,0.0,1.1345101670518294,13.451016705182939
2011-08-01,0.0,0.0,0.0,1.1345101670518294,13.451016705182939
2011-08-02,0.0,0.0,0.0,1.1345101670518294,13.451016705182939
2011-08-03,0.0,0.0,0.0,1.1345101670518294,13.451016705182939
2011-08-04,0.0,0.0,0.0,1.1345101670518294,13.451016705182939
2011-08-08,0.0,0.0,0.0,1.1345101670518294,13.451016705182939
2011-08-09,0.0,0.0,0.0,1.1345101670518294,13.451016705182939
2011-08-10,0.0,0.0,0.0,1.1345101670518294,13.451016705182939
2011-08-11,0.0,0.0,0.0,1.1345101670518294,13.451016705182939
2011-08-12,0.0,0.0,0.0,1.1345101670518294,13.451016705182939
2011-08-16,0.0,0.0,0.0,1.1345101670518294,13.451016705182939
2011-08-17,0.0,0.0,0.0,1.1345101670518294,13.451016705182939
2011-08-18,0.0,0.0,0.0,1.1345101670518294,13.451016705182939
2011-08-19,0.0,0.0,0.0,1.1345101670518294,13.451016705182939
2011-08-22,0.0,0.0,0.0,1.1345101670518294,13.451016705182939
2011-08-23,0.0,0.0,0.0,1.1345101670518294,13.451016705182939
2011-08-24,0.0,0.0,0.0,1.1345101670518294,13.451016705182939
2011-08-25,0.0,0.0,0.0,1.1345101670518294,13.451016705182939
2011-08-26,0.0,0.0,0.0,1.1345101670518294,13.451016705182939
2011-08-29,0.0,0.0,0.0,1.1345101670518294,13.451016705182939
2011-08-30,0.0,0.0,0.0,1.1345101670518294,13.451016705182939
2011-08-31,0.0,0.0,0.0,1.1345101670518294,13.451016705182939
2011-09-01,0.0,0.0,0.0,1.1345101670518294,13.451016705182939
2011-09-02,0.0,0.0,0.0,1.1345101670518294,13.451016705182939
2011-09-05,0.0,0.0,0.0,1.1345101670518294,13.451016705182939
2011-09-06,0.0172,-0.002325,0.019525,1.1566614780635163,15.666147806351628
2011-09-07,-0.0008750000000000008,-0.001525,0.0006499999999999993,1.1574133080242577,15.741330802425768
2011-09-08,-0.00265,-0.0040750000000000005,0.0014250000000000005,1.1590626219881923,15.906262198819231
2011-09-09,-0.00625,-0.0023250000000000002,-0.003925,1.1545133011968887,15.451330119688865
2011-09-12,-0.029025000000000002,-0.008825,-0.020200000000000003,1.1311921325127114,13.119213251271145
2011-09-13,0.019375,-0.004699999999999999,0.024075,1.158425583102955,15.842558310295507
2011-09-14,0.015275,-0.00017500000000000003,0.01545,1.1763232583618957,17.632325836189565
2011-09-15,0.013025,-0.0008499999999999992,0.013874999999999998,1.1926447435716672,19.264474357166716
2011-09-16,0.058625,-0.0046,0.063225,1.2680497074839858,26.80497074839858
2011-09-19,0.0,0.0,0.0,1.2680497074839858,26.80497074839858
2011-09-20,0.0,0.0,0.0,1.2680497074839858,26.80497074839858
2011-09-21,0.0,0.0,0.0,1.2680497074839858,26.80497074839858
2011-09-22,0.0,0.0,0.0,1.2680497074839858,26.80497074839858
2011-09-23,0.0,0.0,0.0,1.2680497074839858,26.80497074839858
2011-09-26,0.0,0.0,0.0,1.2680497074839858,26.80497074839858
2011-09-27,0.0,0.0,0.0,1.2680497074839858,26.80497074839858
2011-09-28,0.0,0.0,0.0,1.2680497074839858,26.80497074839858
2011-09-29,0.0,0.0,0.0,1.2680497074839858,26.80497074839858
2011-09-30,0.0,0.0,0.0,1.2680497074839858,26.80497074839858
2011-10-03,0.0,0.0,0.0,1.2680497074839858,26.80497074839858
2011-10-04,0.0,0.0,0.0,1.2680497074839858,26.80497074839858
2011-10-05,0.0,0.0,0.0,1.2680497074839858,26.80497074839858
2011-10-06,0.0,0.0,0.0,1.2680497074839858,26.80497074839858
2011-10-07,0.0,0.0,0.0,1.2680497074839858,26.80497074839858
2011-10-10,0.0,0.0,0.0,1.2680497074839858,26.80497074839858
2011-10-11,0.0,0.0,0.0,1.2680497074839858,26.80497074839858
2011-10-12,0.0,0.0,0.0,1.2680497074839858,26.80497074839858
2011-10-13,0.0,0.0,0.0,1.2680497074839858,26.80497074839858
2011-10-14,0.0,0.0,0.0,1.2680497074839858,26.80497074839858
2011-10-17,0.0,0.0,0.0,1.2680497074839858,26.80497074839858
2011-10-18,0.0,0.0,0.0,1.2680497074839858,26.80497074839858
2011-10-19,0.0,0.0,0.0,1.2680497074839858,26.80497074839858
2011-10-20,0.0,0.0,0.0,1.2680497074839858,26.80497074839858
2011-10-21,0.0,0.0,0.0,1.2680497074839858,26.80497074839858
2011-10-24,0.0,0.0,0.0,1.2680497074839858,26.80497074839858
2011-10-25,0.0,0.0,0.0,1.2680497074839858,26.80497074839858
2011-10-26,0.0,0.0,0.0,1.2680497074839858,26.80497074839858
2011-10-27,0.0,0.0,0.0,1.2680497074839858,26.80497074839858
2011-10-28,0.0,0.0,0.0,1.2680497074839858,26.80497074839858
2011-10-31,0.0,0.0,0.0,1.2680497074839858,26.80497074839858
2011-11-02,0.0,0.0,0.0,1.2680497074839858,26.80497074839858
2011-11-03,0.0,0.0,0.0,1.2680497074839858,26.80497074839858
2011-11-04,0.0,0.0,0.0,1.2680497074839858,26.80497074839858
2011-11-07,0.0,0.0,0.0,1.2680497074839858,26.80497074839858
2011-11-08,0.0,0.0,0.0,1.2680497074839858,26.80497074839858
2011-11-09,0.0,0.0,0.0,1.2680497074839858,26.80497074839858
2011-11-10,0.0,0.0,0.0,1.2680497074839858,26.80497074839858
2011-11-11,0.0,0.0,0.0,1.2680497074839858,26.80497074839858
2011-11-14,0.0,0.0,0.0,1.2680497074839858,26.80497074839858
2011-11-15,0.0,0.0,0.0,1.2680497074839858,26.80497074839858
2011-11-16,0.0,0.0,0.0,1.2680497074839858,26.80497074839858
2011-11-17,0.0,0.0,0.0,1.2680497074839858,26.80497074839858
2011-11-18,0.0,0.0,0.0,1.2680497074839858,26.80497074839858
2011-11-21,0.0,0.0,0.0,1.2680497074839858,26.80497074839858
2011-11-22,0.0,0.0,0.0,1.2680497074839858,26.80497074839858
2011-11-23,0.0,0.0,0.0,1.2680497074839858,26.80497074839858
2011-11-24,0.0,0.0,0.0,1.2680497074839858,26.80497074839858
2011-11-25,0.0,0.0,0.0,1.2680497074839858,26.80497074839858
2011-11-28,0.0,0.0,0.0,1.2680497074839858,26.80497074839858
2011-11-29,0.0,0.0,0.0,1.2680497074839858,26.80497074839858
2011-11-30,0.0,0.0,0.0,1.2680497074839858,26.80497074839858
2011-12-01,0.0,0.0,0.0,1.2680497074839858,26.80497074839858
2011-12-02,0.0,0.0,0.0,1.2680497074839858,26.80497074839858
2011-12-05,0.0,0.0,0.0,1.2680497074839858,26.80497074839858
2011-12-06,0.0,0.0,0.0,1.2680497074839858,26.80497074839858
2011-12-07,0.0,0.0,0.0,1.2680497074839858,26.80497074839858
2011-12-08,0.0,0.0,0.0,1.2680497074839858,26.80497074839858
2011-12-09,0.0,0.0,0.0,1.2680497074839858,26.80497074839858
2011-12-12,0.0,0.0,0.0,1.2680497074839858,26.80497074839858
2011-12-13,0.0,0.0,0.0,1.2680497074839858,26.80497074839858
2011-12-14,0.0,0.0,0.0,1.2680497074839858,26.80497074839858
2011-12-15,0.0,0.0,0.0,1.2680497074839858,26.80497074839858
2011-12-16,0.0,0.0,0.0,1.2680497074839858,26.80497074839858
2011-12-19,0.0,0.0,0.0,1.2680497074839858,26.80497074839858
2011-12-20,0.0,0.0,0.0,1.2680497074839858,26.80497074839858
2011-12-21,0.0,0.0,0.0,1.2680497074839858,26.80497074839858
2011-12-22,0.0,0.0,0.0,1.2680497074839858,26.80497074839858
2011-12-23,0.0,0.0,0.0,1.2680497074839858,26.80497074839858
2011-12-27,0.0,0.0,0.0,1.2680497074839858,26.80497074839858
2011-12-28,0.0,0.0,0.0,1.2680497074839858,26.80497074839858
2011-12-29,0.0,0.0,0.0,1.2680497074839858,26.80497074839858
2011-12-30,0.0,0.0,0.0,1.2680497074839858,26.80497074839858
2012-01-02,0.0,0.0,0.0,1.2680497074839858,26.80497074839858
2012-01-03,0.0,0.0,0.0,1.2680497074839858,26.80497074839858
2012-01-04,0.0,0.0,0.0,1.2680497074839858,26.80497074839858
2012-01-05,0.0,0.0,0.0,1.2680497074839858,26.80497074839858
2012-01-09,0.0,0.0,0.0,1.2680497074839858,26.80497074839858
2012-01-10,0.0,0.0,0.0,1.2680497074839858,26.80497074839858
2012-01-11,0.0,0.0,0.0,1.2680497074839858,26.80497074839858
2012-01-12,0.0,0.0,0.0,1.2680497074839858,26.80497074839858
2012-01-13,0.0,0.0,0.0,1.2680497074839858,26.80497074839858
2012-01-16,0.0,0.0,0.0,1.2680497074839858,26.80497074839858
2012-01-17,0.0,0.0,0.0,1.2680497074839858,26.80497074839858
2012-01-18,0.0,0.0,0.0,1.2680497074839858,26.80497074839858
2012-01-19,0.0,0.0,0.0,1.2680497074839858,26.80497074839858
2012-01-20,0.0,0.0,0.0,1.2680497074839858,26.80497074839858
2012-01-23,0.0,0.0,0.0,1.2680497074839858,26.80497074839858
2012-01-24,0.0,0.0,0.0,1.2680497074839858,26.80497074839858
2012-01-25,0.0,0.0,0.0,1.2680497074839858,26.80497074839858
2012-01-26,0.0,0.0,0.0,1.2680497074839858,26.80497074839858
2012-01-27,0.0,0.0,0.0,1.2680497074839858,26.80497074839858
2012-01-30,0.0,0.0,0.0,1.2680497074839858,26.80497074839858
2012-01-31,0.0,0.0,0.0,1.2680497074839858,26.80497074839858
2012-02-01,0.0,0.0,0.0,1.2680497074839858,26.80497074839858
2012-02-02,0.0,0.0,0.0,1.2680497074839858,26.80497074839858
2012-02-03,0.0,0.0,0.0,1.2680497074839858,26.80497074839858
2012-02-06,0.0,0.0,0.0,1.2680497074839858,26.80497074839858
2012-02-07,0.0,0.0,0.0,1.2680497074839858,26.80497074839858
2012-02-08,0.0,0.0,0.0,1.2680497074839858,26.80497074839858
2012-02-09,0.0,0.0,0.0,1.2680497074839858,26.80497074839858
2012-02-10,0.0,0.0,0.0,1.2680497074839858,26.80497074839858
2012-02-13,0.0,0.0,0.0,1.2680497074839858,26.80497074839858
2012-02-14,0.0,0.0,0.0,1.2680497074839858,26.80497074839858
2012-02-15,0.0,0.0,0.0,1.2680497074839858,26.80497074839858
2012-02-16,0.0,0.0,0.0,1.2680497074839858,26.80497074839858
2012-02-17,0.0,0.0,0.0,1.2680497074839858,26.80497074839858
2012-02-20,0.0,0.0,0.0,1.2680497074839858,26.80497074839858
2012-02-21,0.0,0.0,0.0,1.2680497074839858,26.80497074839858
2012-02-22,0.0,0.0,0.0,1.2680497074839858,26.80497074839858
2012-02-23,0.0,0.0,0.0,1.2680497074839858,26.80497074839858
2012-02-24,0.0,0.0,0.0,1.2680497074839858,26.80497074839858
2012-02-27,0.0,0.0,0.0,1.2680497074839858,26.80497074839858
2012-02-28,0.0,0.0,0.0,1.2680497074839858,26.80497074839858
2012-02-29,0.0,0.0,0.0,1.2680497074839858,26.80497074839858
2012-03-01,0.0,0.0,0.0,1.2680497074839858,26.80497074839858
2012-03-02,0.0,0.0,0.0,1.2680497074839858,26.80497074839858
2012-03-05,0.0,0.0,0.0,1.2680497074839858,26.80497074839858
2012-03-06,-0.004033333333333333,-0.0247,0.020666666666666667,1.2942560681053215,29.425606810532145
2012-03-07,-0.0005333333333333344,-0.0175,0.016966666666666668,1.316215279394175,31.621527939417504
2012-03-08,0.007666666666666667,0.0148,-0.0071333333333333335,1.3068262770678298,30.682627706782984
2012-03-09,0.014533333333333336,-0.04485,0.05938333333333334,1.3844299774877078,38.44299774877078
2012-03-12,-0.007899999999999999,-0.02225,0.01435,1.4042965476646565,40.42965476646565
2012-03-13,0.011899999999999999,-0.00185,0.013749999999999998,1.4236056251950455,42.360562519504555
2012-03-14,0.032766666666666666,-0.0011999999999999997,0.033966666666666666,1.4719607629308373,47.196076293083735
2012-03-15,0.04153333333333333,0.01585,0.025683333333333332,1.5097656218587776,50.97656218587776
2012-03-16,0.049466666666666666,-0.011199999999999998,0.06066666666666666,1.6013580695848768,60.13580695848768
2012-03-19,0.04956666666666667,0.0088,0.040766666666666666,1.6666401002216202,66.66401002216202
2012-03-20,0.0,0.0,0.0,1.6666401002216202,66.66401002216202
2012-03-21,0.0,0.0,0.0,1.6666401002216202,66.66401002216202
2012-03-22,0.0,0.0,0.0,1.6666401002216202,66.66401002216202
2012-03-23,0.0,0.0,0.0,1.6666401002216202,66.66401002216202
2012-03-26,0.0,0.0,0.0,1.6666401002216202,66.66401002216202
2012-03-27,0.0,0.0,0.0,1.6666401002216202,66.66401002216202
2012-03-28,0.0,0.0,0.0,1.6666401002216202,66.66401002216202
2012-03-29,0.0,0.0,0.0,1.6666401002216202,66.66401002216202
2012-03-30,0.0,0.0,0.0,1.6666401002216202,66.66401002216202
2012-04-02,0.0,0.0,0.0,1.6666401002216202,66.66401002216202
2012-04-03,0.0,0.0,0.0,1.6666401002216202,66.66401002216202
2012-04-04,0.0,0.0,0.0,1.6666401002216202,66.66401002216202
2012-04-05,0.0,0.0,0.0,1.6666401002216202,66.66401002216202
2012-04-06,0.0,0.0,0.0,1.6666401002216202,66.66401002216202
2012-04-10,0.0,0.0,0.0,1.6666401002216202,66.66401002216202
2012-04-11,0.0,0.0,0.0,1.6666401002216202,66.66401002216202
2012-04-12,0.0,0.0,0.0,1.6666401002216202,66.66401002216202
2012-04-13,0.0,0.0,0.0,1.6666401002216202,66.66401002216202
2012-04-16,0.0,0.0,0.0,1.6666401002216202,66.66401002216202
2012-04-17,0.0,0.0,0.0,1.6666401002216202,66.66401002216202
2012-04-18,0.0,0.0,0.0,1.6666401002216202,66.66401002216202
2012-04-19,0.0,0.0,0.0,1.6666401002216202,66.66401002216202
2012-04-20,0.0,0.0,0.0,1.6666401002216202,66.66401002216202
2012-04-23,0.0,0.0,0.0,1.6666401002216202,66.66401002216202
2012-04-24,0.0,0.0,0.0,1.6666401002216202,66.66401002216202
2012-04-25,0.0,0.0,0.0,1.6666401002216202,66.66401002216202
2012-04-26,0.0,0.0,0.0,1.6666401002216202,66.66401002216202
2012-04-27,0.0,0.0,0.0,1.6666401002216202,66.66401002216202
2012-04-30,0.0,0.0,0.0,1.6666401002216202,66.66401002216202
2012-05-02,0.0,0.0,0.0,1.6666401002216202,66.66401002216202
2012-05-03,0.0,0.0,0.0,1.6666401002216202,66.66401002216202
2012-05-04,0.0,0.0,0.0,1.6666401002216202,66.66401002216202
2012-05-07,0.0,0.0,0.0,1.6666401002216202,66.66401002216202
2012-05-08,0.0,0.0,0.0,1.6666401002216202,66.66401002216202
2012-05-09,0.0,0.0,0.0,1.6666401002216202,66.66401002216202
2012-05-10,0.0,0.0,0.0,1.6666401002216202,66.66401002216202
2012-05-11,0.0,0.0,0.0,1.6666401002216202,66.66401002216202
2012-05-14,0.0,0.0,0.0,1.6666401002216202,66.66401002216202
2012-05-15,0.0,0.0,0.0,1.6666401002216202,66.66401002216202
2012-05-16,0.0,0.0,0.0,1.6666401002216202,66.66401002216202
2012-05-17,0.0,0.0,0.0,1.6666401002216202,66.66401002216202
2012-05-18,0.0,0.0,0.0,1.6666401002216202,66.66401002216202
2012-05-21,0.0,0.0,0.0,1.6666401002216202,66.66401002216202
2012-05-22,0.0,0.0,0.0,1.6666401002216202,66.66401002216202
2012-05-23,0.0,0.0,0.0,1.6666401002216202,66.66401002216202
2012-05-24,0.0,0.0,0.0,1.6666401002216202,66.66401002216202
2012-05-25,0.0,0.0,0.0,1.6666401002216202,66.66401002216202
2012-05-28,0.0,0.0,0.0,1.6666401002216202,66.66401002216202
2012-05-29,0.0,0.0,0.0,1.6666401002216202,66.66401002216202
2012-05-30,0.0,0.0,0.0,1.6666401002216202,66.66401002216202
2012-05-31,0.0,0.0,0.0,1.6666401002216202,66.66401002216202
2012-06-01,0.0,0.0,0.0,1.6666401002216202,66.66401002216202
2012-06-04,0.0,0.0,0.0,1.6666401002216202,66.66401002216202
2012-06-05,0.0,0.0,0.0,1.6666401002216202,66.66401002216202
2012-06-06,0.0,0.0,0.0,1.6666401002216202,66.66401002216202
2012-06-08,0.0,0.0,0.0,1.6666401002216202,66.66401002216202
2012-06-11,0.0,0.0,0.0,1.6666401002216202,66.66401002216202
2012-06-12,0.0,0.0,0.0,1.6666401002216202,66.66401002216202
2012-06-13,0.0,0.0,0.0,1.6666401002216202,66.66401002216202
2012-06-14,0.0,0.0,0.0,1.6666401002216202,66.66401002216202
2012-06-15,0.0,0.0,0.0,1.6666401002216202,66.66401002216202
2012-06-18,0.0,0.0,0.0,1.6666401002216202,66.66401002216202
2012-06-19,0.0,0.0,0.0,1.6666401002216202,66.66401002216202
2012-06-20,0.0,0.0,0.0,1.6666401002216202,66.66401002216202
2012-06-21,0.0,0.0,0.0,1.6666401002216202,66.66401002216202
2012-06-26,0.0,0.0,0.0,1.6666401002216202,66.66401002216202
2012-06-27,0.0,0.0,0.0,1.6666401002216202,66.66401002216202
2012-06-28,0.0,0.0,0.0,1.6666401002216202,66.66401002216202
2012-06-29,0.0,0.0,0.0,1.6666401002216202,66.66401002216202
2012-07-02,0.0,0.0,0.0,1.6666401002216202,66.66401002216202
2012-07-03,0.0,0.0,0.0,1.6666401002216202,66.66401002216202
2012-07-04,0.0,0.0,0.0,1.6666401002216202,66.66401002216202
2012-07-05,0.0,0.0,0.0,1.6666401002216202,66.66401002216202
2012-07-06,0.0,0.0,0.0,1.6666401002216202,66.66401002216202
2012-07-09,0.0,0.0,0.0,1.6666401002216202,66.66401002216202
2012-07-10,0.0,0.0,0.0,1.6666401002216202,66.66401002216202
2012-07-11,0.0,0.0,0.0,1.6666401002216202,66.66401002216202
2012-07-12,0.0,0.0,0.0,1.6666401002216202,66.66401002216202
2012-07-13,0.0,0.0,0.0,1.6666401002216202,66.66401002216202
2012-07-16,0.0,0.0,0.0,1.6666401002216202,66.66401002216202
2012-07-17,0.0,0.0,0.0,1.6666401002216202,66.66401002216202
2012-07-18,0.0,0.0,0.0,1.6666401002216202,66.66401002216202
2012-07-19,0.0,0.0,0.0,1.6666401002216202,66.66401002216202
2012-07-20,0.0,0.0,0.0,1.6666401002216202,66.66401002216202
2012-07-23,0.0,0.0,0.0,1.6666401002216202,66.66401002216202
2012-07-24,0.0,0.0,0.0,1.6666401002216202,66.66401002216202
2012-07-25,0.0,0.0,0.0,1.6666401002216202,66.66401002216202
2012-07-26,0.0,0.0,0.0,1.6666401002216202,66.66401002216202
2012-07-27,0.0,0.0,0.0,1.6666401002216202,66.66401002216202
2012-07-30,0.0,0.0,0.0,1.6666401002216202,66.66401002216202
2012-07-31,0.0,0.0,0.0,1.6666401002216202,66.66401002216202
2012-08-01,0.0,0.0,0.0,1.6666401002216202,66.66401002216202
2012-08-02,0.0,0.0,0.0,1.6666401002216202,66.66401002216202
2012-08-03,0.0,0.0,0.0,1.6666401002216202,66.66401002216202
2012-08-06,0.0,0.0,0.0,1.6666401002216202,66.66401002216202
2012-08-07,0.0,0.0,0.0,1.6666401002216202,66.66401002216202
2012-08-08,0.0,0.0,0.0,1.6666401002216202,66.66401002216202
2012-08-09,0.0,0.0,0.0,1.6666401002216202,66.66401002216202
2012-08-10,0.0,0.0,0.0,1.6666401002216202,66.66401002216202
2012-08-13,0.0,0.0,0.0,1.6666401002216202,66.66401002216202
2012-08-14,0.0,0.0,0.0,1.6666401002216202,66.66401002216202
2012-08-16,0.0,0.0,0.0,1.6666401002216202,66.66401002216202
2012-08-17,0.0,0.0,0.0,1.6666401002216202,66.66401002216202
2012-08-20,0.0,0.0,0.0,1.6666401002216202,66.66401002216202
2012-08-21,0.0,0.0,0.0,1.6666401002216202,66.66401002216202
2012-08-22,0.0,0.0,0.0,1.6666401002216202,66.66401002216202
2012-08-23,0.0,0.0,0.0,1.6666401002216202,66.66401002216202
2012-08-24,0.0,0.0,0.0,1.6666401002216202,66.66401002216202
2012-08-27,0.0,0.0,0.0,1.6666401002216202,66.66401002216202
2012-08-28,0.0,0.0,0.0,1.6666401002216202,66.66401002216202
2012-08-29,0.0,0.0,0.0,1.6666401002216202,66.66401002216202
2012-08-30,0.0,0.0,0.0,1.6666401002216202,66.66401002216202
2012-08-31,0.0,0.0,0.0,1.6666401002216202,66.66401002216202
2012-09-03,0.0,0.0,0.0,1.6666401002216202,66.66401002216202
2012-09-04,0.0,0.0,0.0,1.6666401002216202,66.66401002216202
2012-09-05,-0.0039499999999999995,0.0035499999999999998,-0.0075,1.654140299469958,65.41402994699581
2012-09-06,0.0172,0.02455,-0.007349999999999999,1.641982368268854,64.19823682688539
2012-09-07,0.0036499999999999996,0.02435,-0.0207,1.6079933332456886,60.79933332456886
2012-09-10,-0.00705,0.0135,-0.02055,1.5749490702474898,57.494907024748976
2012-09-11,-0.00125,-0.02105,0.019799999999999998,1.6061330618383902,60.61330618383902
2012-09-12,0.0136,0.0234,-0.009800000000000001,1.5903929578323739,59.03929578323739
2012-09-13,-0.00275,0.0023500000000000005,-0.0051,1.5822819537474289,58.22819537474289
2012-09-14,0.0018,0.0203,-0.0185,1.5530097376031016,55.30097376031016
2012-09-17,-0.01905,-0.0195,0.000449999999999999,1.553708591985023,55.37085919850231
2012-09-18,0.01145,-0.01705,0.028499999999999998,1.5979892868565961,59.79892868565961
2012-09-19,0.00355,0.015200000000000002,-0.01165,1.5793727116647167,57.937271166471675
2012-09-20,0.001850000000000001,-0.03755,0.039400000000000004,1.6415999965043067,64.15999965043066
2012-09-21,0.011349999999999999,-0.01915,0.0305,1.691668796397688,69.1668796397688
2012-09-24,-0.007,0.0305,-0.0375,1.6282312165327748,62.82312165327748
2012-09-25,0.0,0.0,0.0,1.6282312165327748,62.82312165327748
2012-09-26,0.0,0.0,0.0,1.6282312165327748,62.82312165327748
2012-09-27,0.0,0.0,0.0,1.6282312165327748,62.82312165327748
2012-09-28,0.0,0.0,0.0,1.6282312165327748,62.82312165327748
2012-10-01,0.0,0.0,0.0,1.6282312165327748,62.82312165327748
2012-10-02,0.0,0.0,0.0,1.6282312165327748,62.82312165327748
2012-10-03,0.0,0.0,0.0,1.6282312165327748,62.82312165327748
2012-10-04,0.0,0.0,0.0,1.6282312165327748,62.82312165327748
2012-10-05,0.0,0.0,0.0,1.6282312165327748,62.82312165327748
2012-10-09,0.0,0.0,0.0,1.6282312165327748,62.82312165327748
2012-10-10,0.0,0.0,0.0,1.6282312165327748,62.82312165327748
2012-10-11,0.0,0.0,0.0,1.6282312165327748,62.82312165327748
2012-10-12,0.0,0.0,0.0,1.6282312165327748,62.82312165327748
2012-10-15,0.0,0.0,0.0,1.6282312165327748,62.82312165327748
2012-10-16,0.0,0.0,0.0,1.6282312165327748,62.82312165327748
2012-10-17,0.0,0.0,0.0,1.6282312165327748,62.82312165327748
2012-10-18,0.0,0.0,0.0,1.6282312165327748,62.82312165327748
2012-10-19,0.0,0.0,0.0,1.6282312165327748,62.82312165327748
2012-10-22,0.0,0.0,0.0,1.6282312165327748,62.82312165327748
2012-10-23,0.0,0.0,0.0,1.6282312165327748,62.82312165327748
2012-10-24,0.0,0.0,0.0,1.6282312165327748,62.82312165327748
2012-10-25,0.0,0.0,0.0,1.6282312165327748,62.82312165327748
2012-10-26,0.0,0.0,0.0,1.6282312165327748,62.82312165327748
2012-10-29,0.0,0.0,0.0,1.6282312165327748,62.82312165327748
2012-10-30,0.0,0.0,0.0,1.6282312165327748,62.82312165327748
2012-10-31,0.0,0.0,0.0,1.6282312165327748,62.82312165327748
2012-11-02,0.0,0.0,0.0,1.6282312165327748,62.82312165327748
2012-11-05,0.0,0.0,0.0,1.6282312165327748,62.82312165327748
2012-11-06,0.0,0.0,0.0,1.6282312165327748,62.82312165327748
2012-11-07,0.0,0.0,0.0,1.6282312165327748,62.82312165327748
2012-11-08,0.0,0.0,0.0,1.6282312165327748,62.82312165327748
2012-11-09,0.0,0.0,0.0,1.6282312165327748,62.82312165327748
2012-11-12,0.0,0.0,0.0,1.6282312165327748,62.82312165327748
2012-11-13,0.0,0.0,0.0,1.6282312165327748,62.82312165327748
2012-11-14,0.0,0.0,0.0,1.6282312165327748,62.82312165327748
2012-11-15,0.0,0.0,0.0,1.6282312165327748,62.82312165327748
2012-11-16,0.0,0.0,0.0,1.6282312165327748,62.82312165327748
2012-11-19,0.0,0.0,0.0,1.6282312165327748,62.82312165327748
2012-11-20,0.0,0.0,0.0,1.6282312165327748,62.82312165327748
2012-11-21,0.0,0.0,0.0,1.6282312165327748,62.82312165327748
2012-11-22,0.0,0.0,0.0,1.6282312165327748,62.82312165327748
2012-11-23,0.0,0.0,0.0,1.6282312165327748,62.82312165327748
2012-11-26,0.0,0.0,0.0,1.6282312165327748,62.82312165327748
2012-11-27,0.0,0.0,0.0,1.6282312165327748,62.82312165327748
2012-11-28,0.0,0.0,0.0,1.6282312165327748,62.82312165327748
2012-11-29,0.0,0.0,0.0,1.6282312165327748,62.82312165327748
2012-11-30,0.0,0.0,0.0,1.6282312165327748,62.82312165327748
2012-12-03,0.0,0.0,0.0,1.6282312165327748,62.82312165327748
2012-12-04,0.0,0.0,0.0,1.6282312165327748,62.82312165327748
2012-12-05,0.0,0.0,0.0,1.6282312165327748,62.82312165327748
2012-12-06,0.0,0.0,0.0,1.6282312165327748,62.82312165327748
2012-12-07,0.0,0.0,0.0,1.6282312165327748,62.82312165327748
2012-12-10,0.0,0.0,0.0,1.6282312165327748,62.82312165327748
2012-12-11,0.0,0.0,0.0,1.6282312165327748,62.82312165327748
2012-12-12,0.0,0.0,0.0,1.6282312165327748,62.82312165327748
2012-12-13,0.0,0.0,0.0,1.6282312165327748,62.82312165327748
2012-12-14,0.0,0.0,0.0,1.6282312165327748,62.82312165327748
2012-12-17,0.0,0.0,0.0,1.6282312165327748,62.82312165327748
2012-12-18,0.0,0.0,0.0,1.6282312165327748,62.82312165327748
2012-12-19,0.0,0.0,0.0,1.6282312165327748,62.82312165327748
2012-12-20,0.0,0.0,0.0,1.6282312165327748,62.82312165327748
2012-12-21,0.0,0.0,0.0,1.6282312165327748,62.82312165327748
2012-12-24,0.0,0.0,0.0,1.6282312165327748,62.82312165327748
2012-12-27,0.0,0.0,0.0,1.6282312165327748,62.82312165327748
2012-12-28,0.0,0.0,0.0,1.6282312165327748,62.82312165327748
2012-12-31,0.0,0.0,0.0,1.6282312165327748,62.82312165327748
2013-01-02,0.0,0.0,0.0,1.6282312165327748,62.82312165327748
2013-01-03,0.0,0.0,0.0,1.6282312165327748,62.82312165327748
2013-01-04,0.0,0.0,0.0,1.6282312165327748,62.82312165327748
2013-01-07,0.0,0.0,0.0,1.6282312165327748,62.82312165327748
2013-01-08,0.0,0.0,0.0,1.6282312165327748,62.82312165327748
2013-01-09,0.0,0.0,0.0,1.6282312165327748,62.82312165327748
2013-01-10,0.0,0.0,0.0,1.6282312165327748,62.82312165327748
2013-01-11,0.0,0.0,0.0,1.6282312165327748,62.82312165327748
2013-01-14,0.0,0.0,0.0,1.6282312165327748,62.82312165327748
2013-01-15,0.0,0.0,0.0,1.6282312165327748,62.82312165327748
2013-01-16,0.0,0.0,0.0,1.6282312165327748,62.82312165327748
2013-01-17,0.0,0.0,0.0,1.6282312165327748,62.82312165327748
2013-01-18,0.0,0.0,0.0,1.6282312165327748,62.82312165327748
2013-01-21,0.0,0.0,0.0,1.6282312165327748,62.82312165327748
2013-01-22,0.0,0.0,0.0,1.6282312165327748,62.82312165327748
2013-01-23,0.0,0.0,0.0,1.6282312165327748,62.82312165327748
2013-01-24,0.0,0.0,0.0,1.6282312165327748,62.82312165327748
2013-01-25,0.0,0.0,0.0,1.6282312165327748,62.82312165327748
2013-01-28,0.0,0.0,0.0,1.6282312165327748,62.82312165327748
2013-01-29,0.0,0.0,0.0,1.6282312165327748,62.82312165327748
2013-01-30,0.0,0.0,0.0,1.6282312165327748,62.82312165327748
2013-01-31,0.0,0.0,0.0,1.6282312165327748,62.82312165327748
2013-02-01,0.0,0.0,0.0,1.6282312165327748,62.82312165327748
2013-02-04,0.0,0.0,0.0,1.6282312165327748,62.82312165327748
2013-02-05,0.0,0.0,0.0,1.6282312165327748,62.82312165327748
2013-02-06,0.0,0.0,0.0,1.6282312165327748,62.82312165327748
2013-02-07,0.0,0.0,0.0,1.6282312165327748,62.82312165327748
2013-02-08,0.0,0.0,0.0,1.6282312165327748,62.82312165327748
2013-02-11,0.0,0.0,0.0,1.6282312165327748,62.82312165327748
2013-02-12,0.0,0.0,0.0,1.6282312165327748,62.82312165327748
2013-02-13,0.0,0.0,0.0,1.6282312165327748,62.82312165327748
2013-02-14,0.0,0.0,0.0,1.6282312165327748,62.82312165327748
2013-02-15,0.0,0.0,0.0,1.6282312165327748,62.82312165327748
2013-02-18,0.0,0.0,0.0,1.6282312165327748,62.82312165327748
2013-02-19,0.0,0.0,0.0,1.6282312165327748,62.82312165327748
2013-02-20,0.0,0.0,0.0,1.6282312165327748,62.82312165327748
2013-02-21,0.0,0.0,0.0,1.6282312165327748,62.82312165327748
2013-02-22,0.0,0.0,0.0,1.6282312165327748,62.82312165327748
2013-02-25,0.0,0.0,0.0,1.6282312165327748,62.82312165327748
2013-02-26,0.0,0.0,0.0,1.6282312165327748,62.82312165327748
2013-02-27,0.0,0.0,0.0,1.6282312165327748,62.82312165327748
2013-02-28,0.0,0.0,0.0,1.6282312165327748,62.82312165327748
2013-03-01,0.0,0.0,0.0,1.6282312165327748,62.82312165327748
2013-03-04,0.0,0.0,0.0,1.6282312165327748,62.82312165327748
2013-03-05,0.0,0.0,0.0,1.6282312165327748,62.82312165327748
2013-03-06,-0.0125,0.00025,-0.012750000000000001,1.6074712685219819,60.747126852198186
2013-03-07,-0.0158,0.017499999999999998,-0.033299999999999996,1.5539424752801998,55.39424752801998
2013-03-08,0.0235,-0.0049,0.0284,1.5980744415781574,59.80744415781574
2013-03-11,0.07775,0.0004,0.07735,1.721685499634228,72.16854996342279
2013-03-12,0.1906,-0.01665,0.20725,2.0785048194334217,107.85048194334217
2013-03-13,0.043149999999999994,0.010249999999999999,0.0329,2.1468876279927813,114.68876279927814
2013-03-14,-0.10595,0.00225,-0.1082,1.9145943866439625,91.45943866439626
2013-03-15,-0.043750000000000004,-0.0072,-0.036550000000000006,1.8446159618121258,84.46159618121258
2013-03-18,0.0923,0.0009500000000000001,0.09134999999999999,2.0131216299236634,101.31216299236634
2013-03-19,0.0,0.0,0.0,2.0131216299236634,101.31216299236634
2013-03-20,0.0,0.0,0.0,2.0131216299236634,101.31216299236634
2013-03-21,0.0,0.0,0.0,2.0131216299236634,101.31216299236634
2013-03-22,0.0,0.0,0.0,2.0131216299236634,101.31216299236634
2013-03-25,0.0,0.0,0.0,2.0131216299236634,101.31216299236634
2013-03-26,0.0,0.0,0.0,2.0131216299236634,101.31216299236634
2013-03-27,0.0,0.0,0.0,2.0131216299236634,101.31216299236634
2013-03-28,0.0,0.0,0.0,2.0131216299236634,101.31216299236634
2013-03-29,0.0,0.0,0.0,2.0131216299236634,101.31216299236634
2013-04-02,0.0,0.0,0.0,2.0131216299236634,101.31216299236634
2013-04-03,0.0,0.0,0.0,2.0131216299236634,101.31216299236634
2013-04-04,0.0,0.0,0.0,2.0131216299236634,101.31216299236634
2013-04-05,0.0,0.0,0.0,2.0131216299236634,101.31216299236634
2013-04-08,0.0,0.0,0.0,2.0131216299236634,101.31216299236634
2013-04-09,0.0,0.0,0.0,2.0131216299236634,101.31216299236634
2013-04-10,0.0,0.0,0.0,2.0131216299236634,101.31216299236634
2013-04-11,0.0,0.0,0.0,2.0131216299236634,101.31216299236634
2013-04-12,0.0,0.0,0.0,2.0131216299236634,101.31216299236634
2013-04-15,0.0,0.0,0.0,2.0131216299236634,101.31216299236634
2013-04-16,0.0,0.0,0.0,2.0131216299236634,101.31216299236634
2013-04-17,0.0,0.0,0.0,2.0131216299236634,101.31216299236634
2013-04-18,0.0,0.0,0.0,2.0131216299236634,101.31216299236634
2013-04-19,0.0,0.0,0.0,2.0131216299236634,101.31216299236634
2013-04-22,0.0,0.0,0.0,2.0131216299236634,101.31216299236634
2013-04-23,0.0,0.0,0.0,2.0131216299236634,101.31216299236634
2013-04-24,0.0,0.0,0.0,2.0131216299236634,101.31216299236634
2013-04-25,0.0,0.0,0.0,2.0131216299236634,101.31216299236634
2013-04-26,0.0,0.0,0.0,2.0131216299236634,101.31216299236634
2013-04-29,0.0,0.0,0.0,2.0131216299236634,101.31216299236634
2013-04-30,0.0,0.0,0.0,2.0131216299236634,101.31216299236634
2013-05-02,0.0,0.0,0.0,2.0131216299236634,101.31216299236634
2013-05-03,0.0,0.0,0.0,2.0131216299236634,101.31216299236634
2013-05-06,0.0,0.0,0.0,2.0131216299236634,101.31216299236634
2013-05-07,0.0,0.0,0.0,2.0131216299236634,101.31216299236634
2013-05-08,0.0,0.0,0.0,2.0131216299236634,101.31216299236634
2013-05-09,0.0,0.0,0.0,2.0131216299236634,101.31216299236634
2013-05-10,0.0,0.0,0.0,2.0131216299236634,101.31216299236634
2013-05-13,0.0,0.0,0.0,2.0131216299236634,101.31216299236634
2013-05-14,0.0,0.0,0.0,2.0131216299236634,101.31216299236634
2013-05-15,0.0,0.0,0.0,2.0131216299236634,101.31216299236634
2013-05-16,0.0,0.0,0.0,2.0131216299236634,101.31216299236634
2013-05-17,0.0,0.0,0.0,2.0131216299236634,101.31216299236634
2013-05-20,0.0,0.0,0.0,2.0131216299236634,101.31216299236634
2013-05-21,0.0,0.0,0.0,2.0131216299236634,101.31216299236634
2013-05-22,0.0,0.0,0.0,2.0131216299236634,101.31216299236634
2013-05-23,0.0,0.0,0.0,2.0131216299236634,101.31216299236634
2013-05-24,0.0,0.0,0.0,2.0131216299236634,101.31216299236634
2013-05-27,0.0,0.0,0.0,2.0131216299236634,101.31216299236634
2013-05-28,0.0,0.0,0.0,2.0131216299236634,101.31216299236634
2013-05-29,0.0,0.0,0.0,2.0131216299236634,101.31216299236634
2013-05-31,0.0,0.0,0.0,2.0131216299236634,101.31216299236634
2013-06-03,0.0,0.0,0.0,2.0131216299236634,101.31216299236634
2013-06-04,0.0,0.0,0.0,2.0131216299236634,101.31216299236634
2013-06-05,0.0,0.0,0.0,2.0131216299236634,101.31216299236634
2013-06-06,0.0,0.0,0.0,2.0131216299236634,101.31216299236634
2013-06-07,0.0,0.0,0.0,2.0131216299236634,101.31216299236634
2013-06-10,0.0,0.0,0.0,2.0131216299236634,101.31216299236634
2013-06-11,0.0,0.0,0.0,2.0131216299236634,101.31216299236634
2013-06-12,0.0,0.0,0.0,2.0131216299236634,101.31216299236634
2013-06-13,0.0,0.0,0.0,2.0131216299236634,101.31216299236634
2013-06-14,0.0,0.0,0.0,2.0131216299236634,101.31216299236634
2013-06-17,0.0,0.0,0.0,2.0131216299236634,101.31216299236634
2013-06-18,0.0,0.0,0.0,2.0131216299236634,101.31216299236634
2013-06-19,0.0,0.0,0.0,2.0131216299236634,101.31216299236634
2013-06-20,0.0,0.0,0.0,2.0131216299236634,101.31216299236634
2013-06-21,0.0,0.0,0.0,2.0131216299236634,101.31216299236634
2013-06-24,0.0,0.0,0.0,2.0131216299236634,101.31216299236634
2013-06-26,0.0,0.0,0.0,2.0131216299236634,101.31216299236634
2013-06-27,0.0,0.0,0.0,2.0131216299236634,101.31216299236634
2013-06-28,0.0,0.0,0.0,2.0131216299236634,101.31216299236634
2013-07-01,0.0,0.0,0.0,2.0131216299236634,101.31216299236634
2013-07-02,0.0,0.0,0.0,2.0131216299236634,101.31216299236634
2013-07-03,0.0,0.0,0.0,2.0131216299236634,101.31216299236634
2013-07-04,0.0,0.0,0.0,2.0131216299236634,101.31216299236634
2013-07-05,0.0,0.0,0.0,2.0131216299236634,101.31216299236634
2013-07-08,0.0,0.0,0.0,2.0131216299236634,101.31216299236634
2013-07-09,0.0,0.0,0.0,2.0131216299236634,101.31216299236634
2013-07-10,0.0,0.0,0.0,2.0131216299236634,101.31216299236634
2013-07-11,0.0,0.0,0.0,2.0131216299236634,101.31216299236634
2013-07-12,0.0,0.0,0.0,2.0131216299236634,101.31216299236634
2013-07-15,0.0,0.0,0.0,2.0131216299236634,101.31216299236634
2013-07-16,0.0,0.0,0.0,2.0131216299236634,101.31216299236634
2013-07-17,0.0,0.0,0.0,2.0131216299236634,101.31216299236634
2013-07-18,0.0,0.0,0.0,2.0131216299236634,101.31216299236634
2013-07-19,0.0,0.0,0.0,2.0131216299236634,101.31216299236634
2013-07-22,0.0,0.0,0.0,2.0131216299236634,101.31216299236634
2013-07-23,0.0,0.0,0.0,2.0131216299236634,101.31216299236634
2013-07-24,0.0,0.0,0.0,2.0131216299236634,101.31216299236634
2013-07-25,0.0,0.0,0.0,2.0131216299236634,101.31216299236634
2013-07-26,0.0,0.0,0.0,2.0131216299236634,101.31216299236634
2013-07-29,0.0,0.0,0.0,2.0131216299236634,101.31216299236634
2013-07-30,0.0,0.0,0.0,2.0131216299236634,101.31216299236634
2013-07-31,0.0,0.0,0.0,2.0131216299236634,101.31216299236634
2013-08-01,0.0,0.0,0.0,2.0131216299236634,101.31216299236634
2013-08-02,0.0,0.0,0.0,2.0131216299236634,101.31216299236634
2013-08-06,0.0,0.0,0.0,2.0131216299236634,101.31216299236634
2013-08-07,0.0,0.0,0.0,2.0131216299236634,101.31216299236634
2013-08-08,0.0,0.0,0.0,2.0131216299236634,101.31216299236634
2013-08-09,0.0,0.0,0.0,2.0131216299236634,101.31216299236634
2013-08-12,0.0,0.0,0.0,2.0131216299236634,101.31216299236634
2013-08-13,0.0,0.0,0.0,2.0131216299236634,101.31216299236634
2013-08-14,0.0,0.0,0.0,2.0131216299236634,101.31216299236634
2013-08-16,0.0,0.0,0.0,2.0131216299236634,101.31216299236634
2013-08-19,0.0,0.0,0.0,2.0131216299236634,101.31216299236634
2013-08-20,0.0,0.0,0.0,2.0131216299236634,101.31216299236634
2013-08-21,0.0,0.0,0.0,2.0131216299236634,101.31216299236634
2013-08-22,0.0,0.0,0.0,2.0131216299236634,101.31216299236634
2013-08-23,0.0,0.0,0.0,2.0131216299236634,101.31216299236634
2013-08-26,0.0,0.0,0.0,2.0131216299236634,101.31216299236634
2013-08-27,0.0,0.0,0.0,2.0131216299236634,101.31216299236634
2013-08-28,0.0,0.0,0.0,2.0131216299236634,101.31216299236634
2013-08-29,0.0,0.0,0.0,2.0131216299236634,101.31216299236634
2013-08-30,0.0,0.0,0.0,2.0131216299236634,101.31216299236634
2013-09-02,0.0,0.0,0.0,2.0131216299236634,101.31216299236634
2013-09-03,0.0,0.0,0.0,2.0131216299236634,101.31216299236634
2013-09-04,0.0,0.0,0.0,2.0131216299236634,101.31216299236634
2013-09-05,0.0,0.0,0.0,2.0131216299236634,101.31216299236634
2013-09-06,-0.0159,-0.0239,0.008,2.029226602963053,102.92266029630528
2013-09-09,-0.00155,0.0027750000000000006,-0.004325000000000001,2.0204501979052374,102.04501979052374
2013-09-10,-0.009399999999999999,-0.003974999999999999,-0.005424999999999999,2.0094892555816015,100.94892555816016
2013-09-11,0.0,-0.0024,0.0024,2.0143120297949975,101.43120297949974
2013-09-12,-0.0023,-0.0036750000000000003,0.0013750000000000004,2.0170817088359656,101.70817088359657
2013-09-13,-0.0062,-0.0043,-0.0018999999999999998,2.0132492535891773,101.32492535891772
2013-09-16,-0.0259,-0.00115,-0.02475,1.963421334562845,96.3421334562845
2013-09-17,0.01625,0.0016249999999999997,0.014625,1.992136371580827,99.21363715808269
2013-09-18,0.0013499999999999996,0.001275,7.499999999999955e-05,1.9922857818086956,99.22857818086956
2013-09-19,-0.00665,0.0009249999999999998,-0.007574999999999999,1.9771942170114947,97.71942170114947
2013-09-20,0.0073,-0.029124999999999998,0.036425,2.0492135163661382,104.92135163661382
2013-09-23,-0.00025,0.0114,-0.01165,2.0253401789004726,102.53401789004725
2013-09-24,0.0,0.0,0.0,2.0253401789004726,102.53401789004725
2013-09-25,0.0,0.0,0.0,2.0253401789004726,102.53401789004725
2013-09-26,0.0,0.0,0.0,2.0253401789004726,102.53401789004725
2013-09-27,0.0,0.0,0.0,2.0253401789004726,102.53401789004725
2013-09-30,0.0,0.0,0.0,2.0253401789004726,102.53401789004725
2013-10-01,0.0,0.0,0.0,2.0253401789004726,102.53401789004725
2013-10-02,0.0,0.0,0.0,2.0253401789004726,102.53401789004725
2013-10-03,0.0,0.0,0.0,2.0253401789004726,102.53401789004725
2013-10-04,0.0,0.0,0.0,2.0253401789004726,102.53401789004725
2013-10-07,0.0,0.0,0.0,2.0253401789004726,102.53401789004725
2013-10-09,0.0,0.0,0.0,2.0253401789004726,102.53401789004725
2013-10-10,0.0,0.0,0.0,2.0253401789004726,102.53401789004725
2013-10-11,0.0,0.0,0.0,2.0253401789004726,102.53401789004725
2013-10-14,0.0,0.0,0.0,2.0253401789004726,102.53401789004725
2013-10-15,0.0,0.0,0.0,2.0253401789004726,102.53401789004725
2013-10-16,0.0,0.0,0.0,2.0253401789004726,102.53401789004725
2013-10-17,0.0,0.0,0.0,2.0253401789004726,102.53401789004725
2013-10-18,0.0,0.0,0.0,2.0253401789004726,102.53401789004725
2013-10-21,0.0,0.0,0.0,2.0253401789004726,102.53401789004725
2013-10-22,0.0,0.0,0.0,2.0253401789004726,102.53401789004725
2013-10-23,0.0,0.0,0.0,2.0253401789004726,102.53401789004725
2013-10-24,0.0,0.0,0.0,2.0253401789004726,102.53401789004725
2013-10-25,0.0,0.0,0.0,2.0253401789004726,102.53401789004725
2013-10-28,0.0,0.0,0.0,2.0253401789004726,102.53401789004725
2013-10-29,0.0,0.0,0.0,2.0253401789004726,102.53401789004725
2013-10-30,0.0,0.0,0.0,2.0253401789004726,102.53401789004725
2013-10-31,0.0,0.0,0.0,2.0253401789004726,102.53401789004725
2013-11-04,0.0,0.0,0.0,2.0253401789004726,102.53401789004725
2013-11-05,0.0,0.0,0.0,2.0253401789004726,102.53401789004725
2013-11-06,0.0,0.0,0.0,2.0253401789004726,102.53401789004725
2013-11-07,0.0,0.0,0.0,2.0253401789004726,102.53401789004725
2013-11-08,0.0,0.0,0.0,2.0253401789004726,102.53401789004725
2013-11-11,0.0,0.0,0.0,2.0253401789004726,102.53401789004725
2013-11-12,0.0,0.0,0.0,2.0253401789004726,102.53401789004725
2013-11-13,0.0,0.0,0.0,2.0253401789004726,102.53401789004725
2013-11-14,0.0,0.0,0.0,2.0253401789004726,102.53401789004725
2013-11-15,0.0,0.0,0.0,2.0253401789004726,102.53401789004725
2013-11-18,0.0,0.0,0.0,2.0253401789004726,102.53401789004725
2013-11-19,0.0,0.0,0.0,2.0253401789004726,102.53401789004725
2013-11-20,0.0,0.0,0.0,2.0253401789004726,102.53401789004725
2013-11-21,0.0,0.0,0.0,2.0253401789004726,102.53401789004725
2013-11-22,0.0,0.0,0.0,2.0253401789004726,102.53401789004725
2013-11-25,0.0,0.0,0.0,2.0253401789004726,102.53401789004725
2013-11-26,0.0,0.0,0.0,2.0253401789004726,102.53401789004725
2013-11-27,0.0,-0.1496,0.1496,2.3283310696639834,132.83310696639833
2013-11-28,0.0,-0.5934,0.5934,3.709962726402591,270.9962726402591
2013-11-29,0.0,0.2457,-0.2457,2.7984248845254744,179.84248845254746
2013-12-02,0.0,0.025,-0.025,2.7284642624123374,172.84642624123373
2013-12-03,0.0,-0.1929,0.1929,3.2547850186316776,225.47850186316776
2013-12-04,0.0,-0.2107,0.2107,3.9405682220573723,294.05682220573726
2013-12-05,0.0,0.0081,-0.0081,3.9086496194587075,290.86496194587073
2013-12-06,0.0,0.097,-0.097,3.529510606371213,252.9510606371213
2013-12-09,0.0,-0.0303,0.0303,3.6364547777442606,263.64547777442607
2013-12-10,0.0,0.0105,-0.0105,3.598272002577946,259.8272002577946
2013-12-11,0.0,-0.0814,0.0814,3.8911713435877906,289.1171343587791
2013-12-12,0.0,0.0647,-0.0647,3.6394125576576606,263.9412557657661
2013-12-13,0.0,0.0117,-0.0117,3.596831430733066,259.6831430733066
2013-12-16,0.0,0.0362,-0.0362,3.466626132940529,246.6626132940529
2013-12-17,0.0,-0.071,0.071,3.7127565883793063,271.2756588379306
2013-12-18,0.0,-0.0048,0.0048,3.7305778200035267,273.0577820003527
2013-12-19,0.0,-0.0267,0.0267,3.8301842477976207,283.0184247797621
2013-12-20,0.0,-0.0124,0.0124,3.877678532470311,287.7678532470311
2013-12-23,0.0,-0.048,0.048,4.063807102028886,306.3807102028886
2013-12-27,0.0,-0.0741,0.0741,4.364935208289227,336.49352082892267
2013-12-30,0.0,0.2018,-0.2018,3.484091283256461,248.40912832564607
2013-12-31,0.0,0.0127,-0.0127,3.4398433239591037,243.98433239591037
2014-01-02,0.0,-0.0526,0.0526,3.6207790827993525,262.07790827993523
2014-01-03,0.0,-0.0712,0.0712,3.878578553494666,287.8578553494666
2014-01-07,0.0,-0.1934,0.1934,4.628695645740534,362.8695645740534
2014-01-08,0.0,-0.0236,0.0236,4.737932862980012,373.7932862980012
2014-01-09,0.0,0.1888,-0.1888,3.843411138449386,284.3411138449386
2014-01-10,0.0,0.2327,-0.2327,2.9490493665322135,194.90493665322134
2014-01-13,0.0,0.0156,-0.0156,2.903044196414311,190.3044196414311
2014-01-14,0.0,-0.0189,0.0189,2.9579117317265413,195.79117317265414
2014-01-15,0.0,0.0799,-0.0799,2.7215745843615906,172.15745843615906
2014-01-16,0.0,0.009,-0.009,2.6970804131023365,169.70804131023365
2014-01-17,0.0,-0.1015,0.1015,2.9708340750322235,197.08340750322236
2014-01-20,0.0,0.196,-0.196,2.3885505963259077,138.85505963259078
2014-01-21,0.0,0.5882,-0.5882,0.9836051355670089,-1.6394864432991096
2014-01-22,0.0,-0.1071,0.1071,1.0889492455862355,8.89492455862355
2014-01-23,0.0,-0.0258,0.0258,1.1170441361223604,11.704413612236042
2014-01-24,0.0,-0.0437,0.0437,1.1658589648709077,16.585896487090768
2014-01-27,0.0,-0.0812,0.0812,1.2605267128184252,26.05267128184252
2014-01-28,0.0,0.0393,-0.0393,1.210988013004661,21.098801300466107
2014-01-29,0.0,-0.0661,0.0661,1.2910343206642692,29.103432066426915
2014-01-30,0.0,-0.0535,0.0535,1.3601046568198076,36.01046568198076
2014-01-31,0.0,-0.0238,0.0238,1.392475147652119,39.24751476521191
2014-02-03,0.0,-0.0073,0.0073,1.4026402162299796,40.26402162299796
2014-02-04,0.0,-0.0515,0.0515,1.4748761873658236,47.48761873658236
2014-02-05,0.0,0.0979,-0.0979,1.3304858086227096,33.04858086227096
2014-02-06,0.0,0.0071,-0.0071,1.3210393593814884,32.103935938148844
2014-02-07,0.0,-0.0537,0.0537,1.3919791729802744,39.19791729802744
2014-02-10,0.0,-0.0122,0.0122,1.4089613188906338,40.89613188906338
2014-02-11,0.0,0.0,0.0,1.4089613188906338,40.89613188906338
2014-02-12,0.0,0.101,-0.101,1.2666562256826799,26.665622568267988
2014-02-13,0.0,-0.0243,0.0243,1.297435971966769,29.743597196676895
2014-02-14,0.0,-0.0624,0.0624,1.3783959766174954,37.839597661749536
2014-02-17,0.0,0.0178,-0.0178,1.353860528233704,35.38605282337039
2014-02-18,0.0,-0.01,0.01,1.367399133516041,36.739913351604095
2014-02-19,0.0,0.0286,-0.0286,1.3282915182974822,32.82915182974821
2014-02-20,0.0,-0.0083,0.0083,1.3393163378993511,33.93163378993511
2014-02-21,0.0,-0.1789,0.1789,1.578920030749545,57.8920030749545
2014-02-24,0.0,-0.006,0.006,1.5883935509340423,58.83935509340424
2014-02-25,0.0,-0.0033,0.0033,1.5936352496521249,59.36352496521249
2014-02-26,0.0,0.1785,-0.1785,1.3091713575892205,30.917135758922054
2014-02-27,0.0,0.0031,-0.0031,1.305112926380694,30.5112926380694
2014-02-28,0.0,-0.1519,0.1519,1.5033595798979213,50.335957989792135
2014-03-03,0.0,0.0812,-0.0812,1.3812867820102102,38.12867820102102
2014-03-04,0.0,0.3846,-0.3846,0.8500438856490833,-14.995611435091671
2014-03-05,0.0,-0.2509,0.2509,1.0633198965584383,6.331989655843828
2014-03-06,0.0,-0.163,0.163,1.2366410396974639,23.664103969746385
2014-03-07,0.0136,-0.004433333333333334,0.018033333333333332,1.258941799780008,25.894179978000807
2014-03-10,-0.0005666666666666667,-0.042866666666666664,0.0423,1.3121950379107024,31.219503791070235
2014-03-11,-0.0037333333333333333,0.042199999999999994,-0.045933333333333326,1.251921545836004,25.192154583600402
2014-03-12,-0.012233333333333334,-0.022533333333333332,0.010299999999999998,1.2648163377581148,26.481633775811474
2014-03-13,0.011699999999999999,-0.0007666666666666638,0.012466666666666662,1.2805843814354991,28.058438143549914
2014-03-14,0.0012666666666666677,-0.03863333333333334,0.039900000000000005,1.3316796982547756,33.16796982547756
2014-03-17,0.0212,-0.046266666666666664,0.06746666666666666,1.4215236885636977,42.15236885636977
2014-03-18,0.012333333333333333,0.03556666666666667,-0.023233333333333335,1.3884969548660677,38.84969548660677
2014-03-19,-0.0037333333333333333,-0.04576666666666667,0.04203333333333334,1.4468601102022716,44.686011020227156
2014-03-20,0.0121,0.043533333333333334,-0.031433333333333334,1.4013804740715803,40.13804740715803
2014-03-21,0.0194,0.001166666666666663,0.018233333333333338,1.4269323113821522,42.69323113821522
2014-03-24,-0.010533333333333332,0.0152,-0.02573333333333333,1.3902125865692514,39.02125865692514
2014-03-25,0.0,-0.0612,0.0612,1.4752935968672896,47.52935968672895
2014-03-26,0.0,-0.0422,0.0422,1.5375509866550892,53.75509866550892
2014-03-27,0.0,-0.0279,0.0279,1.5804486591827662,58.04486591827662
2014-03-28,0.0,-0.016,0.016,1.6057358377296904,60.573583772969045
2014-03-31,0.0,-0.0762,0.0762,1.728092908564693,72.8092908564693
2014-04-01,0.0,-0.2667,0.2667,2.1889752872788963,118.89752872788964
2014-04-02,0.0,-0.0909,0.0909,2.387953140892548,138.7953140892548
2014-04-03,0.0,0.0145,-0.0145,2.353327820349606,135.33278203496062
2014-04-04,0.0,-0.0143,0.0143,2.3869804081806056,138.69804081806058
2014-04-07,0.0,0.0,0.0,2.3869804081806056,138.69804081806058
2014-04-08,0.0,0.0,0.0,2.3869804081806056,138.69804081806058
2014-04-09,0.0,0.0,0.0,2.3869804081806056,138.69804081806058
2014-04-10,0.0,0.0,0.0,2.3869804081806056,138.69804081806058
2014-04-11,0.0,0.0,0.0,2.3869804081806056,138.69804081806058
2014-04-14,0.0,0.0,0.0,2.3869804081806056,138.69804081806058
2014-04-15,0.0,0.0,0.0,2.3869804081806056,138.69804081806058
2014-04-16,0.0,0.0,0.0,2.3869804081806056,138.69804081806058
2014-04-17,0.0,0.0,0.0,2.3869804081806056,138.69804081806058
2014-04-18,0.0,0.0,0.0,2.3869804081806056,138.69804081806058
2014-04-22,0.0,0.0,0.0,2.3869804081806056,138.69804081806058
2014-04-23,0.0,0.0,0.0,2.3869804081806056,138.69804081806058
2014-04-24,0.0,0.0,0.0,2.3869804081806056,138.69804081806058
2014-04-25,0.0,0.0,0.0,2.3869804081806056,138.69804081806058
2014-04-28,0.0,0.0,0.0,2.3869804081806056,138.69804081806058
2014-04-29,0.0,0.0,0.0,2.3869804081806056,138.69804081806058
2014-04-30,0.0,0.0,0.0,2.3869804081806056,138.69804081806058
2014-05-02,0.0,0.0,0.0,2.3869804081806056,138.69804081806058
2014-05-05,0.0,0.0,0.0,2.3869804081806056,138.69804081806058
2014-05-06,0.0,0.0,0.0,2.3869804081806056,138.69804081806058
2014-05-07,0.0,0.0,0.0,2.3869804081806056,138.69804081806058
2014-05-08,0.0,0.0,0.0,2.3869804081806056,138.69804081806058
2014-05-09,0.0,0.0,0.0,2.3869804081806056,138.69804081806058
2014-05-12,0.0,0.0,0.0,2.3869804081806056,138.69804081806058
2014-05-13,0.0,0.0,0.0,2.3869804081806056,138.69804081806058
2014-05-14,0.0,0.0,0.0,2.3869804081806056,138.69804081806058
2014-05-15,0.0,0.0,0.0,2.3869804081806056,138.69804081806058
2014-05-16,0.0,0.0,0.0,2.3869804081806056,138.69804081806058
2014-05-19,0.0,0.0,0.0,2.3869804081806056,138.69804081806058
2014-05-20,0.0,0.0,0.0,2.3869804081806056,138.69804081806058
2014-05-21,0.0,0.0,0.0,2.3869804081806056,138.69804081806058
2014-05-22,0.0,0.0,0.0,2.3869804081806056,138.69804081806058
2014-05-23,0.0,0.0,0.0,2.3869804081806056,138.69804081806058
2014-05-26,0.0,0.0,0.0,2.3869804081806056,138.69804081806058
2014-05-27,0.0,0.0,0.0,2.3869804081806056,138.69804081806058
2014-05-28,0.0,0.0,0.0,2.3869804081806056,138.69804081806058
2014-05-29,0.0,0.0,0.0,2.3869804081806056,138.69804081806058
2014-05-30,0.0,0.0,0.0,2.3869804081806056,138.69804081806058
2014-06-02,0.0,0.0,0.0,2.3869804081806056,138.69804081806058
2014-06-03,0.0,0.0,0.0,2.3869804081806056,138.69804081806058
2014-06-04,0.0,0.0,0.0,2.3869804081806056,138.69804081806058
2014-06-05,0.0,0.0,0.0,2.3869804081806056,138.69804081806058
2014-06-06,0.0,0.0,0.0,2.3869804081806056,138.69804081806058
2014-06-09,0.0,0.0,0.0,2.3869804081806056,138.69804081806058
2014-06-10,0.0,0.0,0.0,2.3869804081806056,138.69804081806058
2014-06-11,0.0,0.0,0.0,2.3869804081806056,138.69804081806058
2014-06-12,0.0,0.0,0.0,2.3869804081806056,138.69804081806058
2014-06-13,0.0,0.0,0.0,2.3869804081806056,138.69804081806058
2014-06-16,0.0,0.0,0.0,2.3869804081806056,138.69804081806058
2014-06-17,0.0,0.0,0.0,2.3869804081806056,138.69804081806058
2014-06-18,0.0,0.0,0.0,2.3869804081806056,138.69804081806058
2014-06-20,0.0,0.0,0.0,2.3869804081806056,138.69804081806058
2014-06-23,0.0,0.0,0.0,2.3869804081806056,138.69804081806058
2014-06-24,0.0,0.0,0.0,2.3869804081806056,138.69804081806058
2014-06-26,0.0,0.0,0.0,2.3869804081806056,138.69804081806058
2014-06-27,0.0,0.0,0.0,2.3869804081806056,138.69804081806058
2014-06-30,0.0,0.0,0.0,2.3869804081806056,138.69804081806058
2014-07-01,0.0,0.0,0.0,2.3869804081806056,138.69804081806058
2014-07-02,0.0,0.0,0.0,2.3869804081806056,138.69804081806058
2014-07-03,0.0,0.0,0.0,2.3869804081806056,138.69804081806058
2014-07-04,0.0,0.0,0.0,2.3869804081806056,138.69804081806058
2014-07-07,0.0,0.0,0.0,2.3869804081806056,138.69804081806058
2014-07-08,0.0,0.0,0.0,2.3869804081806056,138.69804081806058
2014-07-09,0.0,0.0,0.0,2.3869804081806056,138.69804081806058
2014-07-10,0.0,0.0,0.0,2.3869804081806056,138.69804081806058
2014-07-11,0.0,0.0,0.0,2.3869804081806056,138.69804081806058
2014-07-14,0.0,0.0,0.0,2.3869804081806056,138.69804081806058
2014-07-15,0.0,0.0,0.0,2.3869804081806056,138.69804081806058
2014-07-16,0.0,0.0,0.0,2.3869804081806056,138.69804081806058
2014-07-17,0.0,0.0,0.0,2.3869804081806056,138.69804081806058
2014-07-18,0.0,0.0,0.0,2.3869804081806056,138.69804081806058
2014-07-21,0.0,0.0,0.0,2.3869804081806056,138.69804081806058
2014-07-22,0.0,0.0,0.0,2.3869804081806056,138.69804081806058
2014-07-23,0.0,0.0,0.0,2.3869804081806056,138.69804081806058
2014-07-24,0.0,0.0,0.0,2.3869804081806056,138.69804081806058
2014-07-25,0.0,0.0,0.0,2.3869804081806056,138.69804081806058
2014-07-28,0.0,0.0,0.0,2.3869804081806056,138.69804081806058
2014-07-29,0.0,0.0,0.0,2.3869804081806056,138.69804081806058
2014-07-30,0.0,0.0,0.0,2.3869804081806056,138.69804081806058
2014-07-31,0.0,0.0,0.0,2.3869804081806056,138.69804081806058
2014-08-01,0.0,0.0,0.0,2.3869804081806056,138.69804081806058
2014-08-04,0.0,0.0,0.0,2.3869804081806056,138.69804081806058
2014-08-06,0.0,0.0,0.0,2.3869804081806056,138.69804081806058
2014-08-07,0.0,0.0,0.0,2.3869804081806056,138.69804081806058
2014-08-08,0.0,0.0,0.0,2.3869804081806056,138.69804081806058
2014-08-11,0.0,0.0,0.0,2.3869804081806056,138.69804081806058
2014-08-12,0.0,0.0,0.0,2.3869804081806056,138.69804081806058
2014-08-13,0.0,0.0,0.0,2.3869804081806056,138.69804081806058
2014-08-14,0.0,0.0,0.0,2.3869804081806056,138.69804081806058
2014-08-18,0.0,0.0,0.0,2.3869804081806056,138.69804081806058
2014-08-19,0.0,0.0,0.0,2.3869804081806056,138.69804081806058
2014-08-20,0.0,0.0,0.0,2.3869804081806056,138.69804081806058
2014-08-21,0.0,0.0,0.0,2.3869804081806056,138.69804081806058
2014-08-22,0.0,0.0,0.0,2.3869804081806056,138.69804081806058
2014-08-25,0.0,0.0,0.0,2.3869804081806056,138.69804081806058
2014-08-26,0.0,0.0,0.0,2.3869804081806056,138.69804081806058
2014-08-27,0.0,0.0,0.0,2.3869804081806056,138.69804081806058
2014-08-28,0.0,0.0,0.0,2.3869804081806056,138.69804081806058
2014-08-29,0.0,0.0,0.0,2.3869804081806056,138.69804081806058
2014-09-01,0.0,0.0,0.0,2.3869804081806056,138.69804081806058
2014-09-02,0.0,0.0,0.0,2.3869804081806056,138.69804081806058
2014-09-03,0.0,0.0,0.0,2.3869804081806056,138.69804081806058
2014-09-04,0.0,0.0,0.0,2.3869804081806056,138.69804081806058
2014-09-05,0.0,0.0,0.0,2.3869804081806056,138.69804081806058
2014-09-08,0.0,0.0,0.0,2.3869804081806056,138.69804081806058
2014-09-09,0.0,0.0,0.0,2.3869804081806056,138.69804081806058
2014-09-10,0.0377,-0.0168,0.05449999999999999,2.517070840426449,151.70708404264488
2014-09-11,0.039975,0.0023750000000000004,0.037599999999999995,2.6117127040264836,161.17127040264836
2014-09-12,-0.02425,0.00225,-0.0265,2.542502317369782,154.25023173697818
2014-09-15,0.03445,-0.010100000000000001,0.044550000000000006,2.6557707956086056,165.57707956086057
2014-09-16,0.017,0.014725,0.002275000000000001,2.6618126741686154,166.18126741686154
2014-09-17,0.005000000000000001,0.016275,-0.011275,2.631800736267364,163.1800736267364
2014-09-18,-0.010025000000000001,-0.017224999999999997,0.007199999999999996,2.6507497015684893,165.07497015684893
2014-09-19,0.01085,0.013,-0.002149999999999999,2.645050589710117,164.50505897101172
2014-09-22,0.006924999999999999,0.03875,-0.031825,2.560871854692593,156.08718546925928
2014-09-23,0.0,0.0,0.0,2.560871854692593,156.08718546925928
2014-09-24,0.0,0.0,0.0,2.560871854692593,156.08718546925928
2014-09-25,0.0,0.0,0.0,2.560871854692593,156.08718546925928
2014-09-26,0.0,0.0,0.0,2.560871854692593,156.08718546925928
2014-09-29,0.0,0.0,0.0,2.560871854692593,156.08718546925928
2014-09-30,0.0,0.0,0.0,2.560871854692593,156.08718546925928
2014-10-01,0.0,0.0,0.0,2.560871854692593,156.08718546925928
2014-10-02,0.0,0.0,0.0,2.560871854692593,156.08718546925928
2014-10-03,0.0,0.0,0.0,2.560871854692593,156.08718546925928
2014-10-06,0.0,0.0,0.0,2.560871854692593,156.08718546925928
2014-10-07,0.0,0.0,0.0,2.560871854692593,156.08718546925928
2014-10-09,0.0,0.0,0.0,2.560871854692593,156.08718546925928
2014-10-10,0.0,0.0,0.0,2.560871854692593,156.08718546925928
2014-10-13,0.0,0.0,0.0,2.560871854692593,156.08718546925928
2014-10-14,0.0,0.0,0.0,2.560871854692593,156.08718546925928
2014-10-15,0.0,0.0,0.0,2.560871854692593,156.08718546925928
2014-10-16,0.0,0.0,0.0,2.560871854692593,156.08718546925928
2014-10-17,0.0,0.0,0.0,2.560871854692593,156.08718546925928
2014-10-20,0.0,0.0,0.0,2.560871854692593,156.08718546925928
2014-10-21,0.0,0.0,0.0,2.560871854692593,156.08718546925928
2014-10-22,0.0,0.0,0.0,2.560871854692593,156.08718546925928
2014-10-23,0.0,0.0,0.0,2.560871854692593,156.08718546925928
2014-10-24,0.0,0.0,0.0,2.560871854692593,156.08718546925928
2014-10-27,0.0,0.0,0.0,2.560871854692593,156.08718546925928
2014-10-28,0.0,0.0,0.0,2.560871854692593,156.08718546925928
2014-10-29,0.0,0.0,0.0,2.560871854692593,156.08718546925928
2014-10-30,0.0,0.0,0.0,2.560871854692593,156.08718546925928
2014-10-31,0.0,0.0,0.0,2.560871854692593,156.08718546925928
2014-11-03,0.0,0.0,0.0,2.560871854692593,156.08718546925928
2014-11-04,0.0,0.0,0.0,2.560871854692593,156.08718546925928
2014-11-05,0.0,0.0,0.0,2.560871854692593,156.08718546925928
2014-11-06,0.0,0.0,0.0,2.560871854692593,156.08718546925928
2014-11-07,0.0,0.0,0.0,2.560871854692593,156.08718546925928
2014-11-10,0.0,0.0,0.0,2.560871854692593,156.08718546925928
2014-11-11,0.0,0.0,0.0,2.560871854692593,156.08718546925928
2014-11-12,0.0,0.0,0.0,2.560871854692593,156.08718546925928
2014-11-13,0.0,0.0,0.0,2.560871854692593,156.08718546925928
2014-11-14,0.0,0.0,0.0,2.560871854692593,156.08718546925928
2014-11-17,0.0,0.0,0.0,2.560871854692593,156.08718546925928
2014-11-18,0.0,0.0,0.0,2.560871854692593,156.08718546925928
2014-11-19,0.0,0.0,0.0,2.560871854692593,156.08718546925928
2014-11-20,0.0,0.0,0.0,2.560871854692593,156.08718546925928
2014-11-21,0.0,0.0,0.0,2.560871854692593,156.08718546925928
2014-11-24,0.0,0.0,0.0,2.560871854692593,156.08718546925928
2014-11-25,0.0,0.0,0.0,2.560871854692593,156.08718546925928
2014-11-26,0.0,0.0,0.0,2.560871854692593,156.08718546925928
2014-11-27,0.0,0.0,0.0,2.560871854692593,156.08718546925928
2014-11-28,0.0,0.0,0.0,2.560871854692593,156.08718546925928
2014-12-01,0.0,0.0,0.0,2.560871854692593,156.08718546925928
2014-12-02,0.0,0.0,0.0,2.560871854692593,156.08718546925928
2014-12-03,0.0,0.0,0.0,2.560871854692593,156.08718546925928
2014-12-04,0.0,0.0,0.0,2.560871854692593,156.08718546925928
2014-12-05,0.0,0.0,0.0,2.560871854692593,156.08718546925928
2014-12-08,0.0,0.0,0.0,2.560871854692593,156.08718546925928
2014-12-09,0.0,0.0,0.0,2.560871854692593,156.08718546925928
2014-12-10,0.0,0.0,0.0,2.560871854692593,156.08718546925928
2014-12-11,0.0,0.0,0.0,2.560871854692593,156.08718546925928
2014-12-12,0.0,0.0,0.0,2.560871854692593,156.08718546925928
2014-12-15,0.0,0.0,0.0,2.560871854692593,156.08718546925928
2014-12-16,0.0,0.0,0.0,2.560871854692593,156.08718546925928
2014-12-17,0.0,0.0,0.0,2.560871854692593,156.08718546925928
2014-12-18,0.0,0.0,0.0,2.560871854692593,156.08718546925928
2014-12-19,0.0,0.0,0.0,2.560871854692593,156.08718546925928
2014-12-22,0.0,0.0,0.0,2.560871854692593,156.08718546925928
2014-12-23,0.0,0.0,0.0,2.560871854692593,156.08718546925928
2014-12-29,0.0,0.0,0.0,2.560871854692593,156.08718546925928
2014-12-30,0.0,0.0,0.0,2.560871854692593,156.08718546925928
2014-12-31,0.0,0.0,0.0,2.560871854692593,156.08718546925928
2015-01-02,0.0,0.0,0.0,2.560871854692593,156.08718546925928
2015-01-05,0.0,0.0,0.0,2.560871854692593,156.08718546925928
2015-01-07,0.0,0.0,0.0,2.560871854692593,156.08718546925928
2015-01-08,0.0,0.0,0.0,2.560871854692593,156.08718546925928
2015-01-09,0.0,0.0,0.0,2.560871854692593,156.08718546925928
2015-01-12,0.0,0.0,0.0,2.560871854692593,156.08718546925928
2015-01-13,0.0,0.0,0.0,2.560871854692593,156.08718546925928
2015-01-14,0.0,0.0,0.0,2.560871854692593,156.08718546925928
2015-01-15,0.0,0.0,0.0,2.560871854692593,156.08718546925928
2015-01-16,0.0,0.0,0.0,2.560871854692593,156.08718546925928
2015-01-19,0.0,0.0,0.0,2.560871854692593,156.08718546925928
2015-01-20,-0.0005,0.0,-0.0005,2.5595914187652467,155.95914187652465
2015-01-21,-0.002,0.0,-0.002,2.554472235927716,155.44722359277162
2015-01-22,-0.0055,0.0,-0.0055,2.5404226386301136,154.04226386301136
2015-01-23,-0.0035,0.0,-0.0035,2.5315311593949086,153.15311593949085
2015-01-26,0.0065,0.0,0.0065,2.5479861119309755,154.79861119309754
2015-01-27,-0.003,0.0,-0.003,2.5403421535951827,154.03421535951827
2015-01-28,0.0,0.0,0.0,2.5403421535951827,154.03421535951827
2015-01-29,0.0,0.0,0.0,2.5403421535951827,154.03421535951827
2015-01-30,0.0,0.0,0.0,2.5403421535951827,154.03421535951827
2015-02-02,0.0,0.0,0.0,2.5403421535951827,154.03421535951827
2015-02-03,0.0,0.0,0.0,2.5403421535951827,154.03421535951827
2015-02-04,0.0,0.0,0.0,2.5403421535951827,154.03421535951827
2015-02-05,0.0,0.0,0.0,2.5403421535951827,154.03421535951827
2015-02-06,0.0,0.0,0.0,2.5403421535951827,154.03421535951827
2015-02-09,0.0,0.0,0.0,2.5403421535951827,154.03421535951827
2015-02-10,0.0,0.0,0.0,2.5403421535951827,154.03421535951827
2015-02-11,0.0,0.0,0.0,2.5403421535951827,154.03421535951827
2015-02-12,0.0,0.0,0.0,2.5403421535951827,154.03421535951827
2015-02-13,0.0,0.0,0.0,2.5403421535951827,154.03421535951827
2015-02-16,0.0,0.0,0.0,2.5403421535951827,154.03421535951827
2015-02-17,0.0,0.0,0.0,2.5403421535951827,154.03421535951827
2015-02-18,0.0,0.0,0.0,2.5403421535951827,154.03421535951827
2015-02-19,0.0,0.0,0.0,2.5403421535951827,154.03421535951827
2015-02-20,0.0,0.0,0.0,2.5403421535951827,154.03421535951827
2015-02-23,0.0,0.0,0.0,2.5403421535951827,154.03421535951827
2015-02-24,0.0,0.0,0.0,2.5403421535951827,154.03421535951827
2015-02-25,0.0,0.0,0.0,2.5403421535951827,154.03421535951827
2015-02-26,0.0,0.0,0.0,2.5403421535951827,154.03421535951827
2015-02-27,0.0,0.0,0.0,2.5403421535951827,154.03421535951827
2015-03-02,0.0,0.0,0.0,2.5403421535951827,154.03421535951827
2015-03-03,0.0,0.0,0.0,2.5403421535951827,154.03421535951827
2015-03-04,0.0,0.0,0.0,2.5403421535951827,154.03421535951827
2015-03-05,0.0,0.0,0.0,2.5403421535951827,154.03421535951827
2015-03-06,-0.006025,-0.006244444444444443,0.00021944444444444312,2.5408996175677774,154.08996175677774
2015-03-09,0.0085875,-0.024633333333333333,0.03322083333333333,2.625310420279727,162.5310420279727
2015-03-10,0.00013750000000000036,-0.004977777777777776,0.005115277777777777,2.6387396123323525,163.87396123323526
2015-03-11,0.0054625,0.0016777777777777776,0.0037847222222222227,2.648726508781805,164.8726508781805
2015-03-12,0.0028374999999999997,0.005366666666666666,-0.0025291666666666665,2.6420274379866777,164.20274379866777
2015-03-13,0.00205,0.0021999999999999993,-0.0001499999999999991,2.64163113387098,164.16311338709798
2015-03-16,-0.0026000000000000007,-0.0041,0.0014999999999999996,2.6455935805717865,164.55935805717866
2015-03-17,0.0084875,0.0115,-0.0030124999999999996,2.637623729910314,163.7623729910314
2015-03-18,0.011425,0.000488888888888889,0.01093611111111111,2.6664690760899163,166.64690760899163
2015-03-19,0.0017375000000000003,-0.006800000000000001,0.008537500000000002,2.6892340558270345,168.92340558270345
2015-03-20,0.040287500000000004,-0.028455555555555557,0.06874305555555556,2.8741002219286442,187.41002219286443
2015-03-23,-0.0156625,0.008666666666666668,-0.024329166666666666,2.804175758612639,180.41757586126388
2015-03-24,0.0,0.0,0.0,2.804175758612639,180.41757586126388
2015-03-25,0.0,0.0,0.0,2.804175758612639,180.41757586126388
2015-03-26,0.0,0.0,0.0,2.804175758612639,180.41757586126388
2015-03-27,0.0,0.0,0.0,2.804175758612639,180.41757586126388
2015-03-30,0.0,0.0,0.0,2.804175758612639,180.41757586126388
2015-03-31,0.0,0.0,0.0,2.804175758612639,180.41757586126388
2015-04-01,0.0,0.0,0.0,2.804175758612639,180.41757586126388
2015-04-02,0.0,0.0,0.0,2.804175758612639,180.41757586126388
2015-04-07,0.0,0.0,0.0,2.804175758612639,180.41757586126388
2015-04-08,0.0,0.0,0.0,2.804175758612639,180.41757586126388
2015-04-09,0.0,0.0,0.0,2.804175758612639,180.41757586126388
2015-04-10,0.0,0.0,0.0,2.804175758612639,180.41757586126388
2015-04-13,0.0,0.0,0.0,2.804175758612639,180.41757586126388
2015-04-14,0.0,0.0,0.0,2.804175758612639,180.41757586126388
2015-04-15,0.0,0.0,0.0,2.804175758612639,180.41757586126388
2015-04-16,0.0,0.0,0.0,2.804175758612639,180.41757586126388
2015-04-17,0.0,0.0,0.0,2.804175758612639,180.41757586126388
2015-04-20,0.0,0.0,0.0,2.804175758612639,180.41757586126388
2015-04-21,0.0,0.0,0.0,2.804175758612639,180.41757586126388
2015-04-22,0.0,0.0,0.0,2.804175758612639,180.41757586126388
2015-04-23,0.0,0.0,0.0,2.804175758612639,180.41757586126388
2015-04-24,0.0,0.0,0.0,2.804175758612639,180.41757586126388
2015-04-27,0.0,0.0,0.0,2.804175758612639,180.41757586126388
2015-04-28,0.0,0.0,0.0,2.804175758612639,180.41757586126388
2015-04-29,0.0,0.0,0.0,2.804175758612639,180.41757586126388
2015-04-30,0.0,0.0,0.0,2.804175758612639,180.41757586126388
2015-05-04,0.0,0.0,0.0,2.804175758612639,180.41757586126388
2015-05-05,0.0,0.0,0.0,2.804175758612639,180.41757586126388
2015-05-06,0.0,0.0,0.0,2.804175758612639,180.41757586126388
2015-05-07,0.0,0.0,0.0,2.804175758612639,180.41757586126388
2015-05-08,0.0,0.0,0.0,2.804175758612639,180.41757586126388
2015-05-11,0.0,0.0,0.0,2.804175758612639,180.41757586126388
2015-05-12,0.0,0.0,0.0,2.804175758612639,180.41757586126388
2015-05-13,0.0,0.0,0.0,2.804175758612639,180.41757586126388
2015-05-14,0.0,0.0,0.0,2.804175758612639,180.41757586126388
2015-05-15,0.0,0.0,0.0,2.804175758612639,180.41757586126388
2015-05-18,0.0,0.0,0.0,2.804175758612639,180.41757586126388
2015-05-19,0.0,0.0,0.0,2.804175758612639,180.41757586126388
2015-05-20,0.0,0.0,0.0,2.804175758612639,180.41757586126388
2015-05-21,0.0,0.0,0.0,2.804175758612639,180.41757586126388
2015-05-22,0.0,0.0,0.0,2.804175758612639,180.41757586126388
2015-05-25,0.0,0.0,0.0,2.804175758612639,180.41757586126388
2015-05-26,0.0,0.0,0.0,2.804175758612639,180.41757586126388
2015-05-27,0.0,0.0,0.0,2.804175758612639,180.41757586126388
2015-05-28,0.0,0.0,0.0,2.804175758612639,180.41757586126388
2015-05-29,0.0,0.0,0.0,2.804175758612639,180.41757586126388
2015-06-01,0.0,0.0,0.0,2.804175758612639,180.41757586126388
2015-06-02,0.0,0.0,0.0,2.804175758612639,180.41757586126388
2015-06-03,0.0,0.0,0.0,2.804175758612639,180.41757586126388
2015-06-05,0.0,0.0,0.0,2.804175758612639,180.41757586126388
2015-06-08,0.0,0.0,0.0,2.804175758612639,180.41757586126388
2015-06-09,0.0,0.0,0.0,2.804175758612639,180.41757586126388
2015-06-10,0.0,0.0,0.0,2.804175758612639,180.41757586126388
2015-06-11,0.0,0.0,0.0,2.804175758612639,180.41757586126388
2015-06-12,0.0,0.0,0.0,2.804175758612639,180.41757586126388
2015-06-15,0.0,0.0,0.0,2.804175758612639,180.41757586126388
2015-06-16,0.0,0.0,0.0,2.804175758612639,180.41757586126388
2015-06-17,0.0,0.0,0.0,2.804175758612639,180.41757586126388
2015-06-18,0.0,0.0,0.0,2.804175758612639,180.41757586126388
2015-06-19,0.0,0.0,0.0,2.804175758612639,180.41757586126388
2015-06-23,0.0,0.0,0.0,2.804175758612639,180.41757586126388
2015-06-24,0.0,0.0,0.0,2.804175758612639,180.41757586126388
2015-06-26,0.0,0.0,0.0,2.804175758612639,180.41757586126388
2015-06-29,0.0,0.0,0.0,2.804175758612639,180.41757586126388
2015-06-30,0.0,0.0,0.0,2.804175758612639,180.41757586126388
2015-07-01,0.0,0.0,0.0,2.804175758612639,180.41757586126388
2015-07-02,0.0,0.0,0.0,2.804175758612639,180.41757586126388
2015-07-03,0.0,0.0,0.0,2.804175758612639,180.41757586126388
2015-07-06,0.0,0.0,0.0,2.804175758612639,180.41757586126388
2015-07-07,0.0,0.0,0.0,2.804175758612639,180.41757586126388
2015-07-08,0.0,0.0,0.0,2.804175758612639,180.41757586126388
2015-07-09,0.0,0.0,0.0,2.804175758612639,180.41757586126388
2015-07-10,0.0,0.0,0.0,2.804175758612639,180.41757586126388
2015-07-13,0.0,0.0,0.0,2.804175758612639,180.41757586126388
2015-07-14,0.0,0.0,0.0,2.804175758612639,180.41757586126388
2015-07-15,0.0,0.0,0.0,2.804175758612639,180.41757586126388
2015-07-16,0.0,0.0,0.0,2.804175758612639,180.41757586126388
2015-07-17,0.0,0.0,0.0,2.804175758612639,180.41757586126388
2015-07-20,0.0,0.0,0.0,2.804175758612639,180.41757586126388
2015-07-21,0.0,0.0,0.0,2.804175758612639,180.41757586126388
2015-07-22,0.0,0.0,0.0,2.804175758612639,180.41757586126388
2015-07-23,0.0,0.0,0.0,2.804175758612639,180.41757586126388
2015-07-24,0.0,0.0,0.0,2.804175758612639,180.41757586126388
2015-07-27,0.0,0.0,0.0,2.804175758612639,180.41757586126388
2015-07-28,0.0,0.0,0.0,2.804175758612639,180.41757586126388
2015-07-29,0.0,0.0,0.0,2.804175758612639,180.41757586126388
2015-07-30,0.0,0.0,0.0,2.804175758612639,180.41757586126388
2015-07-31,0.0,0.0,0.0,2.804175758612639,180.41757586126388
2015-08-03,0.0,0.0,0.0,2.804175758612639,180.41757586126388
2015-08-04,0.0,0.0,0.0,2.804175758612639,180.41757586126388
2015-08-06,0.0,0.0,0.0,2.804175758612639,180.41757586126388
2015-08-07,0.0,0.0,0.0,2.804175758612639,180.41757586126388
2015-08-10,0.0,0.0,0.0,2.804175758612639,180.41757586126388
2015-08-11,0.0,0.0,0.0,2.804175758612639,180.41757586126388
2015-08-12,0.0,0.0,0.0,2.804175758612639,180.41757586126388
2015-08-13,0.0,0.0,0.0,2.804175758612639,180.41757586126388
2015-08-14,0.0,0.0,0.0,2.804175758612639,180.41757586126388
2015-08-17,0.0,0.0,0.0,2.804175758612639,180.41757586126388
2015-08-18,0.0,0.0,0.0,2.804175758612639,180.41757586126388
2015-08-19,0.0,0.0,0.0,2.804175758612639,180.41757586126388
2015-08-20,0.0,0.0,0.0,2.804175758612639,180.41757586126388
2015-08-21,0.0,0.0,0.0,2.804175758612639,180.41757586126388
2015-08-24,0.0,0.0,0.0,2.804175758612639,180.41757586126388
2015-08-25,0.0,0.0,0.0,2.804175758612639,180.41757586126388
2015-08-26,0.0,0.0,0.0,2.804175758612639,180.41757586126388
2015-08-27,0.0,0.0,0.0,2.804175758612639,180.41757586126388
2015-08-28,0.0,0.0,0.0,2.804175758612639,180.41757586126388
2015-08-31,0.0,0.0,0.0,2.804175758612639,180.41757586126388
2015-09-01,0.0,0.0,0.0,2.804175758612639,180.41757586126388
2015-09-02,0.0,0.0,0.0,2.804175758612639,180.41757586126388
2015-09-03,0.0,0.0,0.0,2.804175758612639,180.41757586126388
2015-09-04,-0.0005714285714285718,0.003514285714285715,-0.004085714285714287,2.7927186976560217,179.27186976560216
2015-09-07,-0.0023285714285714285,0.0005428571428571427,-0.002871428571428571,2.7846996053956095,178.46996053956096
2015-09-08,0.001171428571428572,-0.006242857142857143,0.007414285714285715,2.8053461638984714,180.53461638984714
2015-09-09,0.008585714285714285,0.004028571428571428,0.004557142857142857,2.818130527131095,181.81305271310947
2015-09-10,0.0010714285714285715,-0.0009428571428571429,0.002014285714285714,2.8238070471928873,182.38070471928873
2015-09-11,-0.020414285714285715,0.024785714285714286,-0.045200000000000004,2.696170968659769,169.6170968659769
2015-09-14,0.01742857142857143,-0.004542857142857144,0.021971428571428572,2.755409696514036,175.5409696514036
2015-09-15,-0.005557142857142857,-0.005485714285714286,-7.142857142857124e-05,2.7552128815357135,175.52128815357136
2015-09-16,0.004028571428571429,0.005071428571428571,-0.0010428571428571422,2.752339588102112,175.2339588102112
2015-09-17,0.012228571428571427,-0.007928571428571429,0.020157142857142856,2.807818890370856,180.7818890370856
2015-09-18,0.0019571428571428587,-0.02107142857142857,0.02302857142857143,2.872478948246253,187.24789482462532
2015-09-21,0.006657142857142856,-0.006685714285714286,0.013342857142857142,2.910806024498567,191.0806024498567
2015-09-22,0.0,0.0,0.0,2.910806024498567,191.0806024498567
2015-09-23,0.0,0.0,0.0,2.910806024498567,191.0806024498567
2015-09-24,0.0,0.0,0.0,2.910806024498567,191.0806024498567
2015-09-25,0.0,0.0,0.0,2.910806024498567,191.0806024498567
2015-09-28,0.0,0.0,0.0,2.910806024498567,191.0806024498567
2015-09-29,0.0,0.0,0.0,2.910806024498567,191.0806024498567
2015-09-30,0.0,0.0,0.0,2.910806024498567,191.0806024498567
2015-10-01,0.0,0.0,0.0,2.910806024498567,191.0806024498567
2015-10-02,0.0,0.0,0.0,2.910806024498567,191.0806024498567
2015-10-05,0.0,0.0,0.0,2.910806024498567,191.0806024498567
2015-10-06,0.0,0.0,0.0,2.910806024498567,191.0806024498567
2015-10-07,0.0,0.0,0.0,2.910806024498567,191.0806024498567
2015-10-09,0.0,0.0,0.0,2.910806024498567,191.0806024498567
2015-10-12,0.0,0.0,0.0,2.910806024498567,191.0806024498567
2015-10-13,0.0,0.0,0.0,2.910806024498567,191.0806024498567
2015-10-14,0.0,0.0,0.0,2.910806024498567,191.0806024498567
2015-10-15,0.0,0.0,0.0,2.910806024498567,191.0806024498567
2015-10-16,0.0,0.0,0.0,2.910806024498567,191.0806024498567
2015-10-19,0.0,0.0,0.0,2.910806024498567,191.0806024498567
2015-10-20,0.0,0.0,0.0,2.910806024498567,191.0806024498567
2015-10-21,0.0,0.0,0.0,2.910806024498567,191.0806024498567
2015-10-22,0.0,0.0,0.0,2.910806024498567,191.0806024498567
2015-10-23,0.0,0.0,0.0,2.910806024498567,191.0806024498567
2015-10-26,0.0,0.0,0.0,2.910806024498567,191.0806024498567
2015-10-27,0.0,0.0,0.0,2.910806024498567,191.0806024498567
2015-10-28,0.0,0.0,0.0,2.910806024498567,191.0806024498567
2015-10-29,0.0,0.0,0.0,2.910806024498567,191.0806024498567
2015-10-30,0.0,0.0,0.0,2.910806024498567,191.0806024498567
2015-11-02,0.0,0.0,0.0,2.910806024498567,191.0806024498567
2015-11-03,0.0,0.0,0.0,2.910806024498567,191.0806024498567
2015-11-04,0.0,0.0,0.0,2.910806024498567,191.0806024498567
2015-11-05,0.0,0.0,0.0,2.910806024498567,191.0806024498567
2015-11-06,0.0,0.0,0.0,2.910806024498567,191.0806024498567
2015-11-09,0.0,0.0,0.0,2.910806024498567,191.0806024498567
2015-11-10,0.0,0.0,0.0,2.910806024498567,191.0806024498567
2015-11-11,0.0,0.0,0.0,2.910806024498567,191.0806024498567
2015-11-12,0.0,0.0,0.0,2.910806024498567,191.0806024498567
2015-11-13,0.0,0.0,0.0,2.910806024498567,191.0806024498567
2015-11-16,0.0,0.0,0.0,2.910806024498567,191.0806024498567
2015-11-17,0.0,0.0,0.0,2.910806024498567,191.0806024498567
2015-11-18,0.0,0.0,0.0,2.910806024498567,191.0806024498567
2015-11-19,0.0,0.0,0.0,2.910806024498567,191.0806024498567
2015-11-20,0.0,0.0,0.0,2.910806024498567,191.0806024498567
2015-11-23,0.0,0.0,0.0,2.910806024498567,191.0806024498567
2015-11-24,0.0,0.0,0.0,2.910806024498567,191.0806024498567
2015-11-25,0.0,0.0,0.0,2.910806024498567,191.0806024498567
2015-11-26,0.0,0.0,0.0,2.910806024498567,191.0806024498567
2015-11-27,0.0,0.0,0.0,2.910806024498567,191.0806024498567
2015-11-30,0.0,0.0,0.0,2.910806024498567,191.0806024498567
2015-12-01,0.0,0.0,0.0,2.910806024498567,191.0806024498567
2015-12-02,0.0,0.0,0.0,2.910806024498567,191.0806024498567
2015-12-03,0.0,0.0,0.0,2.910806024498567,191.0806024498567
2015-12-04,0.0,0.0,0.0,2.910806024498567,191.0806024498567
2015-12-07,0.0,0.0,0.0,2.910806024498567,191.0806024498567
2015-12-08,0.0,0.0,0.0,2.910806024498567,191.0806024498567
2015-12-09,0.0,0.0,0.0,2.910806024498567,191.0806024498567
2015-12-10,0.0,0.0,0.0,2.910806024498567,191.0806024498567
2015-12-11,0.0,0.0,0.0,2.910806024498567,191.0806024498567
2015-12-14,0.0,0.0,0.0,2.910806024498567,191.0806024498567
2015-12-15,0.0,0.0,0.0,2.910806024498567,191.0806024498567
2015-12-16,0.0,0.0,0.0,2.910806024498567,191.0806024498567
2015-12-17,0.0,0.0,0.0,2.910806024498567,191.0806024498567
2015-12-18,0.0,0.0,0.0,2.910806024498567,191.0806024498567
2015-12-21,0.0,0.0,0.0,2.910806024498567,191.0806024498567
2015-12-22,0.0,0.0,0.0,2.910806024498567,191.0806024498567
2015-12-23,0.0,0.0,0.0,2.910806024498567,191.0806024498567
2015-12-28,0.0,0.0,0.0,2.910806024498567,191.0806024498567
2015-12-29,0.0,0.0,0.0,2.910806024498567,191.0806024498567
2015-12-30,0.0,0.0,0.0,2.910806024498567,191.0806024498567
2016-01-04,0.0,0.0,0.0,2.910806024498567,191.0806024498567
2016-01-05,0.0,0.0,0.0,2.910806024498567,191.0806024498567
2016-01-07,0.0,0.0,0.0,2.910806024498567,191.0806024498567
2016-01-08,0.0,0.0,0.0,2.910806024498567,191.0806024498567
2016-01-11,0.0,0.0,0.0,2.910806024498567,191.0806024498567
2016-01-12,0.0,0.0,0.0,2.910806024498567,191.0806024498567
2016-01-13,0.0,0.0,0.0,2.910806024498567,191.0806024498567
2016-01-14,0.0,0.0,0.0,2.910806024498567,191.0806024498567
2016-01-15,0.0,0.0,0.0,2.910806024498567,191.0806024498567
2016-01-18,0.0,0.0,0.0,2.910806024498567,191.0806024498567
2016-01-19,0.0,0.0,0.0,2.910806024498567,191.0806024498567
2016-01-20,0.0,-0.1151,0.1151,3.2458397979183524,224.58397979183525
2016-01-21,0.0,0.069,-0.069,3.021876851861986,202.18768518619862
2016-01-22,0.0,-0.0372,0.0372,3.1342906707512515,213.42906707512515
2016-01-25,0.0,0.0,0.0,3.1342906707512515,213.42906707512515
2016-01-26,0.0,0.0,0.0,3.1342906707512515,213.42906707512515
2016-01-27,0.0,0.0,0.0,3.1342906707512515,213.42906707512515
2016-01-28,0.0,0.0,0.0,3.1342906707512515,213.42906707512515
2016-01-29,0.0,0.0,0.0,3.1342906707512515,213.42906707512515
2016-02-01,0.0,0.0,0.0,3.1342906707512515,213.42906707512515
2016-02-02,0.0,0.0,0.0,3.1342906707512515,213.42906707512515
2016-02-03,0.0,0.0,0.0,3.1342906707512515,213.42906707512515
2016-02-04,0.0,0.0,0.0,3.1342906707512515,213.42906707512515
2016-02-05,0.0,0.0,0.0,3.1342906707512515,213.42906707512515
2016-02-08,0.0,0.0,0.0,3.1342906707512515,213.42906707512515
2016-02-09,0.0,0.0,0.0,3.1342906707512515,213.42906707512515
2016-02-10,0.0,0.0,0.0,3.1342906707512515,213.42906707512515
2016-02-11,0.0,0.0,0.0,3.1342906707512515,213.42906707512515
2016-02-12,0.0,0.0,0.0,3.1342906707512515,213.42906707512515
2016-02-15,0.0,0.0,0.0,3.1342906707512515,213.42906707512515
2016-02-16,0.0,0.0,0.0,3.1342906707512515,213.42906707512515
2016-02-17,0.0,0.0,0.0,3.1342906707512515,213.42906707512515
2016-02-18,0.0,0.0,0.0,3.1342906707512515,213.42906707512515
2016-02-19,0.0,0.0,0.0,3.1342906707512515,213.42906707512515
2016-02-22,0.0,0.0,0.0,3.1342906707512515,213.42906707512515
2016-02-23,0.0,0.0,0.0,3.1342906707512515,213.42906707512515
2016-02-24,0.0,0.0,0.0,3.1342906707512515,213.42906707512515
2016-02-25,0.0,0.0,0.0,3.1342906707512515,213.42906707512515
2016-02-26,0.0,0.0,0.0,3.1342906707512515,213.42906707512515
2016-02-29,0.0,0.0,0.0,3.1342906707512515,213.42906707512515
2016-03-01,0.0,0.0,0.0,3.1342906707512515,213.42906707512515
2016-03-02,0.0,0.0,0.0,3.1342906707512515,213.42906707512515
2016-03-03,-0.0083,-0.0037666666666666664,-0.004533333333333334,3.120081886377179,212.00818863771792
2016-03-04,-0.0017,0.010299999999999998,-0.011999999999999999,3.082640903740653,208.2640903740653
2016-03-07,0.0010500000000000002,-0.030166666666666668,0.031216666666666667,3.178870677285757,217.88706772857572
2016-03-08,0.0,-0.041433333333333336,0.041433333333333336,3.310581885681297,231.0581885681297
2016-03-09,-0.00025,0.019533333333333333,-0.019783333333333333,3.2450875407095685,224.50875407095685
2016-03-10,-0.008799999999999999,-0.019200000000000002,0.010400000000000003,3.278836451132948,227.8836451132948
2016-03-11,-0.0378,-0.0028333333333333335,-0.03496666666666667,3.164186469891666,216.4186469891666
2016-03-14,0.0023,0.029900000000000003,-0.027600000000000003,3.076854923322656,207.6854923322656
2016-03-15,0.01345,-0.049,0.062450000000000006,3.2690045132841563,226.90045132841564
2016-03-16,-0.0291,-0.0063999999999999994,-0.0227,3.194798110832606,219.47981108326059
2016-03-17,0.00535,-0.03266666666666667,0.03801666666666667,3.316253685679425,231.6253685679425
2016-03-18,0.01815,-0.001899999999999999,0.02005,3.382744572077297,238.27445720772968
2016-03-21,0.0335,0.014400000000000001,0.0191,3.4473549934039727,244.73549934039727
2016-03-22,0.0,0.0,0.0,3.4473549934039727,244.73549934039727
2016-03-23,0.0,0.0,0.0,3.4473549934039727,244.73549934039727
2016-03-24,0.0,0.0,0.0,3.4473549934039727,244.73549934039727
2016-03-29,0.0,0.0,0.0,3.4473549934039727,244.73549934039727
2016-03-30,0.0,0.0,0.0,3.4473549934039727,244.73549934039727
2016-03-31,0.0,0.0,0.0,3.4473549934039727,244.73549934039727
2016-04-01,0.0,0.0,0.0,3.4473549934039727,244.73549934039727
2016-04-04,0.0,0.0,0.0,3.4473549934039727,244.73549934039727
2016-04-05,0.0,0.0,0.0,3.4473549934039727,244.73549934039727
2016-04-06,0.0,0.0,0.0,3.4473549934039727,244.73549934039727
2016-04-07,0.0,0.0,0.0,3.4473549934039727,244.73549934039727
2016-04-08,0.0,0.0,0.0,3.4473549934039727,244.73549934039727
2016-04-11,0.0,0.0,0.0,3.4473549934039727,244.73549934039727
2016-04-12,0.0,0.0,0.0,3.4473549934039727,244.73549934039727
2016-04-13,0.0,0.0,0.0,3.4473549934039727,244.73549934039727
2016-04-14,0.0,0.0,0.0,3.4473549934039727,244.73549934039727
2016-04-15,0.0,0.0,0.0,3.4473549934039727,244.73549934039727
2016-04-18,0.0,0.0,0.0,3.4473549934039727,244.73549934039727
2016-04-19,0.0,0.0,0.0,3.4473549934039727,244.73549934039727
2016-04-20,0.0,0.0,0.0,3.4473549934039727,244.73549934039727
2016-04-21,0.0,0.0,0.0,3.4473549934039727,244.73549934039727
2016-04-22,0.0,0.0,0.0,3.4473549934039727,244.73549934039727
2016-04-25,0.0,0.0,0.0,3.4473549934039727,244.73549934039727
2016-04-26,0.0,0.0,0.0,3.4473549934039727,244.73549934039727
2016-04-27,0.0,0.0,0.0,3.4473549934039727,244.73549934039727
2016-04-28,0.0,0.0,0.0,3.4473549934039727,244.73549934039727
2016-04-29,0.0,0.0,0.0,3.4473549934039727,244.73549934039727
2016-05-02,0.0,0.0,0.0,3.4473549934039727,244.73549934039727
2016-05-03,0.0,0.0,0.0,3.4473549934039727,244.73549934039727
2016-05-04,0.0,0.0,0.0,3.4473549934039727,244.73549934039727
2016-05-05,0.0,0.0,0.0,3.4473549934039727,244.73549934039727
2016-05-06,0.0,0.0,0.0,3.4473549934039727,244.73549934039727
2016-05-09,0.0,0.0,0.0,3.4473549934039727,244.73549934039727
2016-05-10,0.0,0.0,0.0,3.4473549934039727,244.73549934039727
2016-05-11,0.0,0.0,0.0,3.4473549934039727,244.73549934039727
2016-05-12,0.0,0.0,0.0,3.4473549934039727,244.73549934039727
2016-05-13,0.0,0.0,0.0,3.4473549934039727,244.73549934039727
2016-05-16,0.0,0.0,0.0,3.4473549934039727,244.73549934039727
2016-05-17,0.0,0.0,0.0,3.4473549934039727,244.73549934039727
2016-05-18,0.0,0.0,0.0,3.4473549934039727,244.73549934039727
2016-05-19,0.0,0.0,0.0,3.4473549934039727,244.73549934039727
2016-05-20,0.0,0.0,0.0,3.4473549934039727,244.73549934039727
2016-05-23,0.0,0.0,0.0,3.4473549934039727,244.73549934039727
2016-05-24,0.0,0.0,0.0,3.4473549934039727,244.73549934039727
2016-05-25,0.0,0.0,0.0,3.4473549934039727,244.73549934039727
2016-05-27,0.0,0.0,0.0,3.4473549934039727,244.73549934039727
2016-05-30,0.0,0.0,0.0,3.4473549934039727,244.73549934039727
2016-05-31,0.0,0.0,0.0,3.4473549934039727,244.73549934039727
2016-06-01,0.0,0.0,0.0,3.4473549934039727,244.73549934039727
2016-06-02,0.0,0.0,0.0,3.4473549934039727,244.73549934039727
2016-06-03,0.0,0.0,0.0,3.4473549934039727,244.73549934039727
2016-06-06,0.0,0.0,0.0,3.4473549934039727,244.73549934039727
2016-06-07,0.0,0.0,0.0,3.4473549934039727,244.73549934039727
2016-06-08,0.0,0.0,0.0,3.4473549934039727,244.73549934039727
2016-06-09,0.0,0.0,0.0,3.4473549934039727,244.73549934039727
2016-06-10,0.0,0.0,0.0,3.4473549934039727,244.73549934039727
2016-06-13,0.0,0.0,0.0,3.4473549934039727,244.73549934039727
2016-06-14,0.0,0.0,0.0,3.4473549934039727,244.73549934039727
2016-06-15,0.0,0.0,0.0,3.4473549934039727,244.73549934039727
2016-06-16,0.0,0.0,0.0,3.4473549934039727,244.73549934039727
2016-06-17,0.0,0.0,0.0,3.4473549934039727,244.73549934039727
2016-06-20,0.0,0.0,0.0,3.4473549934039727,244.73549934039727
2016-06-21,0.0,0.0,0.0,3.4473549934039727,244.73549934039727
2016-06-23,0.0,0.0,0.0,3.4473549934039727,244.73549934039727
2016-06-24,0.0,0.0,0.0,3.4473549934039727,244.73549934039727
2016-06-27,0.0,0.0,0.0,3.4473549934039727,244.73549934039727
2016-06-28,0.0,0.0,0.0,3.4473549934039727,244.73549934039727
2016-06-29,0.0,0.0,0.0,3.4473549934039727,244.73549934039727
2016-06-30,0.0,0.0,0.0,3.4473549934039727,244.73549934039727
2016-07-01,0.0,0.0,0.0,3.4473549934039727,244.73549934039727
2016-07-04,0.0,0.0,0.0,3.4473549934039727,244.73549934039727
2016-07-05,0.0,0.0,0.0,3.4473549934039727,244.73549934039727
2016-07-06,0.0,0.0,0.0,3.4473549934039727,244.73549934039727
2016-07-07,0.0,0.0,0.0,3.4473549934039727,244.73549934039727
2016-07-08,0.0,0.0,0.0,3.4473549934039727,244.73549934039727
2016-07-11,0.0,0.0,0.0,3.4473549934039727,244.73549934039727
2016-07-12,0.0,0.0,0.0,3.4473549934039727,244.73549934039727
2016-07-13,0.0,0.0,0.0,3.4473549934039727,244.73549934039727
2016-07-14,0.0,0.0,0.0,3.4473549934039727,244.73549934039727
2016-07-15,0.0,0.0,0.0,3.4473549934039727,244.73549934039727
2016-07-18,0.0,0.0,0.0,3.4473549934039727,244.73549934039727
2016-07-19,0.0,0.0,0.0,3.4473549934039727,244.73549934039727
2016-07-20,0.0,0.0,0.0,3.4473549934039727,244.73549934039727
2016-07-21,0.0,0.0,0.0,3.4473549934039727,244.73549934039727
2016-07-22,0.0,0.0,0.0,3.4473549934039727,244.73549934039727
2016-07-25,0.0,0.0,0.0,3.4473549934039727,244.73549934039727
2016-07-26,0.0,0.0,0.0,3.4473549934039727,244.73549934039727
2016-07-27,0.0,0.0,0.0,3.4473549934039727,244.73549934039727
2016-07-28,0.0,0.0,0.0,3.4473549934039727,244.73549934039727
2016-07-29,0.0,0.0,0.0,3.4473549934039727,244.73549934039727
2016-08-01,0.0,0.0,0.0,3.4473549934039727,244.73549934039727
2016-08-02,0.0,0.0,0.0,3.4473549934039727,244.73549934039727
2016-08-03,0.0,0.0,0.0,3.4473549934039727,244.73549934039727
2016-08-04,0.0,0.0,0.0,3.4473549934039727,244.73549934039727
2016-08-08,0.0,0.0,0.0,3.4473549934039727,244.73549934039727
2016-08-09,0.0,0.0,0.0,3.4473549934039727,244.73549934039727
2016-08-10,0.0,0.0,0.0,3.4473549934039727,244.73549934039727
2016-08-11,0.0,0.0,0.0,3.4473549934039727,244.73549934039727
2016-08-12,0.0,0.0,0.0,3.4473549934039727,244.73549934039727
2016-08-16,0.0,0.0,0.0,3.4473549934039727,244.73549934039727
2016-08-17,0.0,0.0,0.0,3.4473549934039727,244.73549934039727
2016-08-18,0.0,0.0,0.0,3.4473549934039727,244.73549934039727
2016-08-19,0.0,0.0,0.0,3.4473549934039727,244.73549934039727
2016-08-22,0.0,0.0,0.0,3.4473549934039727,244.73549934039727
2016-08-23,0.0,0.0,0.0,3.4473549934039727,244.73549934039727
2016-08-24,0.0,0.0,0.0,3.4473549934039727,244.73549934039727
2016-08-25,0.0,0.0,0.0,3.4473549934039727,244.73549934039727
2016-08-26,0.0,0.0,0.0,3.4473549934039727,244.73549934039727
2016-08-29,0.0,0.0,0.0,3.4473549934039727,244.73549934039727
2016-08-30,0.0,0.0,0.0,3.4473549934039727,244.73549934039727
2016-08-31,0.0,0.0,0.0,3.4473549934039727,244.73549934039727
2016-09-01,0.0,0.0,0.0,3.4473549934039727,244.73549934039727
2016-09-02,0.0,0.0,0.0,3.4473549934039727,244.73549934039727
2016-09-05,0.0,0.0,0.0,3.4473549934039727,244.73549934039727
2016-09-06,0.0,0.0,0.0,3.4473549934039727,244.73549934039727
2016-09-07,0.0,0.0,0.0,3.4473549934039727,244.73549934039727
2016-09-08,0.01795,-0.0028,0.02075,3.518887609517105,251.8887609517105
2016-09-09,0.0099,0.00455,0.005350000000000001,3.5377136582280215,253.77136582280215
2016-09-12,-0.02555,-0.01345,-0.0121,3.4949073229634626,249.49073229634627
2016-09-13,-0.0058000000000000005,0.01685,-0.02265,3.41574767209834,241.57476720983402
2016-09-14,-0.0068,0.00165,-0.00845,3.386884604269109,238.68846042691092
2016-09-15,-0.0048000000000000004,0.01935,-0.024149999999999998,3.30509134107601,230.509134107601
2016-09-16,0.0095,0.0017,0.0078,3.330871053536403,233.0871053536403
2016-09-19,-0.004575,0.0081,-0.012674999999999999,3.288652262932829,228.86522629328292
2016-09-20,0.0,0.0,0.0,3.288652262932829,228.86522629328292
2016-09-21,0.0,0.0,0.0,3.288652262932829,228.86522629328292
2016-09-22,0.0,0.0,0.0,3.288652262932829,228.86522629328292
2016-09-23,0.0,0.0,0.0,3.288652262932829,228.86522629328292
2016-09-26,0.0,0.0,0.0,3.288652262932829,228.86522629328292
2016-09-27,0.0,0.0,0.0,3.288652262932829,228.86522629328292
2016-09-28,0.0,0.0,0.0,3.288652262932829,228.86522629328292
2016-09-29,0.0,0.0,0.0,3.288652262932829,228.86522629328292
2016-09-30,0.0,0.0,0.0,3.288652262932829,228.86522629328292
2016-10-03,0.0,0.0,0.0,3.288652262932829,228.86522629328292
2016-10-04,0.0,0.0,0.0,3.288652262932829,228.86522629328292
2016-10-05,0.0,0.0,0.0,3.288652262932829,228.86522629328292
2016-10-06,0.0,0.0,0.0,3.288652262932829,228.86522629328292
2016-10-07,0.0,0.0,0.0,3.288652262932829,228.86522629328292
2016-10-10,0.0,0.0,0.0,3.288652262932829,228.86522629328292
2016-10-11,0.0,0.0,0.0,3.288652262932829,228.86522629328292
2016-10-12,0.0,0.0,0.0,3.288652262932829,228.86522629328292
2016-10-13,0.0,0.0,0.0,3.288652262932829,228.86522629328292
2016-10-14,0.0,0.0,0.0,3.288652262932829,228.86522629328292
2016-10-17,0.0,0.0,0.0,3.288652262932829,228.86522629328292
2016-10-18,0.0,0.0,0.0,3.288652262932829,228.86522629328292
2016-10-19,0.0,0.0,0.0,3.288652262932829,228.86522629328292
2016-10-20,0.0,0.0,0.0,3.288652262932829,228.86522629328292
2016-10-21,0.0,0.0,0.0,3.288652262932829,228.86522629328292
2016-10-24,0.0,0.0,0.0,3.288652262932829,228.86522629328292
2016-10-25,0.0,0.0,0.0,3.288652262932829,228.86522629328292
2016-10-26,0.0,0.0,0.0,3.288652262932829,228.86522629328292
2016-10-27,0.0,0.0,0.0,3.288652262932829,228.86522629328292
2016-10-28,0.0,0.0,0.0,3.288652262932829,228.86522629328292
2016-10-31,0.0,0.0,0.0,3.288652262932829,228.86522629328292
2016-11-02,0.0,0.0,0.0,3.288652262932829,228.86522629328292
2016-11-03,0.0,0.0,0.0,3.288652262932829,228.86522629328292
2016-11-04,0.0,0.0,0.0,3.288652262932829,228.86522629328292
2016-11-07,0.0,0.0,0.0,3.288652262932829,228.86522629328292
2016-11-08,0.0,0.0,0.0,3.288652262932829,228.86522629328292
2016-11-09,0.0,0.0,0.0,3.288652262932829,228.86522629328292
2016-11-10,0.0,-0.0208,0.0208,3.357056230001832,235.70562300018318
2016-11-11,0.0,0.0128,-0.0128,3.314085910257808,231.40859102578082
2016-11-14,0.0,-0.0114,0.0114,3.3518664896347476,235.18664896347477
2016-11-15,0.0,0.0085,-0.0085,3.3233756244728525,232.33756244728525
2016-11-16,0.0,0.0051,-0.0051,3.306426408788041,230.6426408788041
2016-11-17,0.0,0.0,0.0,3.306426408788041,230.6426408788041
2016-11-18,0.0,0.0,0.0,3.306426408788041,230.6426408788041
2016-11-21,0.0,0.0127,-0.0127,3.2644347933964326,226.44347933964326
2016-11-22,0.0,0.0,0.0,3.2644347933964326,226.44347933964326
2016-11-23,0.0,0.0,0.0,3.2644347933964326,226.44347933964326
2016-11-24,0.0,0.0,0.0,3.2644347933964326,226.44347933964326
2016-11-25,0.0,0.0,0.0,3.2644347933964326,226.44347933964326
2016-11-28,0.0,0.0,0.0,3.2644347933964326,226.44347933964326
2016-11-29,0.0,0.0,0.0,3.2644347933964326,226.44347933964326
2016-11-30,0.0,0.0,0.0,3.2644347933964326,226.44347933964326
2016-12-01,0.0,0.0,0.0,3.2644347933964326,226.44347933964326
2016-12-02,0.0,0.0,0.0,3.2644347933964326,226.44347933964326
2016-12-05,0.0,0.0,0.0,3.2644347933964326,226.44347933964326
2016-12-06,0.0,0.0,0.0,3.2644347933964326,226.44347933964326
2016-12-07,0.0,0.0,0.0,3.2644347933964326,226.44347933964326
2016-12-08,0.0,0.0,0.0,3.2644347933964326,226.44347933964326
2016-12-09,0.0,0.0,0.0,3.2644347933964326,226.44347933964326
2016-12-12,0.0,0.0,0.0,3.2644347933964326,226.44347933964326
2016-12-13,0.0,0.0,0.0,3.2644347933964326,226.44347933964326
2016-12-14,0.0,0.0,0.0,3.2644347933964326,226.44347933964326
2016-12-15,0.0,0.0,0.0,3.2644347933964326,226.44347933964326
2016-12-16,0.0,0.0,0.0,3.2644347933964326,226.44347933964326
2016-12-19,0.0,0.0,0.0,3.2644347933964326,226.44347933964326
2016-12-20,0.0,0.0,0.0,3.2644347933964326,226.44347933964326
2016-12-21,0.0,0.0,0.0,3.2644347933964326,226.44347933964326
2016-12-22,0.0,0.0,0.0,3.2644347933964326,226.44347933964326
2016-12-23,0.0,0.0,0.0,3.2644347933964326,226.44347933964326
2016-12-27,0.0,0.0,0.0,3.2644347933964326,226.44347933964326
2016-12-28,0.0,0.0,0.0,3.2644347933964326,226.44347933964326
2016-12-29,0.0,0.0,0.0,3.2644347933964326,226.44347933964326
2016-12-30,0.0,0.0,0.0,3.2644347933964326,226.44347933964326
2017-01-02,0.0,0.0,0.0,3.2644347933964326,226.44347933964326
2017-01-03,0.0,0.0,0.0,3.2644347933964326,226.44347933964326
2017-01-04,0.0,0.0,0.0,3.2644347933964326,226.44347933964326
2017-01-05,0.0,0.0,0.0,3.2644347933964326,226.44347933964326
2017-01-09,0.0,0.0,0.0,3.2644347933964326,226.44347933964326
2017-01-10,0.0,0.0,0.0,3.2644347933964326,226.44347933964326
2017-01-11,0.0,0.0,0.0,3.2644347933964326,226.44347933964326
2017-01-12,0.0,0.0,0.0,3.2644347933964326,226.44347933964326
2017-01-13,0.0,0.0,0.0,3.2644347933964326,226.44347933964326
2017-01-16,0.0,0.0,0.0,3.2644347933964326,226.44347933964326
2017-01-17,0.0,0.0,0.0,3.2644347933964326,226.44347933964326
2017-01-18,0.0,0.0,0.0,3.2644347933964326,226.44347933964326
2017-01-19,0.0,0.0,0.0,3.2644347933964326,226.44347933964326
2017-01-20,0.0,0.0,0.0,3.2644347933964326,226.44347933964326
2017-01-23,0.0,0.0,0.0,3.2644347933964326,226.44347933964326
2017-01-24,0.0,0.0,0.0,3.2644347933964326,226.44347933964326
2017-01-25,0.0,0.0,0.0,3.2644347933964326,226.44347933964326
2017-01-26,0.0,0.0,0.0,3.2644347933964326,226.44347933964326
2017-01-27,0.0,0.0,0.0,3.2644347933964326,226.44347933964326
2017-01-30,0.0,0.0,0.0,3.2644347933964326,226.44347933964326
2017-01-31,0.0,0.0,0.0,3.2644347933964326,226.44347933964326
2017-02-01,0.0,0.0,0.0,3.2644347933964326,226.44347933964326
2017-02-02,0.0,0.0,0.0,3.2644347933964326,226.44347933964326
2017-02-03,0.0,0.0,0.0,3.2644347933964326,226.44347933964326
2017-02-06,0.0,0.0,0.0,3.2644347933964326,226.44347933964326
2017-02-07,0.0,0.0,0.0,3.2644347933964326,226.44347933964326
2017-02-08,0.0,0.0,0.0,3.2644347933964326,226.44347933964326
2017-02-09,0.0,0.0,0.0,3.2644347933964326,226.44347933964326
2017-02-10,0.0,0.0,0.0,3.2644347933964326,226.44347933964326
2017-02-13,0.0,0.0,0.0,3.2644347933964326,226.44347933964326
2017-02-14,0.0,0.0,0.0,3.2644347933964326,226.44347933964326
2017-02-15,0.0,0.0,0.0,3.2644347933964326,226.44347933964326
2017-02-16,0.0,0.0,0.0,3.2644347933964326,226.44347933964326
2017-02-17,0.0,0.0,0.0,3.2644347933964326,226.44347933964326
2017-02-20,0.0,0.0,0.0,3.2644347933964326,226.44347933964326
2017-02-21,0.0,0.0,0.0,3.2644347933964326,226.44347933964326
2017-02-22,0.0,0.0,0.0,3.2644347933964326,226.44347933964326
2017-02-23,0.0,0.0,0.0,3.2644347933964326,226.44347933964326
2017-02-24,0.0,0.0,0.0,3.2644347933964326,226.44347933964326
2017-02-27,0.0,0.0,0.0,3.2644347933964326,226.44347933964326
2017-02-28,0.0,0.0,0.0,3.2644347933964326,226.44347933964326
2017-03-01,0.0,0.0,0.0,3.2644347933964326,226.44347933964326
2017-03-02,0.0,0.0,0.0,3.2644347933964326,226.44347933964326
2017-03-03,0.0,0.0,0.0,3.2644347933964326,226.44347933964326
2017-03-06,0.03256,0.004525,0.028034999999999997,3.3559532228293016,235.59532228293017
2017-03-07,0.005659999999999999,-0.011375,0.017034999999999998,3.4131218859801984,241.31218859801984
2017-03-08,-0.0043799999999999985,0.01235,-0.01673,3.3560203568277496,235.60203568277495
2017-03-09,-0.011640000000000001,-0.012424999999999999,0.0007849999999999975,3.3586548328078596,235.86548328078595
2017-03-10,0.012580000000000001,0.00025,0.01233,3.4000670468963805,240.00670468963804
2017-03-13,-0.00938,-0.00435,-0.00503,3.3829647096504916,238.29647096504917
2017-03-14,-0.0010200000000000003,-0.0032,0.0021799999999999996,3.39033957271753,239.033957271753
2017-03-15,-0.01934,-0.008199999999999999,-0.01114,3.3525711898774566,235.25711898774566
2017-03-16,0.0014200000000000003,0.0082,-0.0067800000000000004,3.3298407572100874,232.98407572100874
2017-03-17,0.0104,-0.00905,0.019450000000000002,3.3946061599378234,239.46061599378234
2017-03-20,-0.006759999999999999,0.003325,-0.010084999999999998,3.3603715568148504,236.03715568148505
2017-03-21,0.0,0.0,0.0,3.3603715568148504,236.03715568148505
2017-03-22,0.0,0.0,0.0,3.3603715568148504,236.03715568148505
2017-03-23,0.0,0.0,0.0,3.3603715568148504,236.03715568148505
2017-03-24,0.0,0.0,0.0,3.3603715568148504,236.03715568148505
2017-03-27,0.0,0.0,0.0,3.3603715568148504,236.03715568148505
2017-03-28,0.0,0.0,0.0,3.3603715568148504,236.03715568148505
2017-03-29,0.0,0.0,0.0,3.3603715568148504,236.03715568148505
2017-03-30,0.0,0.0,0.0,3.3603715568148504,236.03715568148505
2017-03-31,0.0,0.0,0.0,3.3603715568148504,236.03715568148505
2017-04-03,0.0,0.0,0.0,3.3603715568148504,236.03715568148505
2017-04-04,0.0,0.0,0.0,3.3603715568148504,236.03715568148505
2017-04-05,0.0,0.0,0.0,3.3603715568148504,236.03715568148505
2017-04-06,0.0,0.0,0.0,3.3603715568148504,236.03715568148505
2017-04-07,0.0,0.0,0.0,3.3603715568148504,236.03715568148505
2017-04-10,0.0,0.0,0.0,3.3603715568148504,236.03715568148505
2017-04-11,0.0,0.0,0.0,3.3603715568148504,236.03715568148505
2017-04-12,0.0,0.0,0.0,3.3603715568148504,236.03715568148505
2017-04-13,0.0,0.0,0.0,3.3603715568148504,236.03715568148505
2017-04-18,0.0,0.0,0.0,3.3603715568148504,236.03715568148505
2017-04-19,0.0,0.0,0.0,3.3603715568148504,236.03715568148505
2017-04-20,0.0,0.0,0.0,3.3603715568148504,236.03715568148505
2017-04-21,0.0,0.0,0.0,3.3603715568148504,236.03715568148505
2017-04-24,0.0,0.0,0.0,3.3603715568148504,236.03715568148505
2017-04-25,0.0,0.0,0.0,3.3603715568148504,236.03715568148505
2017-04-26,0.0,0.0,0.0,3.3603715568148504,236.03715568148505
2017-04-27,0.0,0.0,0.0,3.3603715568148504,236.03715568148505
2017-04-28,0.0,0.0,0.0,3.3603715568148504,236.03715568148505
2017-05-02,0.0,0.0,0.0,3.3603715568148504,236.03715568148505
2017-05-03,0.0,0.0,0.0,3.3603715568148504,236.03715568148505
2017-05-04,0.0,0.0,0.0,3.3603715568148504,236.03715568148505
2017-05-05,0.0,0.0,0.0,3.3603715568148504,236.03715568148505
2017-05-08,0.0,0.0,0.0,3.3603715568148504,236.03715568148505
2017-05-09,0.0,0.0,0.0,3.3603715568148504,236.03715568148505
2017-05-10,0.0,0.0,0.0,3.3603715568148504,236.03715568148505
2017-05-11,0.0,0.0,0.0,3.3603715568148504,236.03715568148505
2017-05-12,0.0,0.0,0.0,3.3603715568148504,236.03715568148505
2017-05-15,0.0,0.0,0.0,3.3603715568148504,236.03715568148505
2017-05-16,0.0,0.0,0.0,3.3603715568148504,236.03715568148505
2017-05-17,0.0,0.0,0.0,3.3603715568148504,236.03715568148505
2017-05-18,0.0,0.0,0.0,3.3603715568148504,236.03715568148505
2017-05-19,0.0,0.0,0.0,3.3603715568148504,236.03715568148505
2017-05-22,0.0,0.0,0.0,3.3603715568148504,236.03715568148505
2017-05-23,0.0,0.0,0.0,3.3603715568148504,236.03715568148505
2017-05-24,0.0,0.0,0.0,3.3603715568148504,236.03715568148505
2017-05-25,0.0,0.0,0.0,3.3603715568148504,236.03715568148505
2017-05-26,0.0,0.0,0.0,3.3603715568148504,236.03715568148505
2017-05-29,0.0,0.0,0.0,3.3603715568148504,236.03715568148505
2017-05-30,0.0,0.0,0.0,3.3603715568148504,236.03715568148505
2017-05-31,0.0,0.0,0.0,3.3603715568148504,236.03715568148505
2017-06-01,0.0,0.0,0.0,3.3603715568148504,236.03715568148505
2017-06-02,0.0,0.0,0.0,3.3603715568148504,236.03715568148505
2017-06-05,0.0,0.0,0.0,3.3603715568148504,236.03715568148505
2017-06-06,0.0,0.0,0.0,3.3603715568148504,236.03715568148505
2017-06-07,0.0,0.0,0.0,3.3603715568148504,236.03715568148505
2017-06-08,0.0,0.0,0.0,3.3603715568148504,236.03715568148505
2017-06-09,0.0,0.0644,-0.0644,3.143963628555974,214.39636285559743
2017-06-12,0.0,0.0945,-0.0945,2.8468590656574344,184.68590656574344
2017-06-13,0.0,0.236,-0.236,2.17500032616228,117.50003261622801
2017-06-14,0.0,0.0837,-0.0837,1.9929527988624973,99.29527988624973
2017-06-16,0.0,-0.021,0.021,2.0348048076386096,103.48048076386095
2017-06-19,0.0,-0.0411,0.0411,2.118435285232556,111.84352852325561
2017-06-20,0.0,0.0,0.0,2.118435285232556,111.84352852325561
2017-06-21,0.0,0.0,0.0,2.118435285232556,111.84352852325561
2017-06-23,0.0,0.0,0.0,2.118435285232556,111.84352852325561
2017-06-26,0.0,0.0,0.0,2.118435285232556,111.84352852325561
2017-06-27,0.0,0.0,0.0,2.118435285232556,111.84352852325561
2017-06-28,0.0,0.0,0.0,2.118435285232556,111.84352852325561
2017-06-29,0.0,0.0,0.0,2.118435285232556,111.84352852325561
2017-06-30,0.0,0.0,0.0,2.118435285232556,111.84352852325561
2017-07-03,0.0,0.0,0.0,2.118435285232556,111.84352852325561
2017-07-04,0.0,0.0,0.0,2.118435285232556,111.84352852325561
2017-07-05,0.0,0.0,0.0,2.118435285232556,111.84352852325561
2017-07-06,0.0,0.0,0.0,2.118435285232556,111.84352852325561
2017-07-07,0.0,0.0,0.0,2.118435285232556,111.84352852325561
2017-07-10,0.0,0.0,0.0,2.118435285232556,111.84352852325561
2017-07-11,0.0,0.0,0.0,2.118435285232556,111.84352852325561
2017-07-12,0.0,0.0,0.0,2.118435285232556,111.84352852325561
2017-07-13,0.0,0.0,0.0,2.118435285232556,111.84352852325561
2017-07-14,0.0,0.0,0.0,2.118435285232556,111.84352852325561
2017-07-17,0.0,0.0,0.0,2.118435285232556,111.84352852325561
2017-07-18,0.0,0.0,0.0,2.118435285232556,111.84352852325561
2017-07-19,0.0,0.0,0.0,2.118435285232556,111.84352852325561
2017-07-20,0.0,0.0,0.0,2.118435285232556,111.84352852325561
2017-07-21,0.0,0.0,0.0,2.118435285232556,111.84352852325561
2017-07-24,0.0,0.0,0.0,2.118435285232556,111.84352852325561
2017-07-25,0.0,0.0,0.0,2.118435285232556,111.84352852325561
2017-07-26,0.0,0.0,0.0,2.118435285232556,111.84352852325561
2017-07-27,0.0,0.0,0.0,2.118435285232556,111.84352852325561
2017-07-28,0.0,0.0,0.0,2.118435285232556,111.84352852325561
2017-07-31,0.0,0.0,0.0,2.118435285232556,111.84352852325561
2017-08-01,0.0,0.0,0.0,2.118435285232556,111.84352852325561
2017-08-02,0.0,0.0,0.0,2.118435285232556,111.84352852325561
2017-08-03,0.0,0.0,0.0,2.118435285232556,111.84352852325561
2017-08-04,0.0,0.0,0.0,2.118435285232556,111.84352852325561
2017-08-07,0.0,0.0,0.0,2.118435285232556,111.84352852325561
2017-08-08,0.0,0.0,0.0,2.118435285232556,111.84352852325561
2017-08-09,0.0,0.0,0.0,2.118435285232556,111.84352852325561
2017-08-10,0.0,0.0,0.0,2.118435285232556,111.84352852325561
2017-08-11,0.0,0.0,0.0,2.118435285232556,111.84352852325561
2017-08-14,0.0,0.0,0.0,2.118435285232556,111.84352852325561
2017-08-16,0.0,0.0,0.0,2.118435285232556,111.84352852325561
2017-08-17,0.0,0.0,0.0,2.118435285232556,111.84352852325561
2017-08-18,0.0,0.0,0.0,2.118435285232556,111.84352852325561
2017-08-21,0.0,0.0,0.0,2.118435285232556,111.84352852325561
2017-08-22,0.0,0.0,0.0,2.118435285232556,111.84352852325561
2017-08-23,0.0,0.0,0.0,2.118435285232556,111.84352852325561
2017-08-24,0.0,0.0,0.0,2.118435285232556,111.84352852325561
2017-08-25,0.0,0.0,0.0,2.118435285232556,111.84352852325561
2017-08-28,0.0,0.0,0.0,2.118435285232556,111.84352852325561
2017-08-29,0.0,0.0,0.0,2.118435285232556,111.84352852325561
2017-08-30,0.0,0.0,0.0,2.118435285232556,111.84352852325561
2017-08-31,0.0,0.0,0.0,2.118435285232556,111.84352852325561
2017-09-01,0.0,0.0,0.0,2.118435285232556,111.84352852325561
2017-09-04,0.0,0.0,0.0,2.118435285232556,111.84352852325561
2017-09-05,0.0,0.0,0.0,2.118435285232556,111.84352852325561
2017-09-06,0.0,0.0,0.0,2.118435285232556,111.84352852325561
2017-09-07,0.0,0.0,0.0,2.118435285232556,111.84352852325561
2017-09-08,-0.0045,0.001,-0.0055,2.106783891163777,110.6783891163777
2017-09-11,0.0367,-0.04223333333333334,0.07893333333333334,2.2730793663063045,127.30793663063045
2017-09-12,-0.0318,0.018699999999999998,-0.0505,2.158288858307836,115.8288858307836
2017-09-13,-0.0369,-0.027533333333333333,-0.009366666666666669,2.138072886001686,113.8072886001686
2017-09-14,0.0451,-0.017466666666666665,0.06256666666666666,2.2718449795691913,127.18449795691913
2017-09-15,0.0,0.04766666666666666,-0.04766666666666666,2.1635537022097266,116.35537022097266
2017-09-18,-0.0835,0.0196,-0.1031,1.940491315511904,94.04913155119038
2017-09-19,0.0,0.0,0.0,1.940491315511904,94.04913155119038
2017-09-20,0.0,0.0,0.0,1.940491315511904,94.04913155119038
2017-09-21,0.0,0.0,0.0,1.940491315511904,94.04913155119038
2017-09-22,0.0,0.0,0.0,1.940491315511904,94.04913155119038
2017-09-25,0.0,0.0,0.0,1.940491315511904,94.04913155119038
2017-09-26,0.0,0.0,0.0,1.940491315511904,94.04913155119038
2017-09-27,0.0,0.0,0.0,1.940491315511904,94.04913155119038
2017-09-28,0.0,0.0,0.0,1.940491315511904,94.04913155119038
2017-09-29,0.0,0.0,0.0,1.940491315511904,94.04913155119038
2017-10-02,0.0,0.0,0.0,1.940491315511904,94.04913155119038
2017-10-03,0.0,0.0,0.0,1.940491315511904,94.04913155119038
2017-10-04,0.0,0.0,0.0,1.940491315511904,94.04913155119038
2017-10-05,0.0,0.0,0.0,1.940491315511904,94.04913155119038
2017-10-06,0.0,0.0,0.0,1.940491315511904,94.04913155119038
2017-10-09,0.0,0.0,0.0,1.940491315511904,94.04913155119038
2017-10-10,0.0,0.0,0.0,1.940491315511904,94.04913155119038
2017-10-11,0.0,0.0,0.0,1.940491315511904,94.04913155119038
2017-10-12,0.0,0.0,0.0,1.940491315511904,94.04913155119038
2017-10-13,0.0,0.0,0.0,1.940491315511904,94.04913155119038
2017-10-16,0.0,0.0,0.0,1.940491315511904,94.04913155119038
2017-10-17,0.0,0.0,0.0,1.940491315511904,94.04913155119038
2017-10-18,0.0,0.0,0.0,1.940491315511904,94.04913155119038
2017-10-19,0.0,0.0,0.0,1.940491315511904,94.04913155119038
2017-10-20,0.0,0.0,0.0,1.940491315511904,94.04913155119038
2017-10-23,0.0,0.0,0.0,1.940491315511904,94.04913155119038
2017-10-24,0.0,0.0,0.0,1.940491315511904,94.04913155119038
2017-10-25,0.0,0.0,0.0,1.940491315511904,94.04913155119038
2017-10-26,0.0,0.0,0.0,1.940491315511904,94.04913155119038
2017-10-27,0.0,0.0,0.0,1.940491315511904,94.04913155119038
2017-10-30,0.0,0.0,0.0,1.940491315511904,94.04913155119038
2017-10-31,0.0,0.0,0.0,1.940491315511904,94.04913155119038
2017-11-02,0.0,0.0,0.0,1.940491315511904,94.04913155119038
2017-11-03,0.0,0.0,0.0,1.940491315511904,94.04913155119038
2017-11-06,0.0,0.0,0.0,1.940491315511904,94.04913155119038
2017-11-07,0.0,0.0,0.0,1.940491315511904,94.04913155119038
2017-11-08,0.0,0.0,0.0,1.940491315511904,94.04913155119038
2017-11-09,0.0,0.0,0.0,1.940491315511904,94.04913155119038
2017-11-10,0.0,0.0,0.0,1.940491315511904,94.04913155119038
2017-11-13,0.0,0.0,0.0,1.940491315511904,94.04913155119038
2017-11-14,0.0,0.0,0.0,1.940491315511904,94.04913155119038
2017-11-15,0.0,0.0,0.0,1.940491315511904,94.04913155119038
2017-11-16,0.0,0.0,0.0,1.940491315511904,94.04913155119038
2017-11-17,0.0,0.0,0.0,1.940491315511904,94.04913155119038
2017-11-20,0.0,0.0,0.0,1.940491315511904,94.04913155119038
2017-11-21,0.0,0.0,0.0,1.940491315511904,94.04913155119038
2017-11-22,0.0,0.0,0.0,1.940491315511904,94.04913155119038
2017-11-23,0.0,0.0,0.0,1.940491315511904,94.04913155119038
2017-11-24,0.0,0.0,0.0,1.940491315511904,94.04913155119038
2017-11-27,0.0,0.0,0.0,1.940491315511904,94.04913155119038
2017-11-28,0.0,0.0,0.0,1.940491315511904,94.04913155119038
2017-11-29,0.0,0.0,0.0,1.940491315511904,94.04913155119038
2017-11-30,0.0,0.0,0.0,1.940491315511904,94.04913155119038
2017-12-01,0.0,0.0,0.0,1.940491315511904,94.04913155119038
2017-12-04,0.0,0.0,0.0,1.940491315511904,94.04913155119038
2017-12-05,0.0,0.0,0.0,1.940491315511904,94.04913155119038
2017-12-06,0.0,0.0,0.0,1.940491315511904,94.04913155119038
2017-12-07,0.0,0.0,0.0,1.940491315511904,94.04913155119038
2017-12-08,0.0,0.0,0.0,1.940491315511904,94.04913155119038
2017-12-11,0.0,0.0,0.0,1.940491315511904,94.04913155119038
2017-12-12,0.0,0.0,0.0,1.940491315511904,94.04913155119038
2017-12-13,0.0,0.0,0.0,1.940491315511904,94.04913155119038
2017-12-14,0.0,0.0,0.0,1.940491315511904,94.04913155119038
2017-12-15,0.0,0.0,0.0,1.940491315511904,94.04913155119038
2017-12-18,0.0,0.0,0.0,1.940491315511904,94.04913155119038
2017-12-19,0.0,0.0,0.0,1.940491315511904,94.04913155119038
2017-12-20,0.0,0.0,0.0,1.940491315511904,94.04913155119038
2017-12-21,0.0,0.0,0.0,1.940491315511904,94.04913155119038
2017-12-22,0.0,0.0,0.0,1.940491315511904,94.04913155119038
2017-12-27,0.0,0.0,0.0,1.940491315511904,94.04913155119038
2017-12-28,0.0,0.0,0.0,1.940491315511904,94.04913155119038
2017-12-29,0.0,0.0,0.0,1.940491315511904,94.04913155119038
2018-01-02,0.0,0.0,0.0,1.940491315511904,94.04913155119038
2018-01-03,0.0,0.0,0.0,1.940491315511904,94.04913155119038
2018-01-04,0.0,0.0,0.0,1.940491315511904,94.04913155119038
2018-01-05,0.0,0.0,0.0,1.940491315511904,94.04913155119038
2018-01-08,0.0,0.0,0.0,1.940491315511904,94.04913155119038
2018-01-09,0.0,0.0,0.0,1.940491315511904,94.04913155119038
2018-01-10,0.0,0.0,0.0,1.940491315511904,94.04913155119038
2018-01-11,0.0,0.0,0.0,1.940491315511904,94.04913155119038
2018-01-12,0.0,0.0,0.0,1.940491315511904,94.04913155119038
2018-01-15,0.0,0.0,0.0,1.940491315511904,94.04913155119038
2018-01-16,0.0,0.0,0.0,1.940491315511904,94.04913155119038
2018-01-17,0.0,0.0,0.0,1.940491315511904,94.04913155119038
2018-01-18,0.0,0.0,0.0,1.940491315511904,94.04913155119038
2018-01-19,0.0,0.0,0.0,1.940491315511904,94.04913155119038
2018-01-22,0.0,0.0,0.0,1.940491315511904,94.04913155119038
2018-01-23,0.0,0.0,0.0,1.940491315511904,94.04913155119038
2018-01-24,0.0,0.0,0.0,1.940491315511904,94.04913155119038
2018-01-25,0.0,0.0,0.0,1.940491315511904,94.04913155119038
2018-01-26,0.0,0.0,0.0,1.940491315511904,94.04913155119038
2018-01-29,0.0,0.0,0.0,1.940491315511904,94.04913155119038
2018-01-30,0.0,0.0,0.0,1.940491315511904,94.04913155119038
2018-01-31,0.0,0.0,0.0,1.940491315511904,94.04913155119038
2018-02-01,0.0,0.0,0.0,1.940491315511904,94.04913155119038
2018-02-02,0.0,0.0,0.0,1.940491315511904,94.04913155119038
2018-02-05,0.0,0.0,0.0,1.940491315511904,94.04913155119038
2018-02-06,0.0,0.0,0.0,1.940491315511904,94.04913155119038
2018-02-07,0.0,0.0,0.0,1.940491315511904,94.04913155119038
2018-02-08,0.0,0.0,0.0,1.940491315511904,94.04913155119038
2018-02-09,0.0,0.0,0.0,1.940491315511904,94.04913155119038
2018-02-12,0.0,0.0,0.0,1.940491315511904,94.04913155119038
2018-02-13,0.0,0.0,0.0,1.940491315511904,94.04913155119038
2018-02-14,0.0,0.0,0.0,1.940491315511904,94.04913155119038
2018-02-15,0.0,0.0,0.0,1.940491315511904,94.04913155119038
2018-02-16,0.0,0.0,0.0,1.940491315511904,94.04913155119038
2018-02-19,0.0,0.0,0.0,1.940491315511904,94.04913155119038
2018-02-20,0.0,0.0,0.0,1.940491315511904,94.04913155119038
2018-02-21,0.0,0.0,0.0,1.940491315511904,94.04913155119038
2018-02-22,0.0,0.0,0.0,1.940491315511904,94.04913155119038
2018-02-23,0.0,0.0,0.0,1.940491315511904,94.04913155119038
2018-02-26,0.0,0.0,0.0,1.940491315511904,94.04913155119038
2018-02-27,0.0,0.0,0.0,1.940491315511904,94.04913155119038
2018-02-28,0.0,0.0,0.0,1.940491315511904,94.04913155119038
2018-03-01,0.0,0.0,0.0,1.940491315511904,94.04913155119038
2018-03-02,0.0,0.0,0.0,1.940491315511904,94.04913155119038
2018-03-05,0.0,0.0,0.0,1.940491315511904,94.04913155119038
2018-03-06,0.0,0.0,0.0,1.940491315511904,94.04913155119038
2018-03-07,-0.012549999999999999,0.0163,-0.028849999999999997,1.8845081410593854,88.45081410593853
2018-03-08,0.009825,-0.02,0.029825,1.9407135963664814,94.07135963664814
2018-03-09,0.035074999999999995,0.0082,0.026874999999999996,1.9928702742688307,99.28702742688307
2018-03-12,0.0051,-0.0081,0.0132,2.0191761618891793,101.91761618891792
2018-03-13,-0.02455,0.0163,-0.04085,1.9366928156760062,93.66928156760062
2018-03-14,0.007825,0.0,0.007825,1.951847436958671,95.1847436958671
2018-03-15,0.0003750000000000014,-0.0241,0.024475,1.9996189029782345,99.96189029782346
2018-03-16,-0.002875000000000001,-0.0041,0.0012249999999999995,2.002068436134383,100.20684361343828
2018-03-19,0.00265,0.0,0.00265,2.007373917490139,100.73739174901388
2018-03-20,0.0,0.0,0.0,2.007373917490139,100.73739174901388
2018-03-21,0.0,0.0,0.0,2.007373917490139,100.73739174901388
2018-03-22,0.0,0.0,0.0,2.007373917490139,100.73739174901388
2018-03-23,0.0,0.0,0.0,2.007373917490139,100.73739174901388
2018-03-26,0.0,0.0,0.0,2.007373917490139,100.73739174901388
2018-03-27,0.0,0.0,0.0,2.007373917490139,100.73739174901388
2018-03-28,0.0,0.0,0.0,2.007373917490139,100.73739174901388
2018-03-29,0.0,0.0,0.0,2.007373917490139,100.73739174901388
2018-04-03,0.0,0.0,0.0,2.007373917490139,100.73739174901388
2018-04-04,0.0,0.0,0.0,2.007373917490139,100.73739174901388
2018-04-05,0.0,0.0,0.0,2.007373917490139,100.73739174901388
2018-04-06,0.0,0.0,0.0,2.007373917490139,100.73739174901388
2018-04-09,0.0,0.0,0.0,2.007373917490139,100.73739174901388
2018-04-10,0.0,0.0,0.0,2.007373917490139,100.73739174901388
2018-04-11,0.0,0.0,0.0,2.007373917490139,100.73739174901388
2018-04-12,0.0,0.0,0.0,2.007373917490139,100.73739174901388
2018-04-13,0.0,0.0,0.0,2.007373917490139,100.73739174901388
2018-04-16,0.0,0.0,0.0,2.007373917490139,100.73739174901388
2018-04-17,0.0,0.0,0.0,2.007373917490139,100.73739174901388
2018-04-18,0.0,0.0,0.0,2.007373917490139,100.73739174901388
2018-04-19,0.0,0.0,0.0,2.007373917490139,100.73739174901388
2018-04-20,0.0,0.0,0.0,2.007373917490139,100.73739174901388
2018-04-23,0.0,0.0,0.0,2.007373917490139,100.73739174901388
2018-04-24,0.0,0.0,0.0,2.007373917490139,100.73739174901388
2018-04-25,0.0,0.0,0.0,2.007373917490139,100.73739174901388
2018-04-26,0.0,0.0,0.0,2.007373917490139,100.73739174901388
2018-04-27,0.0,0.0,0.0,2.007373917490139,100.73739174901388
2018-04-30,0.0,0.0,0.0,2.007373917490139,100.73739174901388
2018-05-02,0.0,0.0,0.0,2.007373917490139,100.73739174901388
2018-05-03,0.0,0.0,0.0,2.007373917490139,100.73739174901388
2018-05-04,0.0,0.0,0.0,2.007373917490139,100.73739174901388
2018-05-07,0.0,0.0,0.0,2.007373917490139,100.73739174901388
2018-05-08,0.0,0.0,0.0,2.007373917490139,100.73739174901388
2018-05-09,0.0,0.0,0.0,2.007373917490139,100.73739174901388
2018-05-10,0.0,0.0,0.0,2.007373917490139,100.73739174901388
2018-05-11,0.0,0.0,0.0,2.007373917490139,100.73739174901388
2018-05-14,0.0,0.0,0.0,2.007373917490139,100.73739174901388
2018-05-15,0.0,0.0,0.0,2.007373917490139,100.73739174901388
2018-05-16,0.0,0.0,0.0,2.007373917490139,100.73739174901388
2018-05-17,0.0,0.0,0.0,2.007373917490139,100.73739174901388
2018-05-18,0.0,0.0,0.0,2.007373917490139,100.73739174901388
2018-05-21,0.0,0.0,0.0,2.007373917490139,100.73739174901388
2018-05-22,0.0,0.0,0.0,2.007373917490139,100.73739174901388
2018-05-23,0.0,0.0,0.0,2.007373917490139,100.73739174901388
2018-05-24,0.0,0.0,0.0,2.007373917490139,100.73739174901388
2018-05-25,0.0,0.0,0.0,2.007373917490139,100.73739174901388
2018-05-28,0.0,0.0,0.0,2.007373917490139,100.73739174901388
2018-05-29,0.0,0.0,0.0,2.007373917490139,100.73739174901388
2018-05-30,0.0,0.0,0.0,2.007373917490139,100.73739174901388
2018-06-01,0.0,0.0,0.0,2.007373917490139,100.73739174901388
2018-06-04,0.0,0.0,0.0,2.007373917490139,100.73739174901388
2018-06-05,0.0,0.0,0.0,2.007373917490139,100.73739174901388
2018-06-06,0.0,0.0,0.0,2.007373917490139,100.73739174901388
2018-06-07,0.0,0.0,0.0,2.007373917490139,100.73739174901388
2018-06-08,0.0,0.0,0.0,2.007373917490139,100.73739174901388
2018-06-11,0.0,0.0,0.0,2.007373917490139,100.73739174901388
2018-06-12,0.0,0.0,0.0,2.007373917490139,100.73739174901388
2018-06-13,0.0,0.0,0.0,2.007373917490139,100.73739174901388
2018-06-14,0.0,0.0,0.0,2.007373917490139,100.73739174901388
2018-06-15,0.0,0.0,0.0,2.007373917490139,100.73739174901388
2018-06-18,0.0,0.0,0.0,2.007373917490139,100.73739174901388
2018-06-19,0.0,0.0,0.0,2.007373917490139,100.73739174901388
2018-06-20,0.0,0.0,0.0,2.007373917490139,100.73739174901388
2018-06-21,0.0,0.0,0.0,2.007373917490139,100.73739174901388
2018-06-26,0.0,0.0,0.0,2.007373917490139,100.73739174901388
2018-06-27,0.0,0.0,0.0,2.007373917490139,100.73739174901388
2018-06-28,0.0,0.0,0.0,2.007373917490139,100.73739174901388
2018-06-29,0.0,0.0,0.0,2.007373917490139,100.73739174901388
2018-07-02,0.0,0.0,0.0,2.007373917490139,100.73739174901388
2018-07-03,0.0,0.0,0.0,2.007373917490139,100.73739174901388
2018-07-04,0.0,0.0,0.0,2.007373917490139,100.73739174901388
2018-07-05,0.0,0.0,0.0,2.007373917490139,100.73739174901388
2018-07-06,0.0,0.0,0.0,2.007373917490139,100.73739174901388
2018-07-09,0.0,0.0,0.0,2.007373917490139,100.73739174901388
2018-07-10,0.0,0.0,0.0,2.007373917490139,100.73739174901388
2018-07-11,0.0,0.0,0.0,2.007373917490139,100.73739174901388
2018-07-12,0.0,0.0,0.0,2.007373917490139,100.73739174901388
2018-07-13,0.0,0.0,0.0,2.007373917490139,100.73739174901388
2018-07-16,0.0,0.0,0.0,2.007373917490139,100.73739174901388
2018-07-17,0.0,0.0,0.0,2.007373917490139,100.73739174901388
2018-07-18,0.0,0.0,0.0,2.007373917490139,100.73739174901388
2018-07-19,0.0,0.0,0.0,2.007373917490139,100.73739174901388
2018-07-20,0.0,0.0,0.0,2.007373917490139,100.73739174901388
2018-07-23,0.0,0.0,0.0,2.007373917490139,100.73739174901388
2018-07-24,0.0,0.0,0.0,2.007373917490139,100.73739174901388
2018-07-25,0.0,0.0,0.0,2.007373917490139,100.73739174901388
2018-07-26,0.0,0.0,0.0,2.007373917490139,100.73739174901388
2018-07-27,0.0,0.0,0.0,2.007373917490139,100.73739174901388
2018-07-30,0.0,0.0,0.0,2.007373917490139,100.73739174901388
2018-07-31,0.0,0.0,0.0,2.007373917490139,100.73739174901388
2018-08-01,0.0,0.0,0.0,2.007373917490139,100.73739174901388
2018-08-02,0.0,0.0,0.0,2.007373917490139,100.73739174901388
2018-08-03,0.0,0.0,0.0,2.007373917490139,100.73739174901388
2018-08-06,0.0,0.0,0.0,2.007373917490139,100.73739174901388
2018-08-07,0.0,0.0,0.0,2.007373917490139,100.73739174901388
2018-08-08,0.0,0.0,0.0,2.007373917490139,100.73739174901388
2018-08-09,0.0,0.0,0.0,2.007373917490139,100.73739174901388
2018-08-10,0.0,0.0,0.0,2.007373917490139,100.73739174901388
2018-08-13,0.0,0.0,0.0,2.007373917490139,100.73739174901388
2018-08-14,0.0,0.0,0.0,2.007373917490139,100.73739174901388
2018-08-16,0.0,0.0,0.0,2.007373917490139,100.73739174901388
2018-08-17,0.0,0.0,0.0,2.007373917490139,100.73739174901388
2018-08-20,0.0,0.0,0.0,2.007373917490139,100.73739174901388
2018-08-21,0.0,0.0,0.0,2.007373917490139,100.73739174901388
2018-08-22,0.0,0.0,0.0,2.007373917490139,100.73739174901388
2018-08-23,0.0,0.0,0.0,2.007373917490139,100.73739174901388
2018-08-24,0.0,0.0,0.0,2.007373917490139,100.73739174901388
2018-08-27,0.0,0.0,0.0,2.007373917490139,100.73739174901388
2018-08-28,0.0,0.0,0.0,2.007373917490139,100.73739174901388
2018-08-29,0.0,0.0,0.0,2.007373917490139,100.73739174901388
2018-08-30,0.0,0.0,0.0,2.007373917490139,100.73739174901388
2018-08-31,0.0,0.0,0.0,2.007373917490139,100.73739174901388
2018-09-03,0.0,0.0,0.0,2.007373917490139,100.73739174901388
2018-09-04,0.0,0.0,0.0,2.007373917490139,100.73739174901388
2018-09-05,0.0,0.0,0.0,2.007373917490139,100.73739174901388
2018-09-06,-0.1034,0.020625,-0.12402500000000001,1.7584093673734242,75.84093673734242
2018-09-07,-0.0385,-0.01905,-0.01945,1.7242083051780113,72.42083051780112
2018-09-10,0.04,0.003974999999999999,0.036025,1.7863229093720492,78.63229093720491
2018-09-11,-0.0769,-0.018149999999999996,-0.05875,1.6813764384464414,68.13764384464413
2018-09-12,-0.075,0.014000000000000002,-0.089,1.5317339354247081,53.17339354247081
2018-09-13,0.009,-0.00895,0.01795,1.5592285595655815,55.92285595655815
2018-09-14,0.0982,-0.014775,0.11297499999999999,1.7353824060825032,73.53824060825032
2018-09-17,0.0,0.0162,-0.0162,1.7072692111039667,70.72692111039667
2018-09-18,0.0,0.014124999999999999,-0.014124999999999999,1.6831540334971233,68.31540334971234
2018-09-19,0.0,0.0221,-0.0221,1.645956329356837,64.59563293568368
2018-09-20,0.0569,-0.03855,0.09545000000000001,1.803062860993947,80.3062860993947
2018-09-21,-0.0538,0.011649999999999997,-0.06545,1.685052396741893,68.50523967418931
2018-09-24,0.0569,0.005,0.0519,1.7725066161327974,77.25066161327973
2018-09-25,0.0,0.0,0.0,1.7725066161327974,77.25066161327973
2018-09-26,0.0,0.0,0.0,1.7725066161327974,77.25066161327973
2018-09-27,0.0,0.0,0.0,1.7725066161327974,77.25066161327973
2018-09-28,0.0,0.0,0.0,1.7725066161327974,77.25066161327973
2018-10-01,0.0,0.0,0.0,1.7725066161327974,77.25066161327973
2018-10-02,0.0,0.0,0.0,1.7725066161327974,77.25066161327973
2018-10-03,0.0,0.0,0.0,1.7725066161327974,77.25066161327973
2018-10-04,0.0,0.0,0.0,1.7725066161327974,77.25066161327973
2018-10-05,0.0,0.0,0.0,1.7725066161327974,77.25066161327973
2018-10-09,0.0,0.0,0.0,1.7725066161327974,77.25066161327973
2018-10-10,0.0,0.0,0.0,1.7725066161327974,77.25066161327973
2018-10-11,0.0,0.0,0.0,1.7725066161327974,77.25066161327973
2018-10-12,0.0,0.0,0.0,1.7725066161327974,77.25066161327973
2018-10-15,0.0,0.0,0.0,1.7725066161327974,77.25066161327973
2018-10-16,0.0,0.0,0.0,1.7725066161327974,77.25066161327973
2018-10-17,0.0,0.0,0.0,1.7725066161327974,77.25066161327973
2018-10-18,0.0,0.0,0.0,1.7725066161327974,77.25066161327973
2018-10-19,0.0,0.0,0.0,1.7725066161327974,77.25066161327973
2018-10-22,0.0,0.0,0.0,1.7725066161327974,77.25066161327973
2018-10-23,0.0,0.0,0.0,1.7725066161327974,77.25066161327973
2018-10-24,0.0,0.0,0.0,1.7725066161327974,77.25066161327973
2018-10-25,0.0,0.0,0.0,1.7725066161327974,77.25066161327973
2018-10-26,0.0,0.0,0.0,1.7725066161327974,77.25066161327973
2018-10-29,0.0,0.0,0.0,1.7725066161327974,77.25066161327973
2018-10-30,0.0,0.0,0.0,1.7725066161327974,77.25066161327973
2018-10-31,0.0,0.0,0.0,1.7725066161327974,77.25066161327973
2018-11-02,0.0,0.0,0.0,1.7725066161327974,77.25066161327973
2018-11-05,0.0,0.0,0.0,1.7725066161327974,77.25066161327973
2018-11-06,0.0,0.0,0.0,1.7725066161327974,77.25066161327973
2018-11-07,0.0,0.0,0.0,1.7725066161327974,77.25066161327973
2018-11-08,0.0,0.0,0.0,1.7725066161327974,77.25066161327973
2018-11-09,0.0,0.0,0.0,1.7725066161327974,77.25066161327973
2018-11-12,0.0,0.0,0.0,1.7725066161327974,77.25066161327973
2018-11-13,0.0,0.0,0.0,1.7725066161327974,77.25066161327973
2018-11-14,0.0,0.0,0.0,1.7725066161327974,77.25066161327973
2018-11-15,0.0,0.0,0.0,1.7725066161327974,77.25066161327973
2018-11-16,0.0,0.0,0.0,1.7725066161327974,77.25066161327973
2018-11-19,0.0,0.0,0.0,1.7725066161327974,77.25066161327973
2018-11-20,0.0,0.0,0.0,1.7725066161327974,77.25066161327973
2018-11-21,0.0,0.0,0.0,1.7725066161327974,77.25066161327973
2018-11-22,0.0,0.0,0.0,1.7725066161327974,77.25066161327973
2018-11-23,0.0,0.0,0.0,1.7725066161327974,77.25066161327973
2018-11-26,0.0,0.0,0.0,1.7725066161327974,77.25066161327973
2018-11-27,0.0,0.0,0.0,1.7725066161327974,77.25066161327973
2018-11-28,0.0,0.0,0.0,1.7725066161327974,77.25066161327973
2018-11-29,0.0,0.0,0.0,1.7725066161327974,77.25066161327973
2018-11-30,0.0,0.0,0.0,1.7725066161327974,77.25066161327973
2018-12-03,0.0,0.0,0.0,1.7725066161327974,77.25066161327973
2018-12-04,0.0,0.0,0.0,1.7725066161327974,77.25066161327973
2018-12-05,0.0,0.0,0.0,1.7725066161327974,77.25066161327973
2018-12-06,0.0,0.0,0.0,1.7725066161327974,77.25066161327973
2018-12-07,0.0,0.0,0.0,1.7725066161327974,77.25066161327973
2018-12-10,0.0,0.0,0.0,1.7725066161327974,77.25066161327973
2018-12-11,0.0,0.0,0.0,1.7725066161327974,77.25066161327973
2018-12-12,0.0,0.0,0.0,1.7725066161327974,77.25066161327973
2018-12-13,0.0,0.0,0.0,1.7725066161327974,77.25066161327973
2018-12-14,0.0,0.0,0.0,1.7725066161327974,77.25066161327973
2018-12-17,0.0,0.0,0.0,1.7725066161327974,77.25066161327973
2018-12-18,0.0,0.0,0.0,1.7725066161327974,77.25066161327973
2018-12-19,0.0,0.0,0.0,1.7725066161327974,77.25066161327973
2018-12-20,0.0,0.0,0.0,1.7725066161327974,77.25066161327973
2018-12-21,0.0,0.0,0.0,1.7725066161327974,77.25066161327973
2018-12-27,0.0,0.0,0.0,1.7725066161327974,77.25066161327973
2018-12-28,0.0,0.0,0.0,1.7725066161327974,77.25066161327973
2019-01-02,0.0,0.0,0.0,1.7725066161327974,77.25066161327973
2019-01-03,0.0,0.0,0.0,1.7725066161327974,77.25066161327973
2019-01-04,0.0,0.0,0.0,1.7725066161327974,77.25066161327973
2019-01-07,0.0,0.0,0.0,1.7725066161327974,77.25066161327973
2019-01-08,0.0,0.0,0.0,1.7725066161327974,77.25066161327973
2019-01-09,0.0,0.0,0.0,1.7725066161327974,77.25066161327973
2019-01-10,0.0,0.0,0.0,1.7725066161327974,77.25066161327973
2019-01-11,0.0,0.0,0.0,1.7725066161327974,77.25066161327973
2019-01-14,0.0,0.0,0.0,1.7725066161327974,77.25066161327973
2019-01-15,0.0,0.0,0.0,1.7725066161327974,77.25066161327973
2019-01-16,0.0,0.0,0.0,1.7725066161327974,77.25066161327973
2019-01-17,0.0,0.0,0.0,1.7725066161327974,77.25066161327973
2019-01-18,0.0,0.0,0.0,1.7725066161327974,77.25066161327973
2019-01-21,0.0,0.0,0.0,1.7725066161327974,77.25066161327973
2019-01-22,0.0,0.0,0.0,1.7725066161327974,77.25066161327973
2019-01-23,0.0,0.0,0.0,1.7725066161327974,77.25066161327973
2019-01-24,0.0,0.0,0.0,1.7725066161327974,77.25066161327973
2019-01-25,0.0,0.0,0.0,1.7725066161327974,77.25066161327973
2019-01-28,0.0,0.0,0.0,1.7725066161327974,77.25066161327973
2019-01-29,0.0,0.0,0.0,1.7725066161327974,77.25066161327973
2019-01-30,0.0,0.0,0.0,1.7725066161327974,77.25066161327973
2019-01-31,0.0,0.0,0.0,1.7725066161327974,77.25066161327973
2019-02-01,0.0,0.0,0.0,1.7725066161327974,77.25066161327973
2019-02-04,0.0,0.0,0.0,1.7725066161327974,77.25066161327973
2019-02-05,0.0,0.0,0.0,1.7725066161327974,77.25066161327973
2019-02-06,0.0,0.0,0.0,1.7725066161327974,77.25066161327973
2019-02-07,0.0,0.0,0.0,1.7725066161327974,77.25066161327973
2019-02-08,0.0,0.0,0.0,1.7725066161327974,77.25066161327973
2019-02-11,0.0,0.0,0.0,1.7725066161327974,77.25066161327973
2019-02-12,0.0,0.0,0.0,1.7725066161327974,77.25066161327973
2019-02-13,0.0,0.0,0.0,1.7725066161327974,77.25066161327973
2019-02-14,0.0,0.0,0.0,1.7725066161327974,77.25066161327973
2019-02-15,0.0,0.0,0.0,1.7725066161327974,77.25066161327973
2019-02-18,0.0,0.0,0.0,1.7725066161327974,77.25066161327973
2019-02-19,0.0,0.0,0.0,1.7725066161327974,77.25066161327973
2019-02-20,0.0,0.0,0.0,1.7725066161327974,77.25066161327973
2019-02-21,0.0,0.0,0.0,1.7725066161327974,77.25066161327973
2019-02-22,0.0,0.0,0.0,1.7725066161327974,77.25066161327973
2019-02-25,0.0,0.0,0.0,1.7725066161327974,77.25066161327973
2019-02-26,0.0,0.0,0.0,1.7725066161327974,77.25066161327973
2019-02-27,0.0,0.0,0.0,1.7725066161327974,77.25066161327973
2019-02-28,0.0,0.0,0.0,1.7725066161327974,77.25066161327973
2019-03-01,0.0,0.0,0.0,1.7725066161327974,77.25066161327973
2019-03-04,0.0,0.0,0.0,1.7725066161327974,77.25066161327973
2019-03-05,0.0,0.0,0.0,1.7725066161327974,77.25066161327973
2019-03-06,0.0,0.0,0.0,1.7725066161327974,77.25066161327973
2019-03-07,0.0,0.0,0.0,1.7725066161327974,77.25066161327973
2019-03-08,-0.1331,-0.009366666666666667,-0.12373333333333333,1.5531884641632991,55.31884641632991
2019-03-11,-0.1857,-0.0661,-0.1196,1.3674271238493685,36.74271238493685
2019-03-12,0.1316,0.02975,0.10185,1.5066995764134266,50.669957641342656
2019-03-13,0.0581,0.025349999999999998,0.03275,1.5560439875409664,55.60439875409664
2019-03-14,0.0549,-0.007175,0.062075,1.652635418067572,65.2635418067572
2019-03-15,0.0,-0.010825000000000001,0.010825000000000001,1.6705251964681536,67.05251964681536
2019-03-18,-0.1319,-0.021199999999999997,-0.11069999999999999,1.485598057219129,48.559805721912895
2019-03-19,0.0,0.0,0.0,1.485598057219129,48.559805721912895
2019-03-20,0.0,0.0,0.0,1.485598057219129,48.559805721912895
2019-03-21,0.0,0.0,0.0,1.485598057219129,48.559805721912895
2019-03-22,0.0,0.0,0.0,1.485598057219129,48.559805721912895
2019-03-25,0.0,0.0,0.0,1.485598057219129,48.559805721912895
2019-03-26,0.0,0.0,0.0,1.485598057219129,48.559805721912895
2019-03-27,0.0,0.0,0.0,1.485598057219129,48.559805721912895
2019-03-28,0.0,0.0,0.0,1.485598057219129,48.559805721912895
2019-03-29,0.0,0.0,0.0,1.485598057219129,48.559805721912895
2019-04-01,0.0,0.0,0.0,1.485598057219129,48.559805721912895
2019-04-02,0.0,0.0,0.0,1.485598057219129,48.559805721912895
2019-04-03,0.0,0.0,0.0,1.485598057219129,48.559805721912895
2019-04-04,0.0,0.0,0.0,1.485598057219129,48.559805721912895
2019-04-05,0.0,0.0,0.0,1.485598057219129,48.559805721912895
2019-04-08,0.0,0.0,0.0,1.485598057219129,48.559805721912895
2019-04-09,0.0,0.0,0.0,1.485598057219129,48.559805721912895
2019-04-10,0.0,0.0,0.0,1.485598057219129,48.559805721912895
2019-04-11,0.0,0.0,0.0,1.485598057219129,48.559805721912895
2019-04-12,0.0,0.0,0.0,1.485598057219129,48.559805721912895
2019-04-15,0.0,0.0,0.0,1.485598057219129,48.559805721912895
2019-04-16,0.0,0.0,0.0,1.485598057219129,48.559805721912895
2019-04-17,0.0,0.0,0.0,1.485598057219129,48.559805721912895
2019-04-18,0.0,0.0,0.0,1.485598057219129,48.559805721912895
2019-04-23,0.0,0.0,0.0,1.485598057219129,48.559805721912895
2019-04-24,0.0,0.0,0.0,1.485598057219129,48.559805721912895
2019-04-25,0.0,0.0,0.0,1.485598057219129,48.559805721912895
2019-04-26,0.0,0.0,0.0,1.485598057219129,48.559805721912895
2019-04-29,0.0,0.0,0.0,1.485598057219129,48.559805721912895
2019-04-30,0.0,0.0,0.0,1.485598057219129,48.559805721912895
2019-05-02,0.0,0.0,0.0,1.485598057219129,48.559805721912895
2019-05-03,0.0,0.0,0.0,1.485598057219129,48.559805721912895
2019-05-06,0.0,0.0,0.0,1.485598057219129,48.559805721912895
2019-05-07,0.0,0.0,0.0,1.485598057219129,48.559805721912895
2019-05-08,0.0,0.0,0.0,1.485598057219129,48.559805721912895
2019-05-09,0.0,0.0,0.0,1.485598057219129,48.559805721912895
2019-05-10,0.0,0.0,0.0,1.485598057219129,48.559805721912895
2019-05-13,0.0,0.0,0.0,1.485598057219129,48.559805721912895
2019-05-14,0.0,0.0,0.0,1.485598057219129,48.559805721912895
2019-05-15,0.0,0.0,0.0,1.485598057219129,48.559805721912895
2019-05-16,0.0,0.0,0.0,1.485598057219129,48.559805721912895
2019-05-17,0.0,0.0,0.0,1.485598057219129,48.559805721912895
2019-05-20,0.0,0.0,0.0,1.485598057219129,48.559805721912895
2019-05-21,0.0,0.0,0.0,1.485598057219129,48.559805721912895
2019-05-22,0.0,0.0,0.0,1.485598057219129,48.559805721912895
2019-05-23,0.0,0.0,0.0,1.485598057219129,48.559805721912895
2019-05-24,0.0,0.0,0.0,1.485598057219129,48.559805721912895
2019-05-27,0.0,0.0,0.0,1.485598057219129,48.559805721912895
2019-05-28,0.0,0.0,0.0,1.485598057219129,48.559805721912895
2019-05-29,0.0,0.0,0.0,1.485598057219129,48.559805721912895
2019-05-30,0.0,0.0,0.0,1.485598057219129,48.559805721912895
2019-05-31,0.0,0.0,0.0,1.485598057219129,48.559805721912895
2019-06-03,0.0,0.0,0.0,1.485598057219129,48.559805721912895
2019-06-04,0.0,0.0,0.0,1.485598057219129,48.559805721912895
2019-06-05,0.0,0.0,0.0,1.485598057219129,48.559805721912895
2019-06-06,0.0,0.0,0.0,1.485598057219129,48.559805721912895
2019-06-07,0.0,0.0,0.0,1.485598057219129,48.559805721912895
2019-06-10,0.0,0.0,0.0,1.485598057219129,48.559805721912895
2019-06-11,0.0,0.0,0.0,1.485598057219129,48.559805721912895
2019-06-12,0.0,0.0,0.0,1.485598057219129,48.559805721912895
2019-06-13,0.0,0.0,0.0,1.485598057219129,48.559805721912895
2019-06-14,0.0,0.0,0.0,1.485598057219129,48.559805721912895
2019-06-17,0.0,0.0,0.0,1.485598057219129,48.559805721912895
2019-06-18,0.0,0.0,0.0,1.485598057219129,48.559805721912895
2019-06-19,0.0,0.0,0.0,1.485598057219129,48.559805721912895
2019-06-21,0.0,0.0,0.0,1.485598057219129,48.559805721912895
2019-06-24,0.0,0.0,0.0,1.485598057219129,48.559805721912895
2019-06-26,0.0,0.0,0.0,1.485598057219129,48.559805721912895
2019-06-27,0.0,0.0,0.0,1.485598057219129,48.559805721912895
2019-06-28,0.0,0.0,0.0,1.485598057219129,48.559805721912895
2019-07-01,0.0,0.0,0.0,1.485598057219129,48.559805721912895
2019-07-02,0.0,0.0,0.0,1.485598057219129,48.559805721912895
2019-07-03,0.0,0.0,0.0,1.485598057219129,48.559805721912895
2019-07-04,0.0,0.0,0.0,1.485598057219129,48.559805721912895
2019-07-05,0.0,0.0,0.0,1.485598057219129,48.559805721912895
2019-07-08,0.0,0.0,0.0,1.485598057219129,48.559805721912895
2019-07-09,0.0,0.0,0.0,1.485598057219129,48.559805721912895
2019-07-10,0.0,0.0,0.0,1.485598057219129,48.559805721912895
2019-07-11,0.0,0.0,0.0,1.485598057219129,48.559805721912895
2019-07-12,0.0,0.0,0.0,1.485598057219129,48.559805721912895
2019-07-15,0.0,0.0,0.0,1.485598057219129,48.559805721912895
2019-07-16,0.0,0.0,0.0,1.485598057219129,48.559805721912895
2019-07-17,0.0,0.0,0.0,1.485598057219129,48.559805721912895
2019-07-18,0.0,0.0,0.0,1.485598057219129,48.559805721912895
2019-07-19,0.0,0.0,0.0,1.485598057219129,48.559805721912895
2019-07-22,0.0,0.0,0.0,1.485598057219129,48.559805721912895
2019-07-23,0.0,0.0,0.0,1.485598057219129,48.559805721912895
2019-07-24,0.0,0.0,0.0,1.485598057219129,48.559805721912895
2019-07-25,0.0,0.0,0.0,1.485598057219129,48.559805721912895
2019-07-26,0.0,0.0,0.0,1.485598057219129,48.559805721912895
2019-07-29,0.0,0.0,0.0,1.485598057219129,48.559805721912895
2019-07-30,0.0,0.0,0.0,1.485598057219129,48.559805721912895
2019-07-31,0.0,0.0,0.0,1.485598057219129,48.559805721912895
2019-08-01,0.0,0.0,0.0,1.485598057219129,48.559805721912895
2019-08-02,0.0,0.0,0.0,1.485598057219129,48.559805721912895
2019-08-06,0.0,0.0,0.0,1.485598057219129,48.559805721912895
2019-08-07,0.0,0.0,0.0,1.485598057219129,48.559805721912895
2019-08-08,0.0,0.0,0.0,1.485598057219129,48.559805721912895
2019-08-09,0.0,0.0,0.0,1.485598057219129,48.559805721912895
2019-08-12,0.0,0.0,0.0,1.485598057219129,48.559805721912895
2019-08-13,0.0,0.0,0.0,1.485598057219129,48.559805721912895
2019-08-14,0.0,0.0,0.0,1.485598057219129,48.559805721912895
2019-08-16,0.0,0.0,0.0,1.485598057219129,48.559805721912895
2019-08-19,0.0,0.0,0.0,1.485598057219129,48.559805721912895
2019-08-20,0.0,0.0,0.0,1.485598057219129,48.559805721912895
2019-08-21,0.0,0.0,0.0,1.485598057219129,48.559805721912895
2019-08-22,0.0,0.0,0.0,1.485598057219129,48.559805721912895
2019-08-23,0.0,0.0,0.0,1.485598057219129,48.559805721912895
2019-08-26,0.0,0.0,0.0,1.485598057219129,48.559805721912895
2019-08-27,0.0,0.0,0.0,1.485598057219129,48.559805721912895
2019-08-28,0.0,0.0,0.0,1.485598057219129,48.559805721912895
2019-08-29,0.0,0.0,0.0,1.485598057219129,48.559805721912895
2019-08-30,0.0,0.0,0.0,1.485598057219129,48.559805721912895
2019-09-02,0.0,0.0,0.0,1.485598057219129,48.559805721912895
2019-09-03,0.0,0.0,0.0,1.485598057219129,48.559805721912895
2019-09-04,0.0,0.0,0.0,1.485598057219129,48.559805721912895
2019-09-05,0.0,0.0,0.0,1.485598057219129,48.559805721912895
2019-09-06,0.0,0.0,0.0,1.485598057219129,48.559805721912895
2019-09-09,0.0,0.0,0.0,1.485598057219129,48.559805721912895
2019-09-10,0.0,0.0,0.0,1.485598057219129,48.559805721912895
2019-09-11,0.0,0.0131,-0.0131,1.4661367226695583,46.61367226695583
2019-09-12,0.0,0.0129,-0.0129,1.447223558947121,44.722355894712095
2019-09-13,0.0,-0.0255,0.0255,1.4841277597002727,48.41277597002727
2019-09-16,0.0,-0.0196,0.0196,1.513216663790398,51.32166637903981
2019-09-17,0.0,-0.02,0.02,1.543480997066206,54.3480997066206
2019-09-18,0.0,0.0034,-0.0034,1.538233161676181,53.82331616761811
2019-09-19,0.0,-0.0339,0.0339,1.5903792658570037,59.037926585700376
2019-09-20,0.0,0.0,0.0,1.5903792658570037,59.037926585700376
2019-09-23,0.0,0.0491,-0.0491,1.5122916439034249,51.22916439034248
2019-09-24,0.0,0.0,0.0,1.5122916439034249,51.22916439034248
2019-09-25,0.0,0.0,0.0,1.5122916439034249,51.22916439034248
2019-09-26,0.0,0.0,0.0,1.5122916439034249,51.22916439034248
2019-09-27,0.0,0.0,0.0,1.5122916439034249,51.22916439034248
2019-09-30,0.0,0.0,0.0,1.5122916439034249,51.22916439034248
2019-10-01,0.0,0.0,0.0,1.5122916439034249,51.22916439034248
2019-10-02,0.0,0.0,0.0,1.5122916439034249,51.22916439034248
2019-10-03,0.0,0.0,0.0,1.5122916439034249,51.22916439034248
2019-10-04,0.0,0.0,0.0,1.5122916439034249,51.22916439034248
2019-10-07,0.0,0.0,0.0,1.5122916439034249,51.22916439034248
2019-10-09,0.0,0.0,0.0,1.5122916439034249,51.22916439034248
2019-10-10,0.0,0.0,0.0,1.5122916439034249,51.22916439034248
2019-10-11,0.0,0.0,0.0,1.5122916439034249,51.22916439034248
2019-10-14,0.0,0.0,0.0,1.5122916439034249,51.22916439034248
2019-10-15,0.0,0.0,0.0,1.5122916439034249,51.22916439034248
2019-10-16,0.0,0.0,0.0,1.5122916439034249,51.22916439034248
2019-10-17,0.0,0.0,0.0,1.5122916439034249,51.22916439034248
2019-10-18,0.0,0.0,0.0,1.5122916439034249,51.22916439034248
2019-10-21,0.0,0.0,0.0,1.5122916439034249,51.22916439034248
2019-10-22,0.0,0.0,0.0,1.5122916439034249,51.22916439034248
2019-10-23,0.0,0.0,0.0,1.5122916439034249,51.22916439034248
2019-10-24,0.0,0.0,0.0,1.5122916439034249,51.22916439034248
2019-10-25,0.0,0.0,0.0,1.5122916439034249,51.22916439034248
2019-10-28,0.0,0.0,0.0,1.5122916439034249,51.22916439034248
2019-10-29,0.0,0.0,0.0,1.5122916439034249,51.22916439034248
2019-10-30,0.0,0.0,0.0,1.5122916439034249,51.22916439034248
2019-10-31,0.0,0.0,0.0,1.5122916439034249,51.22916439034248
2019-11-04,0.0,0.0,0.0,1.5122916439034249,51.22916439034248
2019-11-05,0.0,0.0,0.0,1.5122916439034249,51.22916439034248
2019-11-06,0.0,0.0,0.0,1.5122916439034249,51.22916439034248
2019-11-07,0.0,0.0,0.0,1.5122916439034249,51.22916439034248
2019-11-08,0.0,0.0,0.0,1.5122916439034249,51.22916439034248
2019-11-11,0.0,0.0,0.0,1.5122916439034249,51.22916439034248
2019-11-12,0.0,0.0,0.0,1.5122916439034249,51.22916439034248
2019-11-13,0.0,0.0,0.0,1.5122916439034249,51.22916439034248
2019-11-14,0.0,0.0,0.0,1.5122916439034249,51.22916439034248
2019-11-15,0.0,0.0,0.0,1.5122916439034249,51.22916439034248
2019-11-18,0.0,0.0,0.0,1.5122916439034249,51.22916439034248
2019-11-19,0.0,0.0,0.0,1.5122916439034249,51.22916439034248
2019-11-20,0.0,0.0,0.0,1.5122916439034249,51.22916439034248
2019-11-21,0.0,0.0,0.0,1.5122916439034249,51.22916439034248
2019-11-22,0.0,0.0,0.0,1.5122916439034249,51.22916439034248
2019-11-25,0.0,0.0,0.0,1.5122916439034249,51.22916439034248
2019-11-26,0.0,0.0,0.0,1.5122916439034249,51.22916439034248
2019-11-27,0.0,0.0,0.0,1.5122916439034249,51.22916439034248
2019-11-28,0.0,0.0,0.0,1.5122916439034249,51.22916439034248
2019-11-29,0.0,0.0,0.0,1.5122916439034249,51.22916439034248
2019-12-02,0.0,0.0,0.0,1.5122916439034249,51.22916439034248
2019-12-03,0.0,0.0,0.0,1.5122916439034249,51.22916439034248
2019-12-04,0.0,0.0,0.0,1.5122916439034249,51.22916439034248
2019-12-05,0.0,0.0,0.0,1.5122916439034249,51.22916439034248
2019-12-06,0.0,0.0,0.0,1.5122916439034249,51.22916439034248
2019-12-09,0.0,0.0,0.0,1.5122916439034249,51.22916439034248
2019-12-10,0.0,0.0,0.0,1.5122916439034249,51.22916439034248
2019-12-11,0.0,0.0,0.0,1.5122916439034249,51.22916439034248
2019-12-12,0.0,0.0,0.0,1.5122916439034249,51.22916439034248
2019-12-13,0.0,0.0,0.0,1.5122916439034249,51.22916439034248
2019-12-16,0.0,0.0,0.0,1.5122916439034249,51.22916439034248
2019-12-17,0.0,0.0,0.0,1.5122916439034249,51.22916439034248
2019-12-18,0.0,0.0,0.0,1.5122916439034249,51.22916439034248
2019-12-19,0.0,0.0,0.0,1.5122916439034249,51.22916439034248
2019-12-20,0.0,0.0,0.0,1.5122916439034249,51.22916439034248
2019-12-23,0.0,0.0,0.0,1.5122916439034249,51.22916439034248
2019-12-27,0.0,0.0,0.0,1.5122916439034249,51.22916439034248
2019-12-30,0.0,0.0,0.0,1.5122916439034249,51.22916439034248
2020-01-02,0.0,0.0,0.0,1.5122916439034249,51.22916439034248
2020-01-03,0.0,0.0,0.0,1.5122916439034249,51.22916439034248
2020-01-07,0.0,0.0,0.0,1.5122916439034249,51.22916439034248
2020-01-08,0.0,0.0,0.0,1.5122916439034249,51.22916439034248
2020-01-09,0.0,0.0,0.0,1.5122916439034249,51.22916439034248
2020-01-10,0.0,0.0,0.0,1.5122916439034249,51.22916439034248
2020-01-13,0.0,0.0,0.0,1.5122916439034249,51.22916439034248
2020-01-14,0.0,0.0,0.0,1.5122916439034249,51.22916439034248
2020-01-15,0.0,0.0,0.0,1.5122916439034249,51.22916439034248
2020-01-16,0.0,0.0,0.0,1.5122916439034249,51.22916439034248
2020-01-17,0.0,0.0,0.0,1.5122916439034249,51.22916439034248
2020-01-20,0.0,0.0,0.0,1.5122916439034249,51.22916439034248
2020-01-21,0.0,0.0,0.0,1.5122916439034249,51.22916439034248
2020-01-22,0.0,0.0,0.0,1.5122916439034249,51.22916439034248
2020-01-23,0.0,0.0,0.0,1.5122916439034249,51.22916439034248
2020-01-24,0.0,0.0,0.0,1.5122916439034249,51.22916439034248
2020-01-27,0.0,0.0,0.0,1.5122916439034249,51.22916439034248
2020-01-28,0.0,0.0,0.0,1.5122916439034249,51.22916439034248
2020-01-29,0.0,0.0,0.0,1.5122916439034249,51.22916439034248
2020-01-30,0.0,0.0,0.0,1.5122916439034249,51.22916439034248
2020-01-31,0.0,0.0,0.0,1.5122916439034249,51.22916439034248
2020-02-03,0.0,0.0,0.0,1.5122916439034249,51.22916439034248
2020-02-04,0.0,0.0,0.0,1.5122916439034249,51.22916439034248
2020-02-05,0.0,0.0,0.0,1.5122916439034249,51.22916439034248
2020-02-06,0.0,0.0,0.0,1.5122916439034249,51.22916439034248
2020-02-07,0.0,0.0,0.0,1.5122916439034249,51.22916439034248
2020-02-10,0.0,0.0,0.0,1.5122916439034249,51.22916439034248
2020-02-11,0.0,0.0,0.0,1.5122916439034249,51.22916439034248
2020-02-12,0.0,0.0,0.0,1.5122916439034249,51.22916439034248
2020-02-13,0.0,0.0,0.0,1.5122916439034249,51.22916439034248
2020-02-14,0.0,0.0,0.0,1.5122916439034249,51.22916439034248
2020-02-17,0.0,0.0,0.0,1.5122916439034249,51.22916439034248
2020-02-18,0.0,0.0,0.0,1.5122916439034249,51.22916439034248
2020-02-19,0.0,0.0,0.0,1.5122916439034249,51.22916439034248
2020-02-20,0.0,0.0,0.0,1.5122916439034249,51.22916439034248
2020-02-21,0.0,0.0,0.0,1.5122916439034249,51.22916439034248
2020-02-24,0.0,0.0,0.0,1.5122916439034249,51.22916439034248
2020-02-25,0.0,0.0,0.0,1.5122916439034249,51.22916439034248
2020-02-26,0.0,0.0,0.0,1.5122916439034249,51.22916439034248
2020-02-27,0.0,0.0,0.0,1.5122916439034249,51.22916439034248
2020-02-28,0.0,0.0,0.0,1.5122916439034249,51.22916439034248
2020-03-02,0.0,0.0,0.0,1.5122916439034249,51.22916439034248
2020-03-03,0.0,0.0,0.0,1.5122916439034249,51.22916439034248
2020-03-04,0.0,0.0,0.0,1.5122916439034249,51.22916439034248
2020-03-05,0.0,0.0,0.0,1.5122916439034249,51.22916439034248
2020-03-06,0.0,0.0,0.0,1.5122916439034249,51.22916439034248
2020-03-09,0.0,0.0,0.0,1.5122916439034249,51.22916439034248
2020-03-10,0.0,0.0,0.0,1.5122916439034249,51.22916439034248
2020-03-11,-0.009662500000000001,-0.08315,0.0734875,1.6234261760847777,62.34261760847777
2020-03-12,-0.0660125,-0.1221,0.0560875,1.7144800917359329,71.44800917359329
2020-03-13,0.035437500000000004,0.02785,0.007587500000000004,1.7274887094319793,72.74887094319793
2020-03-16,-0.061825000000000005,-0.032,-0.029825000000000004,1.6759663586731706,67.59663586731706
2020-03-17,0.004425000000000001,0.00825,-0.0038249999999999994,1.6695557873512457,66.95557873512456
2020-03-18,-0.0236,-0.06665,0.043050000000000005,1.741430163996717,74.1430163996717
2020-03-19,-0.014687500000000001,0.004299999999999998,-0.018987499999999997,1.7083647587578292,70.83647587578292
2020-03-20,0.016474999999999997,0.010799999999999999,0.005674999999999998,1.71805972876378,71.805972876378
2020-03-23,-0.0306875,-0.03435,0.003662499999999999,1.724352122520377,72.4352122520377
2020-03-24,0.0,0.0,0.0,1.724352122520377,72.4352122520377
2020-03-25,0.0,0.0,0.0,1.724352122520377,72.4352122520377
2020-03-26,0.0,0.0,0.0,1.724352122520377,72.4352122520377
2020-03-27,0.0,0.0,0.0,1.724352122520377,72.4352122520377
2020-03-30,0.0,0.0,0.0,1.724352122520377,72.4352122520377
2020-03-31,0.0,0.0,0.0,1.724352122520377,72.4352122520377
2020-04-01,0.0,0.0,0.0,1.724352122520377,72.4352122520377
2020-04-02,0.0,0.0,0.0,1.724352122520377,72.4352122520377
2020-04-03,0.0,0.0,0.0,1.724352122520377,72.4352122520377
2020-04-06,0.0,0.0,0.0,1.724352122520377,72.4352122520377
2020-04-07,0.0,0.0,0.0,1.724352122520377,72.4352122520377
2020-04-08,0.0,0.0,0.0,1.724352122520377,72.4352122520377
2020-04-09,0.0,0.0,0.0,1.724352122520377,72.4352122520377
2020-04-14,0.0,0.0,0.0,1.724352122520377,72.4352122520377
2020-04-15,0.0,0.0,0.0,1.724352122520377,72.4352122520377
2020-04-16,0.0,0.0,0.0,1.724352122520377,72.4352122520377
2020-04-17,0.0,0.0,0.0,1.724352122520377,72.4352122520377
2020-04-20,0.0,0.0,0.0,1.724352122520377,72.4352122520377
2020-04-21,0.0,0.0,0.0,1.724352122520377,72.4352122520377
2020-04-22,0.0,0.0,0.0,1.724352122520377,72.4352122520377
2020-04-23,0.0,0.0,0.0,1.724352122520377,72.4352122520377
2020-04-24,0.0,0.0,0.0,1.724352122520377,72.4352122520377
2020-04-27,0.0,0.0,0.0,1.724352122520377,72.4352122520377
2020-04-28,0.0,0.0,0.0,1.724352122520377,72.4352122520377
2020-04-29,0.0,0.0,0.0,1.724352122520377,72.4352122520377
2020-04-30,0.0,0.0,0.0,1.724352122520377,72.4352122520377
2020-05-04,0.0,0.0,0.0,1.724352122520377,72.4352122520377
2020-05-05,0.0,0.0,0.0,1.724352122520377,72.4352122520377
2020-05-06,0.0,0.0,0.0,1.724352122520377,72.4352122520377
2020-05-07,0.0,0.0,0.0,1.724352122520377,72.4352122520377
2020-05-08,0.0,0.0,0.0,1.724352122520377,72.4352122520377
2020-05-11,0.0,0.0,0.0,1.724352122520377,72.4352122520377
2020-05-12,0.0,0.0,0.0,1.724352122520377,72.4352122520377
2020-05-13,0.0,0.0,0.0,1.724352122520377,72.4352122520377
2020-05-14,0.0,0.0,0.0,1.724352122520377,72.4352122520377
2020-05-15,0.0,0.0,0.0,1.724352122520377,72.4352122520377
2020-05-18,0.0,0.0,0.0,1.724352122520377,72.4352122520377
2020-05-19,0.0,0.0,0.0,1.724352122520377,72.4352122520377
2020-05-20,0.0,0.0,0.0,1.724352122520377,72.4352122520377
2020-05-21,0.0,0.0,0.0,1.724352122520377,72.4352122520377
2020-05-22,0.0,0.0,0.0,1.724352122520377,72.4352122520377
2020-05-25,0.0,0.0,0.0,1.724352122520377,72.4352122520377
2020-05-26,0.0,0.0,0.0,1.724352122520377,72.4352122520377
2020-05-27,0.0,0.0,0.0,1.724352122520377,72.4352122520377
2020-05-28,0.0,0.0,0.0,1.724352122520377,72.4352122520377
2020-05-29,0.0,0.0,0.0,1.724352122520377,72.4352122520377
2020-06-01,0.0,0.0,0.0,1.724352122520377,72.4352122520377
2020-06-02,0.0,0.0,0.0,1.724352122520377,72.4352122520377
2020-06-03,0.0,0.0,0.0,1.724352122520377,72.4352122520377
2020-06-04,0.0,0.0,0.0,1.724352122520377,72.4352122520377
2020-06-05,0.0,0.0,0.0,1.724352122520377,72.4352122520377
2020-06-08,0.0,0.0,0.0,1.724352122520377,72.4352122520377
2020-06-09,0.0,0.0,0.0,1.724352122520377,72.4352122520377
2020-06-10,0.0,0.0,0.0,1.724352122520377,72.4352122520377
2020-06-12,0.0,0.0,0.0,1.724352122520377,72.4352122520377
2020-06-15,0.0,0.0,0.0,1.724352122520377,72.4352122520377
2020-06-16,0.0,0.0,0.0,1.724352122520377,72.4352122520377
2020-06-17,0.0,0.0,0.0,1.724352122520377,72.4352122520377
2020-06-18,0.0,0.0,0.0,1.724352122520377,72.4352122520377
2020-06-19,0.0,0.0,0.0,1.724352122520377,72.4352122520377
2020-06-23,0.0,0.0,0.0,1.724352122520377,72.4352122520377
2020-06-24,0.0,0.0,0.0,1.724352122520377,72.4352122520377
2020-06-25,0.0,0.0,0.0,1.724352122520377,72.4352122520377
2020-06-26,0.0,0.0,0.0,1.724352122520377,72.4352122520377
2020-06-29,0.0,0.0,0.0,1.724352122520377,72.4352122520377
2020-06-30,0.0,0.0,0.0,1.724352122520377,72.4352122520377
2020-07-01,0.0,0.0,0.0,1.724352122520377,72.4352122520377
2020-07-02,0.0,0.0,0.0,1.724352122520377,72.4352122520377
2020-07-03,0.0,0.0,0.0,1.724352122520377,72.4352122520377
2020-07-06,0.0,0.0,0.0,1.724352122520377,72.4352122520377
2020-07-07,0.0,0.0,0.0,1.724352122520377,72.4352122520377
2020-07-08,0.0,0.0,0.0,1.724352122520377,72.4352122520377
2020-07-09,0.0,0.0,0.0,1.724352122520377,72.4352122520377
2020-07-10,0.0,0.0,0.0,1.724352122520377,72.4352122520377
2020-07-13,0.0,0.0,0.0,1.724352122520377,72.4352122520377
2020-07-14,0.0,0.0,0.0,1.724352122520377,72.4352122520377
2020-07-15,0.0,0.0,0.0,1.724352122520377,72.4352122520377
2020-07-16,0.0,0.0,0.0,1.724352122520377,72.4352122520377
2020-07-17,0.0,0.0,0.0,1.724352122520377,72.4352122520377
2020-07-20,0.0,0.0,0.0,1.724352122520377,72.4352122520377
2020-07-21,0.0,0.0,0.0,1.724352122520377,72.4352122520377
2020-07-22,0.0,0.0,0.0,1.724352122520377,72.4352122520377
2020-07-23,0.0,0.0,0.0,1.724352122520377,72.4352122520377
2020-07-24,0.0,0.0,0.0,1.724352122520377,72.4352122520377
2020-07-27,0.0,0.0,0.0,1.724352122520377,72.4352122520377
2020-07-28,0.0,0.0,0.0,1.724352122520377,72.4352122520377
2020-07-29,0.0,0.0,0.0,1.724352122520377,72.4352122520377
2020-07-30,0.0,0.0,0.0,1.724352122520377,72.4352122520377
2020-07-31,0.0,0.0,0.0,1.724352122520377,72.4352122520377
2020-08-03,0.0,0.0,0.0,1.724352122520377,72.4352122520377
2020-08-04,0.0,0.0,0.0,1.724352122520377,72.4352122520377
2020-08-06,0.0,0.0,0.0,1.724352122520377,72.4352122520377
2020-08-07,0.0,0.0,0.0,1.724352122520377,72.4352122520377
2020-08-10,0.0,0.0,0.0,1.724352122520377,72.4352122520377
2020-08-11,0.0,0.0,0.0,1.724352122520377,72.4352122520377
2020-08-12,0.0,0.0,0.0,1.724352122520377,72.4352122520377
2020-08-13,0.0,0.0,0.0,1.724352122520377,72.4352122520377
2020-08-14,0.0,0.0,0.0,1.724352122520377,72.4352122520377
2020-08-17,0.0,0.0,0.0,1.724352122520377,72.4352122520377
2020-08-18,0.0,0.0,0.0,1.724352122520377,72.4352122520377
2020-08-19,0.0,0.0,0.0,1.724352122520377,72.4352122520377
2020-08-20,0.0,0.0,0.0,1.724352122520377,72.4352122520377
2020-08-21,0.0,0.0,0.0,1.724352122520377,72.4352122520377
2020-08-24,0.0,0.0,0.0,1.724352122520377,72.4352122520377
2020-08-25,0.0,0.0,0.0,1.724352122520377,72.4352122520377
2020-08-26,0.0,0.0,0.0,1.724352122520377,72.4352122520377
2020-08-27,0.0,0.0,0.0,1.724352122520377,72.4352122520377
2020-08-28,0.0,0.0,0.0,1.724352122520377,72.4352122520377
2020-08-31,0.0,0.0,0.0,1.724352122520377,72.4352122520377
2020-09-01,0.0,0.0,0.0,1.724352122520377,72.4352122520377
2020-09-02,0.0,0.0,0.0,1.724352122520377,72.4352122520377
2020-09-03,0.0,0.0,0.0,1.724352122520377,72.4352122520377
2020-09-04,0.0,0.0,0.0,1.724352122520377,72.4352122520377
2020-09-07,0.0,0.0,0.0,1.724352122520377,72.4352122520377
2020-09-08,-0.0012333333333333332,0.009600000000000001,-0.010833333333333334,1.705671641193073,70.56716411930731
2020-09-09,0.02656666666666667,0.001400000000000001,0.025166666666666667,1.7485977108297652,74.85977108297652
2020-09-10,0.008966666666666668,-0.006019999999999999,0.014986666666666667,1.7748033618560675,77.48033618560675
2020-09-11,0.011966666666666667,-0.0052,0.017166666666666667,1.8052708195679301,80.52708195679301
2020-09-14,-0.0054,0.00534,-0.01074,1.7858822109657706,78.58822109657706
2020-09-15,0.006066666666666667,-0.013400000000000002,0.01946666666666667,1.820647384672571,82.0647384672571
2020-09-16,-0.014066666666666667,-0.01576,0.0016933333333333331,1.8237303475772833,82.37303475772832
2020-09-17,-0.017066666666666667,0.014539999999999999,-0.031606666666666665,1.766088310391524,76.60883103915239
2020-09-18,-0.00036666666666666445,0.00892,-0.009286666666666665,1.7496872369490213,74.96872369490212
2020-09-21,-0.0223,-0.011440000000000002,-0.010859999999999998,1.730685633555755,73.0685633555755
2020-09-22,0.0,0.0,0.0,1.730685633555755,73.0685633555755
2020-09-23,0.0,0.0,0.0,1.730685633555755,73.0685633555755
2020-09-24,0.0,0.0,0.0,1.730685633555755,73.0685633555755
2020-09-25,0.0,0.0,0.0,1.730685633555755,73.0685633555755
2020-09-28,0.0,0.0,0.0,1.730685633555755,73.0685633555755
2020-09-29,0.0,0.0,0.0,1.730685633555755,73.0685633555755
2020-09-30,0.0,0.0,0.0,1.730685633555755,73.0685633555755
2020-10-01,0.0,0.0,0.0,1.730685633555755,73.0685633555755
2020-10-02,0.0,0.0,0.0,1.730685633555755,73.0685633555755
2020-10-05,0.0,0.0,0.0,1.730685633555755,73.0685633555755
2020-10-06,0.0,0.0,0.0,1.730685633555755,73.0685633555755
2020-10-07,0.0,0.0,0.0,1.730685633555755,73.0685633555755
2020-10-08,0.0,0.0,0.0,1.730685633555755,73.0685633555755
2020-10-09,0.0,0.0,0.0,1.730685633555755,73.0685633555755
2020-10-12,0.0,0.0,0.0,1.730685633555755,73.0685633555755
2020-10-13,0.0,0.0,0.0,1.730685633555755,73.0685633555755
2020-10-14,0.0,0.0,0.0,1.730685633555755,73.0685633555755
2020-10-15,0.0,0.0,0.0,1.730685633555755,73.0685633555755
2020-10-16,0.0,0.0,0.0,1.730685633555755,73.0685633555755
2020-10-19,0.0,0.0,0.0,1.730685633555755,73.0685633555755
2020-10-20,0.0,0.0,0.0,1.730685633555755,73.0685633555755
2020-10-21,0.0,0.0,0.0,1.730685633555755,73.0685633555755
2020-10-22,0.0,0.0,0.0,1.730685633555755,73.0685633555755
2020-10-23,0.0,0.0,0.0,1.730685633555755,73.0685633555755
2020-10-26,0.0,0.0,0.0,1.730685633555755,73.0685633555755
2020-10-27,0.0,0.0,0.0,1.730685633555755,73.0685633555755
2020-10-28,0.0,0.0,0.0,1.730685633555755,73.0685633555755
2020-10-29,0.0,0.0,0.0,1.730685633555755,73.0685633555755
2020-10-30,0.0,0.0,0.0,1.730685633555755,73.0685633555755
2020-11-02,0.0,0.0,0.0,1.730685633555755,73.0685633555755
2020-11-03,0.0,0.0,0.0,1.730685633555755,73.0685633555755
2020-11-04,0.0,0.0,0.0,1.730685633555755,73.0685633555755
2020-11-05,0.0,0.0,0.0,1.730685633555755,73.0685633555755
2020-11-06,0.0,0.0,0.0,1.730685633555755,73.0685633555755
2020-11-09,0.0,0.0,0.0,1.730685633555755,73.0685633555755
2020-11-10,0.0,0.0,0.0,1.730685633555755,73.0685633555755
2020-11-11,0.0,0.0,0.0,1.730685633555755,73.0685633555755
2020-11-12,0.0,0.0,0.0,1.730685633555755,73.0685633555755
2020-11-13,0.0,0.0,0.0,1.730685633555755,73.0685633555755
2020-11-16,0.0,0.0,0.0,1.730685633555755,73.0685633555755
2020-11-17,0.0,0.0,0.0,1.730685633555755,73.0685633555755
2020-11-19,0.0,0.0,0.0,1.730685633555755,73.0685633555755
2020-11-20,0.0,0.0,0.0,1.730685633555755,73.0685633555755
2020-11-23,0.0,0.0,0.0,1.730685633555755,73.0685633555755
2020-11-24,0.0,0.0,0.0,1.730685633555755,73.0685633555755
2020-11-25,0.0,0.0,0.0,1.730685633555755,73.0685633555755
2020-11-26,0.0,0.0,0.0,1.730685633555755,73.0685633555755
2020-11-27,0.0,0.0,0.0,1.730685633555755,73.0685633555755
2020-11-30,0.0,0.0,0.0,1.730685633555755,73.0685633555755
2020-12-01,0.0,0.0,0.0,1.730685633555755,73.0685633555755
2020-12-02,0.0,0.0,0.0,1.730685633555755,73.0685633555755
2020-12-03,0.0,0.0,0.0,1.730685633555755,73.0685633555755
2020-12-04,0.0,0.0,0.0,1.730685633555755,73.0685633555755
2020-12-07,0.0,0.0,0.0,1.730685633555755,73.0685633555755
2020-12-08,0.0,0.0,0.0,1.730685633555755,73.0685633555755
2020-12-09,0.0,0.0,0.0,1.730685633555755,73.0685633555755
2020-12-10,0.0,0.0,0.0,1.730685633555755,73.0685633555755
2020-12-11,0.0,0.0,0.0,1.730685633555755,73.0685633555755
2020-12-14,0.0,0.0,0.0,1.730685633555755,73.0685633555755
2020-12-15,0.0,0.0,0.0,1.730685633555755,73.0685633555755
2020-12-16,0.0,0.0,0.0,1.730685633555755,73.0685633555755
2020-12-17,0.0,0.0,0.0,1.730685633555755,73.0685633555755
2020-12-18,0.0,0.0,0.0,1.730685633555755,73.0685633555755
2020-12-21,0.0,0.0,0.0,1.730685633555755,73.0685633555755
2020-12-22,0.0,0.0,0.0,1.730685633555755,73.0685633555755
2020-12-23,0.0,0.0,0.0,1.730685633555755,73.0685633555755
2020-12-28,0.0,0.0,0.0,1.730685633555755,73.0685633555755
2020-12-29,0.0,0.0,0.0,1.730685633555755,73.0685633555755
2020-12-30,0.0,0.0,0.0,1.730685633555755,73.0685633555755
2021-01-04,0.0,0.0,0.0,1.730685633555755,73.0685633555755
2021-01-05,0.0,0.0,0.0,1.730685633555755,73.0685633555755
2021-01-07,0.0,0.0,0.0,1.730685633555755,73.0685633555755
2021-01-08,0.0,0.0,0.0,1.730685633555755,73.0685633555755
2021-01-11,0.0,0.0,0.0,1.730685633555755,73.0685633555755
2021-01-12,0.0,0.0,0.0,1.730685633555755,73.0685633555755
2021-01-13,0.0,0.0,0.0,1.730685633555755,73.0685633555755
2021-01-14,0.0,0.0,0.0,1.730685633555755,73.0685633555755
2021-01-15,0.0,0.0,0.0,1.730685633555755,73.0685633555755
2021-01-18,0.0,0.0,0.0,1.730685633555755,73.0685633555755
2021-01-19,0.0,0.0,0.0,1.730685633555755,73.0685633555755
2021-01-20,0.0,0.0,0.0,1.730685633555755,73.0685633555755
2021-01-21,0.0,0.0,0.0,1.730685633555755,73.0685633555755
2021-01-22,0.0,0.0,0.0,1.730685633555755,73.0685633555755
2021-01-25,0.0,0.0,0.0,1.730685633555755,73.0685633555755
2021-01-26,0.0,0.0,0.0,1.730685633555755,73.0685633555755
2021-01-27,0.0,0.0,0.0,1.730685633555755,73.0685633555755
2021-01-28,0.0,0.0,0.0,1.730685633555755,73.0685633555755
2021-01-29,0.0,0.0,0.0,1.730685633555755,73.0685633555755
2021-02-01,0.0,0.0,0.0,1.730685633555755,73.0685633555755
2021-02-02,0.0,0.0,0.0,1.730685633555755,73.0685633555755
2021-02-03,0.0,0.0,0.0,1.730685633555755,73.0685633555755
2021-02-04,0.0,0.0,0.0,1.730685633555755,73.0685633555755
2021-02-05,0.0,0.0,0.0,1.730685633555755,73.0685633555755
2021-02-08,0.0,0.0,0.0,1.730685633555755,73.0685633555755
2021-02-09,0.0,0.0,0.0,1.730685633555755,73.0685633555755
2021-02-10,0.0,0.0,0.0,1.730685633555755,73.0685633555755
2021-02-11,0.0,0.0,0.0,1.730685633555755,73.0685633555755
2021-02-12,0.0,0.0,0.0,1.730685633555755,73.0685633555755
2021-02-15,0.0,0.0,0.0,1.730685633555755,73.0685633555755
2021-02-16,0.0,0.0,0.0,1.730685633555755,73.0685633555755
2021-02-17,0.0,0.0,0.0,1.730685633555755,73.0685633555755
2021-02-18,0.0,0.0,0.0,1.730685633555755,73.0685633555755
2021-02-19,0.0,0.0,0.0,1.730685633555755,73.0685633555755
2021-02-22,0.0,0.0,0.0,1.730685633555755,73.0685633555755
2021-02-23,0.0,0.0,0.0,1.730685633555755,73.0685633555755
2021-02-24,0.0,0.0,0.0,1.730685633555755,73.0685633555755
2021-02-25,0.0,0.0,0.0,1.730685633555755,73.0685633555755
2021-02-26,0.0,0.0,0.0,1.730685633555755,73.0685633555755
2021-03-01,0.0,0.0,0.0,1.730685633555755,73.0685633555755
2021-03-02,0.0,0.0,0.0,1.730685633555755,73.0685633555755
2021-03-03,0.0,0.0,0.0,1.730685633555755,73.0685633555755
2021-03-04,0.0,0.0,0.0,1.730685633555755,73.0685633555755
2021-03-05,0.0,0.0,0.0,1.730685633555755,73.0685633555755
2021-03-08,0.0,0.0,0.0,1.730685633555755,73.0685633555755
2021-03-09,0.0182,-0.00945,0.02765,1.7785390913235715,77.85390913235715
2021-03-10,-0.0179,0.02375,-0.04165,1.7044629381699448,70.44629381699448
2021-03-11,0.0545,0.029500000000000002,0.024999999999999998,1.7470745116241932,74.70745116241932
2021-03-12,0.0345,-0.018750000000000003,0.053250000000000006,1.8401062293681816,84.01062293681815
2021-03-15,0.025,0.00995,0.015050000000000001,1.8677998281201726,86.77998281201727
2021-03-16,-0.0325,0.0201,-0.0526,1.7695535571610517,76.95535571610517
2021-03-17,0.0084,-0.01395,0.022350000000000002,1.8091030791636014,80.91030791636014
2021-03-18,-0.0583,0.0024,-0.0607,1.6992905222583707,69.92905222583707
2021-03-19,0.0,-0.024149999999999998,0.024149999999999998,1.7403283883709102,74.03283883709102
2021-03-22,-0.0088,0.0122,-0.021,1.703781492215121,70.3781492215121
2021-03-23,0.0,0.0,0.0,1.703781492215121,70.3781492215121
2021-03-24,0.0,0.0,0.0,1.703781492215121,70.3781492215121
2021-03-25,0.0,0.0,0.0,1.703781492215121,70.3781492215121
2021-03-26,0.0,0.0,0.0,1.703781492215121,70.3781492215121
2021-03-29,0.0,0.0,0.0,1.703781492215121,70.3781492215121
2021-03-30,0.0,0.0,0.0,1.703781492215121,70.3781492215121
2021-03-31,0.0,0.0,0.0,1.703781492215121,70.3781492215121
2021-04-01,0.0,0.0,0.0,1.703781492215121,70.3781492215121
2021-04-06,0.0,0.0,0.0,1.703781492215121,70.3781492215121
2021-04-07,0.0,0.0,0.0,1.703781492215121,70.3781492215121
2021-04-08,0.0,0.0,0.0,1.703781492215121,70.3781492215121
2021-04-09,0.0,0.0,0.0,1.703781492215121,70.3781492215121
2021-04-12,0.0,0.0,0.0,1.703781492215121,70.3781492215121
2021-04-13,0.0,0.0,0.0,1.703781492215121,70.3781492215121
2021-04-14,0.0,0.0,0.0,1.703781492215121,70.3781492215121
2021-04-15,0.0,0.0,0.0,1.703781492215121,70.3781492215121
2021-04-16,0.0,0.0,0.0,1.703781492215121,70.3781492215121
2021-04-19,0.0,0.0,0.0,1.703781492215121,70.3781492215121
2021-04-20,0.0,0.0,0.0,1.703781492215121,70.3781492215121
2021-04-21,0.0,0.0,0.0,1.703781492215121,70.3781492215121
2021-04-22,0.0,0.0,0.0,1.703781492215121,70.3781492215121
2021-04-23,0.0,0.0,0.0,1.703781492215121,70.3781492215121
2021-04-26,0.0,0.0,0.0,1.703781492215121,70.3781492215121
2021-04-27,0.0,0.0,0.0,1.703781492215121,70.3781492215121
2021-04-28,0.0,0.0,0.0,1.703781492215121,70.3781492215121
2021-04-29,0.0,0.0,0.0,1.703781492215121,70.3781492215121
2021-04-30,0.0,0.0,0.0,1.703781492215121,70.3781492215121
2021-05-03,0.0,0.0,0.0,1.703781492215121,70.3781492215121
2021-05-04,0.0,0.0,0.0,1.703781492215121,70.3781492215121
2021-05-05,0.0,0.0,0.0,1.703781492215121,70.3781492215121
2021-05-06,0.0,0.0,0.0,1.703781492215121,70.3781492215121
2021-05-07,0.0,0.0,0.0,1.703781492215121,70.3781492215121
2021-05-10,0.0,0.0,0.0,1.703781492215121,70.3781492215121
2021-05-11,0.0,0.0,0.0,1.703781492215121,70.3781492215121
2021-05-12,0.0,0.0,0.0,1.703781492215121,70.3781492215121
2021-05-13,0.0,0.0,0.0,1.703781492215121,70.3781492215121
2021-05-14,0.0,0.0,0.0,1.703781492215121,70.3781492215121
2021-05-17,0.0,0.0,0.0,1.703781492215121,70.3781492215121
2021-05-18,0.0,0.0,0.0,1.703781492215121,70.3781492215121
2021-05-19,0.0,0.0,0.0,1.703781492215121,70.3781492215121
2021-05-20,0.0,0.0,0.0,1.703781492215121,70.3781492215121
2021-05-21,0.0,0.0,0.0,1.703781492215121,70.3781492215121
2021-05-24,0.0,0.0,0.0,1.703781492215121,70.3781492215121
2021-05-25,0.0,0.0,0.0,1.703781492215121,70.3781492215121
2021-05-26,0.0,0.0,0.0,1.703781492215121,70.3781492215121
2021-05-27,0.0,0.0,0.0,1.703781492215121,70.3781492215121
2021-05-28,0.0,0.0,0.0,1.703781492215121,70.3781492215121
2021-05-31,0.0,0.0,0.0,1.703781492215121,70.3781492215121
2021-06-01,0.0,0.0,0.0,1.703781492215121,70.3781492215121
2021-06-02,0.0,0.0,0.0,1.703781492215121,70.3781492215121
2021-06-04,0.0,0.0,0.0,1.703781492215121,70.3781492215121
2021-06-07,0.0,0.0,0.0,1.703781492215121,70.3781492215121
2021-06-08,0.0,0.0,0.0,1.703781492215121,70.3781492215121
2021-06-09,0.0,0.0,0.0,1.703781492215121,70.3781492215121
2021-06-10,0.0,0.0,0.0,1.703781492215121,70.3781492215121
2021-06-11,0.0,0.0,0.0,1.703781492215121,70.3781492215121
2021-06-14,0.0,0.0,0.0,1.703781492215121,70.3781492215121
2021-06-15,0.0,0.0,0.0,1.703781492215121,70.3781492215121
2021-06-16,0.0,0.0,0.0,1.703781492215121,70.3781492215121
2021-06-17,0.0,0.0,0.0,1.703781492215121,70.3781492215121
2021-06-18,0.0,0.0,0.0,1.703781492215121,70.3781492215121
2021-06-21,0.0,0.0,0.0,1.703781492215121,70.3781492215121
2021-06-23,0.0,0.0,0.0,1.703781492215121,70.3781492215121
2021-06-24,0.0,0.0,0.0,1.703781492215121,70.3781492215121
2021-06-25,0.0,0.0,0.0,1.703781492215121,70.3781492215121
2021-06-28,0.0,0.0,0.0,1.703781492215121,70.3781492215121
2021-06-29,0.0,0.0,0.0,1.703781492215121,70.3781492215121
2021-06-30,0.0,0.0,0.0,1.703781492215121,70.3781492215121
2021-07-01,0.0,0.0,0.0,1.703781492215121,70.3781492215121
2021-07-02,0.0,0.0,0.0,1.703781492215121,70.3781492215121
2021-07-05,0.0,0.0,0.0,1.703781492215121,70.3781492215121
2021-07-06,0.0,0.0,0.0,1.703781492215121,70.3781492215121
2021-07-07,0.0,0.0,0.0,1.703781492215121,70.3781492215121
2021-07-08,0.0,0.0,0.0,1.703781492215121,70.3781492215121
2021-07-09,0.0,0.0,0.0,1.703781492215121,70.3781492215121
2021-07-12,0.0,0.0,0.0,1.703781492215121,70.3781492215121
2021-07-13,0.0,0.0,0.0,1.703781492215121,70.3781492215121
2021-07-14,0.0,0.0,0.0,1.703781492215121,70.3781492215121
2021-07-15,0.0,0.0,0.0,1.703781492215121,70.3781492215121
2021-07-16,0.0,0.0,0.0,1.703781492215121,70.3781492215121
2021-07-19,0.0,0.0,0.0,1.703781492215121,70.3781492215121
2021-07-20,0.0,0.0,0.0,1.703781492215121,70.3781492215121
2021-07-21,0.0,0.0,0.0,1.703781492215121,70.3781492215121
2021-07-22,0.0,0.0,0.0,1.703781492215121,70.3781492215121
2021-07-23,0.0,0.0,0.0,1.703781492215121,70.3781492215121
2021-07-26,0.0,0.0,0.0,1.703781492215121,70.3781492215121
2021-07-27,0.0,0.0,0.0,1.703781492215121,70.3781492215121
2021-07-28,0.0,0.0,0.0,1.703781492215121,70.3781492215121
2021-07-29,0.0,0.0,0.0,1.703781492215121,70.3781492215121
2021-07-30,0.0,0.0,0.0,1.703781492215121,70.3781492215121
2021-08-02,0.0,0.0,0.0,1.703781492215121,70.3781492215121
2021-08-03,0.0,0.0,0.0,1.703781492215121,70.3781492215121
2021-08-04,0.0,0.0,0.0,1.703781492215121,70.3781492215121
2021-08-06,0.0,0.0,0.0,1.703781492215121,70.3781492215121
2021-08-09,0.0,0.0,0.0,1.703781492215121,70.3781492215121
2021-08-10,0.0,0.0,0.0,1.703781492215121,70.3781492215121
2021-08-11,0.0,0.0,0.0,1.703781492215121,70.3781492215121
2021-08-12,0.0,0.0,0.0,1.703781492215121,70.3781492215121
2021-08-13,0.0,0.0,0.0,1.703781492215121,70.3781492215121
2021-08-16,0.0,0.0,0.0,1.703781492215121,70.3781492215121
2021-08-17,0.0,0.0,0.0,1.703781492215121,70.3781492215121
2021-08-18,0.0,0.0,0.0,1.703781492215121,70.3781492215121
2021-08-19,0.0,0.0,0.0,1.703781492215121,70.3781492215121
2021-08-20,0.0,0.0,0.0,1.703781492215121,70.3781492215121
2021-08-23,0.0,0.0,0.0,1.703781492215121,70.3781492215121
2021-08-24,0.0,0.0,0.0,1.703781492215121,70.3781492215121
2021-08-25,0.0,0.0,0.0,1.703781492215121,70.3781492215121
2021-08-26,0.0,0.0,0.0,1.703781492215121,70.3781492215121
2021-08-27,0.0,0.0,0.0,1.703781492215121,70.3781492215121
2021-08-30,0.0,0.0,0.0,1.703781492215121,70.3781492215121
2021-08-31,0.0,0.0,0.0,1.703781492215121,70.3781492215121
2021-09-01,0.0,0.0,0.0,1.703781492215121,70.3781492215121
2021-09-02,0.0,0.0,0.0,1.703781492215121,70.3781492215121
2021-09-03,0.0,0.0,0.0,1.703781492215121,70.3781492215121
2021-09-06,0.0,0.0,0.0,1.703781492215121,70.3781492215121
2021-09-07,0.0,0.0,0.0,1.703781492215121,70.3781492215121
2021-09-08,0.0,0.0,0.0,1.703781492215121,70.3781492215121
2021-09-09,0.032299999999999995,-0.0683,0.1006,1.8751819103319622,87.51819103319622
2021-09-10,0.0038,0.0,0.0038,1.8823076015912237,88.23076015912237
2021-09-13,-0.012625,0.0167,-0.029325,1.827108931174561,82.7108931174561
2021-09-14,-0.004225,-0.0164,0.012175000000000002,1.8493539824116114,84.93539824116114
2021-09-15,0.001975,0.0,0.001975,1.8530064565268745,85.30064565268745
2021-09-16,-0.00485,0.0,-0.00485,1.844019375212719,84.40193752127189
2021-09-17,0.007075,-0.0233,0.030375,1.9000314637348055,90.00314637348055
2021-09-20,-0.052175,0.2594,-0.31157500000000005,1.3080291604216334,30.802916042163343
2021-09-21,0.0,0.0,0.0,1.3080291604216334,30.802916042163343
2021-09-22,0.0,0.0,0.0,1.3080291604216334,30.802916042163343
2021-09-23,0.0,0.0,0.0,1.3080291604216334,30.802916042163343
2021-09-24,0.0,0.0,0.0,1.3080291604216334,30.802916042163343
2021-09-27,0.0,0.0,0.0,1.3080291604216334,30.802916042163343
2021-09-28,0.0,0.0,0.0,1.3080291604216334,30.802916042163343
2021-09-29,0.0,0.0,0.0,1.3080291604216334,30.802916042163343
2021-09-30,0.0,0.0,0.0,1.3080291604216334,30.802916042163343
2021-10-01,0.0,0.0,0.0,1.3080291604216334,30.802916042163343
2021-10-04,0.0,0.0,0.0,1.3080291604216334,30.802916042163343
2021-10-05,0.0,0.0,0.0,1.3080291604216334,30.802916042163343
2021-10-06,0.0,0.0,0.0,1.3080291604216334,30.802916042163343
2021-10-07,0.0,0.0,0.0,1.3080291604216334,30.802916042163343
2021-10-08,0.0,0.0,0.0,1.3080291604216334,30.802916042163343
2021-10-11,0.0,0.0,0.0,1.3080291604216334,30.802916042163343
2021-10-12,0.0,0.0,0.0,1.3080291604216334,30.802916042163343
2021-10-13,0.0,0.0,0.0,1.3080291604216334,30.802916042163343
2021-10-14,0.0,0.0,0.0,1.3080291604216334,30.802916042163343
2021-10-15,0.0,0.0,0.0,1.3080291604216334,30.802916042163343
2021-10-18,0.0,0.0,0.0,1.3080291604216334,30.802916042163343
2021-10-19,0.0,0.0,0.0,1.3080291604216334,30.802916042163343
2021-10-20,0.0,0.0,0.0,1.3080291604216334,30.802916042163343
2021-10-21,0.0,0.0,0.0,1.3080291604216334,30.802916042163343
2021-10-22,0.0,0.0,0.0,1.3080291604216334,30.802916042163343
2021-10-25,0.0,0.0,0.0,1.3080291604216334,30.802916042163343
2021-10-26,0.0,0.0,0.0,1.3080291604216334,30.802916042163343
2021-10-27,0.0,0.0,0.0,1.3080291604216334,30.802916042163343
2021-10-28,0.0,0.0,0.0,1.3080291604216334,30.802916042163343
2021-10-29,0.0,0.0,0.0,1.3080291604216334,30.802916042163343
2021-11-02,0.0,0.0,0.0,1.3080291604216334,30.802916042163343
2021-11-03,0.0,0.0,0.0,1.3080291604216334,30.802916042163343
2021-11-04,0.0,0.0,0.0,1.3080291604216334,30.802916042163343
2021-11-05,0.0,0.0,0.0,1.3080291604216334,30.802916042163343
2021-11-08,0.0,0.0,0.0,1.3080291604216334,30.802916042163343
2021-11-09,0.0,0.0,0.0,1.3080291604216334,30.802916042163343
2021-11-10,0.0,0.0,0.0,1.3080291604216334,30.802916042163343
2021-11-11,0.0,0.0,0.0,1.3080291604216334,30.802916042163343
2021-11-12,0.0,0.0,0.0,1.3080291604216334,30.802916042163343
2021-11-15,0.0,0.0,0.0,1.3080291604216334,30.802916042163343
2021-11-16,0.0,0.0,0.0,1.3080291604216334,30.802916042163343
2021-11-17,0.0,0.0,0.0,1.3080291604216334,30.802916042163343
2021-11-19,0.0,0.0,0.0,1.3080291604216334,30.802916042163343
2021-11-22,0.0,0.0,0.0,1.3080291604216334,30.802916042163343
2021-11-23,0.0,0.0,0.0,1.3080291604216334,30.802916042163343
2021-11-24,0.0,0.0,0.0,1.3080291604216334,30.802916042163343
2021-11-25,0.0,0.0,0.0,1.3080291604216334,30.802916042163343
2021-11-26,0.0,0.0,0.0,1.3080291604216334,30.802916042163343
2021-11-29,0.0,0.0,0.0,1.3080291604216334,30.802916042163343
2021-11-30,0.0,0.0,0.0,1.3080291604216334,30.802916042163343
2021-12-01,0.0,0.0,0.0,1.3080291604216334,30.802916042163343
2021-12-02,0.0,0.0,0.0,1.3080291604216334,30.802916042163343
2021-12-03,0.0,0.0,0.0,1.3080291604216334,30.802916042163343
2021-12-06,0.0,0.0,0.0,1.3080291604216334,30.802916042163343
2021-12-07,0.0,0.0,0.0,1.3080291604216334,30.802916042163343
2021-12-08,0.0,0.0,0.0,1.3080291604216334,30.802916042163343
2021-12-09,0.0,0.0,0.0,1.3080291604216334,30.802916042163343
2021-12-10,0.0,0.0,0.0,1.3080291604216334,30.802916042163343
2021-12-13,0.0,0.0,0.0,1.3080291604216334,30.802916042163343
2021-12-14,0.0,0.0,0.0,1.3080291604216334,30.802916042163343
2021-12-15,0.0,0.0,0.0,1.3080291604216334,30.802916042163343
2021-12-16,0.0,0.0,0.0,1.3080291604216334,30.802916042163343
2021-12-17,0.0,0.0,0.0,1.3080291604216334,30.802916042163343
2021-12-20,0.0,0.0,0.0,1.3080291604216334,30.802916042163343
2021-12-21,0.0,0.0,0.0,1.3080291604216334,30.802916042163343
2021-12-22,0.0,0.0,0.0,1.3080291604216334,30.802916042163343
2021-12-23,0.0,0.0,0.0,1.3080291604216334,30.802916042163343
2021-12-27,0.0,0.0,0.0,1.3080291604216334,30.802916042163343
2021-12-28,0.0,0.0,0.0,1.3080291604216334,30.802916042163343
2021-12-29,0.0,0.0,0.0,1.3080291604216334,30.802916042163343
2021-12-30,0.0,0.0,0.0,1.3080291604216334,30.802916042163343
2022-01-03,0.0,0.0,0.0,1.3080291604216334,30.802916042163343
2022-01-04,0.0,0.0,0.0,1.3080291604216334,30.802916042163343
2022-01-05,0.0,0.0,0.0,1.3080291604216334,30.802916042163343
2022-01-07,0.0,0.0,0.0,1.3080291604216334,30.802916042163343
2022-01-10,0.0,0.0,0.0,1.3080291604216334,30.802916042163343
2022-01-11,0.0,0.0,0.0,1.3080291604216334,30.802916042163343
2022-01-12,0.0,0.0,0.0,1.3080291604216334,30.802916042163343
2022-01-13,0.0,0.0,0.0,1.3080291604216334,30.802916042163343
2022-01-14,0.0,0.0,0.0,1.3080291604216334,30.802916042163343
2022-01-17,0.0,0.0,0.0,1.3080291604216334,30.802916042163343
2022-01-18,0.0,0.0,0.0,1.3080291604216334,30.802916042163343
2022-01-19,0.0,0.0,0.0,1.3080291604216334,30.802916042163343
2022-01-20,0.0,0.0,0.0,1.3080291604216334,30.802916042163343
2022-01-21,0.0,0.0,0.0,1.3080291604216334,30.802916042163343
2022-01-24,0.0,0.0,0.0,1.3080291604216334,30.802916042163343
2022-01-25,0.0,0.0,0.0,1.3080291604216334,30.802916042163343
2022-01-26,0.0,0.0,0.0,1.3080291604216334,30.802916042163343
2022-01-27,0.0,0.0,0.0,1.3080291604216334,30.802916042163343
2022-01-28,0.0,0.0,0.0,1.3080291604216334,30.802916042163343
2022-01-31,0.0,0.0,0.0,1.3080291604216334,30.802916042163343
2022-02-01,0.0,0.0,0.0,1.3080291604216334,30.802916042163343
2022-02-02,0.0,0.0,0.0,1.3080291604216334,30.802916042163343
2022-02-03,0.0,0.0,0.0,1.3080291604216334,30.802916042163343
2022-02-04,0.0,0.0,0.0,1.3080291604216334,30.802916042163343
2022-02-07,0.0,0.0,0.0,1.3080291604216334,30.802916042163343
2022-02-08,0.0,0.0,0.0,1.3080291604216334,30.802916042163343
2022-02-09,0.0,0.0,0.0,1.3080291604216334,30.802916042163343
2022-02-10,0.0,0.0,0.0,1.3080291604216334,30.802916042163343
2022-02-11,0.0,0.0,0.0,1.3080291604216334,30.802916042163343
2022-02-14,0.0,0.0,0.0,1.3080291604216334,30.802916042163343
2022-02-15,0.0,0.0,0.0,1.3080291604216334,30.802916042163343
2022-02-16,0.0,0.0,0.0,1.3080291604216334,30.802916042163343
2022-02-17,0.0,0.0,0.0,1.3080291604216334,30.802916042163343
2022-02-18,0.0,0.0,0.0,1.3080291604216334,30.802916042163343
2022-02-21,0.0,0.0,0.0,1.3080291604216334,30.802916042163343
2022-02-22,0.0,0.0,0.0,1.3080291604216334,30.802916042163343
2022-02-23,0.0,0.0,0.0,1.3080291604216334,30.802916042163343
2022-02-24,0.0,0.0,0.0,1.3080291604216334,30.802916042163343
2022-02-25,0.0,0.0,0.0,1.3080291604216334,30.802916042163343
2022-02-28,0.0,0.0,0.0,1.3080291604216334,30.802916042163343
2022-03-01,0.0,-0.0726,0.0726,1.402992077468244,40.29920774682441
2022-03-02,0.0,-0.2348,0.2348,1.7324146172577877,73.24146172577876
2022-03-03,0.0,-0.0341,0.0341,1.7914899557062782,79.14899557062782
2022-03-04,0.0,0.0176,-0.0176,1.7599597324858478,75.99597324858478
2022-03-07,0.0,-0.052,0.052,1.851477638575112,85.1477638575112
2022-03-08,0.0,0.0,0.0,1.851477638575112,85.1477638575112
2022-03-09,0.021199999999999997,0.0318,-0.010600000000000005,1.8318519756062157,83.18519756062157
2022-03-10,0.00855,-0.02455,0.0331,1.8924862759987813,89.24862759987813
2022-03-11,0.013783333333333335,0.01685,-0.0030666666666666655,1.8866826514190518,88.66826514190518
2022-03-14,-0.0122,0.0,-0.0122,1.8636651230717394,86.36651230717393
2022-03-15,0.04343333333333333,-0.00215,0.04558333333333333,1.948617191598426,94.86171915984261
2022-03-16,-0.01235,0.0066,-0.01895,1.9116908958176357,91.16908958176357
2022-03-17,-0.00445,0.00325,-0.0077,1.8969708759198398,89.69708759198399
2022-03-18,0.028650000000000002,-0.03015,0.058800000000000005,2.0085127634239264,100.85127634239264
2022-03-21,0.031116666666666664,0.0264,0.004716666666666664,2.0179862486247426,101.79862486247427
2022-03-22,0.0,0.0,0.0,2.0179862486247426,101.79862486247427
2022-03-23,0.0,0.0,0.0,2.0179862486247426,101.79862486247427
2022-03-24,0.0,0.0,0.0,2.0179862486247426,101.79862486247427
2022-03-25,0.0,0.0,0.0,2.0179862486247426,101.79862486247427
2022-03-28,0.0,0.0,0.0,2.0179862486247426,101.79862486247427
2022-03-29,0.0,0.0,0.0,2.0179862486247426,101.79862486247427
2022-03-30,0.0,0.0,0.0,2.0179862486247426,101.79862486247427
2022-03-31,0.0,0.0,0.0,2.0179862486247426,101.79862486247427
2022-04-01,0.0,0.0,0.0,2.0179862486247426,101.79862486247427
2022-04-04,0.0,0.0,0.0,2.0179862486247426,101.79862486247427
2022-04-05,0.0,0.0,0.0,2.0179862486247426,101.79862486247427
2022-04-06,0.0,0.0,0.0,2.0179862486247426,101.79862486247427
2022-04-07,0.0,0.0,0.0,2.0179862486247426,101.79862486247427
2022-04-08,0.0,0.0985,-0.0985,1.8192146031352054,81.92146031352054
2022-04-11,0.0,0.0076,-0.0076,1.8053885721513778,80.53885721513778
2022-04-12,0.0,-0.0038,0.0038,1.8122490487255531,81.22490487255531
2022-04-13,0.0,0.0038,-0.0038,1.805362502340396,80.53625023403961
2022-04-14,0.0,0.0,0.0,1.805362502340396,80.53625023403961
2022-04-19,0.0,0.0,0.0,1.805362502340396,80.53625023403961
2022-04-20,0.0,0.0,0.0,1.805362502340396,80.53625023403961
2022-04-21,0.0,0.0,0.0,1.805362502340396,80.53625023403961
2022-04-22,0.0,0.0,0.0,1.805362502340396,80.53625023403961
2022-04-25,0.0,0.0,0.0,1.805362502340396,80.53625023403961
2022-04-26,0.0,0.0,0.0,1.805362502340396,80.53625023403961
2022-04-27,0.0,0.0,0.0,1.805362502340396,80.53625023403961
2022-04-28,0.0,0.0,0.0,1.805362502340396,80.53625023403961
2022-04-29,0.0,0.0,0.0,1.805362502340396,80.53625023403961
2022-05-02,0.0,0.0,0.0,1.805362502340396,80.53625023403961
2022-05-03,0.0,0.0,0.0,1.805362502340396,80.53625023403961
2022-05-04,0.0,0.0,0.0,1.805362502340396,80.53625023403961
2022-05-05,0.0,0.0,0.0,1.805362502340396,80.53625023403961
2022-05-06,0.0,0.0,0.0,1.805362502340396,80.53625023403961
2022-05-09,0.0,0.0,0.0,1.805362502340396,80.53625023403961
2022-05-10,0.0,0.0,0.0,1.805362502340396,80.53625023403961
2022-05-11,0.0,0.0,0.0,1.805362502340396,80.53625023403961
2022-05-12,0.0,0.0,0.0,1.805362502340396,80.53625023403961
2022-05-13,0.0,0.0,0.0,1.805362502340396,80.53625023403961
2022-05-16,0.0,0.0,0.0,1.805362502340396,80.53625023403961
2022-05-17,0.0,0.0,0.0,1.805362502340396,80.53625023403961
2022-05-18,0.0,0.0,0.0,1.805362502340396,80.53625023403961
2022-05-19,0.0,0.0,0.0,1.805362502340396,80.53625023403961
2022-05-20,0.0,0.0,0.0,1.805362502340396,80.53625023403961
2022-05-23,0.0,0.0,0.0,1.805362502340396,80.53625023403961
2022-05-24,0.0,0.0,0.0,1.805362502340396,80.53625023403961
2022-05-25,0.0,0.0,0.0,1.805362502340396,80.53625023403961
2022-05-26,0.0,0.0,0.0,1.805362502340396,80.53625023403961
2022-05-27,0.0,0.0,0.0,1.805362502340396,80.53625023403961
2022-05-31,0.0,0.0,0.0,1.805362502340396,80.53625023403961
2022-06-01,0.0,0.0,0.0,1.805362502340396,80.53625023403961
2022-06-02,0.0,0.0,0.0,1.805362502340396,80.53625023403961
2022-06-03,0.0,0.0,0.0,1.805362502340396,80.53625023403961
2022-06-06,0.0,0.0,0.0,1.805362502340396,80.53625023403961
2022-06-07,0.0,0.0,0.0,1.805362502340396,80.53625023403961
2022-06-08,0.0,0.0,0.0,1.805362502340396,80.53625023403961
2022-06-09,0.0,0.0,0.0,1.805362502340396,80.53625023403961
2022-06-10,0.0,0.0,0.0,1.805362502340396,80.53625023403961
2022-06-13,0.0,0.0,0.0,1.805362502340396,80.53625023403961
2022-06-14,0.0,0.0,0.0,1.805362502340396,80.53625023403961
2022-06-15,0.0,0.0,0.0,1.805362502340396,80.53625023403961
2022-06-17,0.0,0.0,0.0,1.805362502340396,80.53625023403961
2022-06-20,0.0,0.0,0.0,1.805362502340396,80.53625023403961
2022-06-21,0.0,0.0,0.0,1.805362502340396,80.53625023403961
2022-06-23,0.0,0.0,0.0,1.805362502340396,80.53625023403961
2022-06-24,0.0,0.0,0.0,1.805362502340396,80.53625023403961
2022-06-27,0.0,0.0,0.0,1.805362502340396,80.53625023403961
2022-06-28,0.0,0.0,0.0,1.805362502340396,80.53625023403961
2022-06-29,0.0,0.0,0.0,1.805362502340396,80.53625023403961
2022-06-30,0.0,0.0,0.0,1.805362502340396,80.53625023403961
2022-07-01,0.0,0.0,0.0,1.805362502340396,80.53625023403961
2022-07-04,0.0,0.0,0.0,1.805362502340396,80.53625023403961
2022-07-05,0.0,0.0,0.0,1.805362502340396,80.53625023403961
2022-07-06,0.0,0.0,0.0,1.805362502340396,80.53625023403961
2022-07-07,0.0,0.0,0.0,1.805362502340396,80.53625023403961
2022-07-08,0.0,0.0,0.0,1.805362502340396,80.53625023403961
2022-07-11,0.0,0.0,0.0,1.805362502340396,80.53625023403961
2022-07-12,0.0,-0.2135,0.2135,2.1908073965900705,119.08073965900705
2022-07-13,0.0,-0.1357,0.1357,2.488099960307343,148.8099960307343
2022-07-14,0.0,-0.8347,0.8347,4.5649169971758825,356.49169971758823
2022-07-15,0.0,0.0,0.0,4.5649169971758825,356.49169971758823
2022-07-18,0.0,0.0,0.0,4.5649169971758825,356.49169971758823
2022-07-19,0.0,0.0,0.0,4.5649169971758825,356.49169971758823
2022-07-20,0.0,0.0,0.0,4.5649169971758825,356.49169971758823
2022-07-21,0.0,0.0,0.0,4.5649169971758825,356.49169971758823
2022-07-22,0.0,0.0,0.0,4.5649169971758825,356.49169971758823
2022-07-25,0.0,0.0,0.0,4.5649169971758825,356.49169971758823
2022-07-26,0.0,0.0,0.0,4.5649169971758825,356.49169971758823
2022-07-27,0.0,0.0,0.0,4.5649169971758825,356.49169971758823
2022-07-28,0.0,0.0,0.0,4.5649169971758825,356.49169971758823
2022-07-29,0.0,0.0,0.0,4.5649169971758825,356.49169971758823
2022-08-01,0.0,0.0,0.0,4.5649169971758825,356.49169971758823
2022-08-02,0.0,0.0,0.0,4.5649169971758825,356.49169971758823
2022-08-03,0.0,0.0,0.0,4.5649169971758825,356.49169971758823
2022-08-04,0.0,0.0,0.0,4.5649169971758825,356.49169971758823
2022-08-08,0.0,0.0,0.0,4.5649169971758825,356.49169971758823
2022-08-09,0.0,0.0,0.0,4.5649169971758825,356.49169971758823
2022-08-10,0.0,0.0,0.0,4.5649169971758825,356.49169971758823
2022-08-11,0.0,0.0,0.0,4.5649169971758825,356.49169971758823
2022-08-12,0.0,0.0,0.0,4.5649169971758825,356.49169971758823
2022-08-16,0.0,0.0,0.0,4.5649169971758825,356.49169971758823
2022-08-17,0.0,0.0,0.0,4.5649169971758825,356.49169971758823
2022-08-18,0.0,0.0,0.0,4.5649169971758825,356.49169971758823
2022-08-19,0.0,0.0,0.0,4.5649169971758825,356.49169971758823
2022-08-22,0.0,0.0,0.0,4.5649169971758825,356.49169971758823
2022-08-23,0.0,0.0,0.0,4.5649169971758825,356.49169971758823
2022-08-24,0.0,0.0,0.0,4.5649169971758825,356.49169971758823
2022-08-25,0.0,0.0,0.0,4.5649169971758825,356.49169971758823
2022-08-26,0.0,0.0,0.0,4.5649169971758825,356.49169971758823
2022-08-29,0.0,0.0,0.0,4.5649169971758825,356.49169971758823
2022-08-30,0.0,0.0,0.0,4.5649169971758825,356.49169971758823
2022-08-31,0.0,0.0,0.0,4.5649169971758825,356.49169971758823
2022-09-01,0.0,0.0,0.0,4.5649169971758825,356.49169971758823
2022-09-02,0.0,0.0,0.0,4.5649169971758825,356.49169971758823
2022-09-05,0.0,0.0,0.0,4.5649169971758825,356.49169971758823
2022-09-06,0.0,0.0,0.0,4.5649169971758825,356.49169971758823
2022-09-07,0.0,0.0,0.0,4.5649169971758825,356.49169971758823
2022-09-08,0.0,-0.019575,0.019575,4.6542752473956,365.42752473956
2022-09-09,0.0,0.016300000000000002,-0.016300000000000002,4.578410560863052,357.8410560863052
2022-09-12,0.0,0.00735,-0.00735,4.5447592432407085,354.47592432407083
2022-09-13,0.0,0.01325,-0.01325,4.484541183267769,348.4541183267769
2022-09-14,0.0374,0.0,0.0374,4.652263023521984,365.2263023521984
2022-09-15,-0.018,0.01585,-0.03385,4.494783920175765,349.4783920175765
2022-09-16,0.0,-0.028525,0.028525,4.622997631498778,362.29976314987783
2022-09-19,-0.0183,-0.014674999999999999,-0.0036250000000000015,4.606239265084596,360.62392650845953
2022-09-20,0.0,0.0,0.0,4.606239265084596,360.62392650845953
2022-09-21,0.0,0.0,0.0,4.606239265084596,360.62392650845953
2022-09-22,0.0,0.0,0.0,4.606239265084596,360.62392650845953
2022-09-23,0.0,0.0,0.0,4.606239265084596,360.62392650845953
2022-09-26,0.0,0.0,0.0,4.606239265084596,360.62392650845953
2022-09-27,0.0,0.0,0.0,4.606239265084596,360.62392650845953
2022-09-28,0.0,0.0,0.0,4.606239265084596,360.62392650845953
2022-09-29,0.0,0.0,0.0,4.606239265084596,360.62392650845953
2022-09-30,0.0,0.0,0.0,4.606239265084596,360.62392650845953
2022-10-03,0.0,0.0,0.0,4.606239265084596,360.62392650845953
2022-10-04,0.0,0.0,0.0,4.606239265084596,360.62392650845953
2022-10-05,0.0,0.0,0.0,4.606239265084596,360.62392650845953
2022-10-06,0.0,0.0,0.0,4.606239265084596,360.62392650845953
2022-10-07,0.0,0.0,0.0,4.606239265084596,360.62392650845953
2022-10-10,0.0,0.0,0.0,4.606239265084596,360.62392650845953
2022-10-11,0.0,0.0,0.0,4.606239265084596,360.62392650845953
2022-10-12,0.0,0.0,0.0,4.606239265084596,360.62392650845953
2022-10-13,0.0,0.0,0.0,4.606239265084596,360.62392650845953
2022-10-14,0.0,0.0,0.0,4.606239265084596,360.62392650845953
2022-10-17,0.0,0.0,0.0,4.606239265084596,360.62392650845953
2022-10-18,0.0,0.0,0.0,4.606239265084596,360.62392650845953
2022-10-19,0.0,0.0,0.0,4.606239265084596,360.62392650845953
2022-10-20,0.0,0.0,0.0,4.606239265084596,360.62392650845953
2022-10-21,0.0,0.0,0.0,4.606239265084596,360.62392650845953
2022-10-24,0.0,0.0,0.0,4.606239265084596,360.62392650845953
2022-10-25,0.0,0.0,0.0,4.606239265084596,360.62392650845953
2022-10-26,0.0,0.0,0.0,4.606239265084596,360.62392650845953
2022-10-27,0.0,0.0,0.0,4.606239265084596,360.62392650845953
2022-10-28,0.0,0.0,0.0,4.606239265084596,360.62392650845953
2022-10-31,0.0,0.0,0.0,4.606239265084596,360.62392650845953
2022-11-02,0.0,0.0,0.0,4.606239265084596,360.62392650845953
2022-11-03,0.0,0.0,0.0,4.606239265084596,360.62392650845953
2022-11-04,0.0,0.0,0.0,4.606239265084596,360.62392650845953
2022-11-07,0.0,0.0,0.0,4.606239265084596,360.62392650845953
2022-11-08,0.0,0.0,0.0,4.606239265084596,360.62392650845953
2022-11-09,0.0,0.0,0.0,4.606239265084596,360.62392650845953
2022-11-10,0.0,0.0,0.0,4.606239265084596,360.62392650845953
2022-11-11,0.0,0.0,0.0,4.606239265084596,360.62392650845953
2022-11-14,0.0,0.0,0.0,4.606239265084596,360.62392650845953
2022-11-15,0.0,0.0,0.0,4.606239265084596,360.62392650845953
2022-11-16,0.0,0.0,0.0,4.606239265084596,360.62392650845953
2022-11-17,0.0,0.0,0.0,4.606239265084596,360.62392650845953
2022-11-21,0.0,0.0,0.0,4.606239265084596,360.62392650845953
2022-11-22,0.0,0.0,0.0,4.606239265084596,360.62392650845953
2022-11-23,0.0,0.0,0.0,4.606239265084596,360.62392650845953
2022-11-24,0.0,0.0,0.0,4.606239265084596,360.62392650845953
2022-11-25,0.0,0.0,0.0,4.606239265084596,360.62392650845953
2022-11-28,0.0,0.0,0.0,4.606239265084596,360.62392650845953
2022-11-29,0.0,0.0,0.0,4.606239265084596,360.62392650845953
2022-11-30,0.0,0.0,0.0,4.606239265084596,360.62392650845953
2022-12-01,0.0,0.0,0.0,4.606239265084596,360.62392650845953
2022-12-02,0.0,0.0,0.0,4.606239265084596,360.62392650845953
2022-12-05,0.0,0.0,0.0,4.606239265084596,360.62392650845953
2022-12-06,0.0,0.0,0.0,4.606239265084596,360.62392650845953
2022-12-07,0.0,0.0,0.0,4.606239265084596,360.62392650845953
2022-12-08,0.0,0.0,0.0,4.606239265084596,360.62392650845953
2022-12-09,0.0,0.0932,-0.0932,4.176937765578711,317.6937765578711
2022-12-12,0.0,0.0,0.0,4.176937765578711,317.6937765578711
2022-12-13,0.0,0.0,0.0,4.176937765578711,317.6937765578711
2022-12-14,0.0,0.0026,-0.0026,4.166077727388206,316.6077727388206
2022-12-15,0.0,0.0,0.0,4.166077727388206,316.6077727388206
2022-12-16,0.0,0.0,0.0,4.166077727388206,316.6077727388206
2022-12-19,0.0,0.0,0.0,4.166077727388206,316.6077727388206
2022-12-20,0.0,0.0,0.0,4.166077727388206,316.6077727388206
2022-12-21,0.0,0.0,0.0,4.166077727388206,316.6077727388206
2022-12-22,0.0,0.0,0.0,4.166077727388206,316.6077727388206
2022-12-23,0.0,0.0,0.0,4.166077727388206,316.6077727388206
2022-12-27,0.0,0.0,0.0,4.166077727388206,316.6077727388206
2022-12-28,0.0,0.0,0.0,4.166077727388206,316.6077727388206
2023-01-02,0.0,0.0,0.0,4.166077727388206,316.6077727388206
2023-01-03,0.0,0.0,0.0,4.166077727388206,316.6077727388206
2023-01-04,0.0,0.0,0.0,4.166077727388206,316.6077727388206
2023-01-05,0.0,0.0,0.0,4.166077727388206,316.6077727388206
2023-01-09,0.0,0.0,0.0,4.166077727388206,316.6077727388206
2023-01-10,0.0,0.0,0.0,4.166077727388206,316.6077727388206
2023-01-11,0.0,0.0,0.0,4.166077727388206,316.6077727388206
2023-01-12,0.0,0.0,0.0,4.166077727388206,316.6077727388206
2023-01-13,0.0,0.0,0.0,4.166077727388206,316.6077727388206
2023-01-16,0.0,0.0,0.0,4.166077727388206,316.6077727388206
2023-01-17,0.0,0.0,0.0,4.166077727388206,316.6077727388206
2023-01-18,0.0,0.0,0.0,4.166077727388206,316.6077727388206
2023-01-19,0.0,0.0,0.0,4.166077727388206,316.6077727388206
2023-01-20,0.0,0.0,0.0,4.166077727388206,316.6077727388206
2023-01-23,0.0,0.0,0.0,4.166077727388206,316.6077727388206
2023-01-24,0.0,0.0,0.0,4.166077727388206,316.6077727388206
2023-01-25,0.0,0.0,0.0,4.166077727388206,316.6077727388206
2023-01-26,0.0,0.0,0.0,4.166077727388206,316.6077727388206
2023-01-27,0.0,0.0,0.0,4.166077727388206,316.6077727388206
2023-01-30,0.0,0.0,0.0,4.166077727388206,316.6077727388206
2023-01-31,0.0,0.0,0.0,4.166077727388206,316.6077727388206
2023-02-01,0.0,0.0,0.0,4.166077727388206,316.6077727388206
2023-02-02,0.0,0.0,0.0,4.166077727388206,316.6077727388206
2023-02-03,0.0,0.0,0.0,4.166077727388206,316.6077727388206
2023-02-06,0.0,0.0,0.0,4.166077727388206,316.6077727388206
2023-02-07,0.0,0.0,0.0,4.166077727388206,316.6077727388206
2023-02-08,0.0,0.0,0.0,4.166077727388206,316.6077727388206
2023-02-09,0.0,0.0,0.0,4.166077727388206,316.6077727388206
2023-02-10,0.0,0.0,0.0,4.166077727388206,316.6077727388206
2023-02-13,0.0,0.0,0.0,4.166077727388206,316.6077727388206
2023-02-14,0.0,0.0,0.0,4.166077727388206,316.6077727388206
2023-02-15,0.0,0.0,0.0,4.166077727388206,316.6077727388206
2023-02-16,0.0,0.0,0.0,4.166077727388206,316.6077727388206
2023-02-17,0.0,0.0,0.0,4.166077727388206,316.6077727388206
2023-02-20,0.0,0.0,0.0,4.166077727388206,316.6077727388206
2023-02-21,0.0,0.0,0.0,4.166077727388206,316.6077727388206
2023-02-22,0.0,0.0,0.0,4.166077727388206,316.6077727388206
2023-02-23,0.0,0.0,0.0,4.166077727388206,316.6077727388206
2023-02-24,0.0,0.0,0.0,4.166077727388206,316.6077727388206
2023-02-27,0.0,0.0,0.0,4.166077727388206,316.6077727388206
2023-02-28,0.0,0.0,0.0,4.166077727388206,316.6077727388206
2023-03-01,0.0,0.0,0.0,4.166077727388206,316.6077727388206
2023-03-02,0.0,0.0,0.0,4.166077727388206,316.6077727388206
2023-03-03,0.0,0.0,0.0,4.166077727388206,316.6077727388206
2023-03-06,0.0,0.0,0.0,4.166077727388206,316.6077727388206
2023-03-07,0.0,-0.014575000000000001,0.014575000000000001,4.226798310264889,322.6798310264889
2023-03-08,0.0155,0.006675,0.008825,4.264099805352977,326.4099805352977
2023-03-09,-0.0076,-0.004525,-0.0030749999999999996,4.2509876984515165,325.09876984515165
2023-03-10,0.0,-0.035025,0.035025,4.399878542589781,339.98785425897813
2023-03-13,0.0,-0.01825,0.01825,4.480176325992045,348.0176325992045
2023-03-14,0.0077,0.014249999999999997,-0.006549999999999997,4.450831171056797,345.0831171056797
2023-03-15,-0.0305,-0.02895,-0.0015499999999999993,4.443932382741659,344.3932382741659
2023-03-16,0.0,0.011175000000000001,-0.011175000000000001,4.3942714383645205,339.42714383645205
2023-03-17,0.0,0.0,0.0,4.3942714383645205,339.42714383645205
2023-03-20,0.0,-0.014825000000000001,0.014825000000000001,4.459416512438275,345.9416512438275
2023-03-21,0.0,0.0,0.0,4.459416512438275,345.9416512438275
2023-03-22,0.0,0.0,0.0,4.459416512438275,345.9416512438275
2023-03-23,0.0,0.0,0.0,4.459416512438275,345.9416512438275
2023-03-24,0.0,0.0,0.0,4.459416512438275,345.9416512438275
2023-03-27,0.0,0.0,0.0,4.459416512438275,345.9416512438275
2023-03-28,0.0,0.0,0.0,4.459416512438275,345.9416512438275
2023-03-29,0.0,0.0,0.0,4.459416512438275,345.9416512438275
2023-03-30,0.0,0.0,0.0,4.459416512438275,345.9416512438275
2023-03-31,0.0,0.0,0.0,4.459416512438275,345.9416512438275
2023-04-03,0.0,0.0,0.0,4.459416512438275,345.9416512438275
2023-04-04,0.0,0.0,0.0,4.459416512438275,345.9416512438275
2023-04-05,0.0,0.0,0.0,4.459416512438275,345.9416512438275
2023-04-06,0.0,0.0,0.0,4.459416512438275,345.9416512438275
2023-04-11,0.0,0.0,0.0,4.459416512438275,345.9416512438275
2023-04-12,0.0,0.0,0.0,4.459416512438275,345.9416512438275
2023-04-13,0.0,0.0,0.0,4.459416512438275,345.9416512438275
2023-04-14,0.0,0.0,0.0,4.459416512438275,345.9416512438275
2023-04-17,0.0,0.0,0.0,4.459416512438275,345.9416512438275
2023-04-18,0.0,0.0,0.0,4.459416512438275,345.9416512438275
2023-04-19,0.0,0.0,0.0,4.459416512438275,345.9416512438275
2023-04-20,0.0,0.0,0.0,4.459416512438275,345.9416512438275
2023-04-21,0.0,0.0,0.0,4.459416512438275,345.9416512438275
2023-04-24,0.0,0.0,0.0,4.459416512438275,345.9416512438275
2023-04-25,0.0,0.0,0.0,4.459416512438275,345.9416512438275
2023-04-26,0.0,0.0,0.0,4.459416512438275,345.9416512438275
2023-04-27,0.0,0.0,0.0,4.459416512438275,345.9416512438275
2023-04-28,0.0,0.0,0.0,4.459416512438275,345.9416512438275
2023-05-02,0.0,0.0,0.0,4.459416512438275,345.9416512438275
2023-05-03,0.0,0.0,0.0,4.459416512438275,345.9416512438275
2023-05-04,0.0,0.0,0.0,4.459416512438275,345.9416512438275
2023-05-05,0.0,0.0,0.0,4.459416512438275,345.9416512438275
2023-05-08,0.0,0.0,0.0,4.459416512438275,345.9416512438275
2023-05-09,0.0,0.0,0.0,4.459416512438275,345.9416512438275
2023-05-10,0.0,0.0,0.0,4.459416512438275,345.9416512438275
2023-05-11,0.0,0.0,0.0,4.459416512438275,345.9416512438275
2023-05-12,0.0,0.0,0.0,4.459416512438275,345.9416512438275
2023-05-15,0.0,0.0,0.0,4.459416512438275,345.9416512438275
2023-05-16,0.0,0.0,0.0,4.459416512438275,345.9416512438275
2023-05-17,0.0,0.0,0.0,4.459416512438275,345.9416512438275
2023-05-18,0.0,0.0,0.0,4.459416512438275,345.9416512438275
2023-05-19,0.0,0.0,0.0,4.459416512438275,345.9416512438275
2023-05-22,0.0,0.0,0.0,4.459416512438275,345.9416512438275
2023-05-23,0.0,0.0,0.0,4.459416512438275,345.9416512438275
2023-05-24,0.0,0.0,0.0,4.459416512438275,345.9416512438275
2023-05-25,0.0,0.0,0.0,4.459416512438275,345.9416512438275
2023-05-26,0.0,0.0,0.0,4.459416512438275,345.9416512438275
2023-05-29,0.0,0.0,0.0,4.459416512438275,345.9416512438275
2023-05-31,0.0,0.0,0.0,4.459416512438275,345.9416512438275
2023-06-01,0.0,0.0,0.0,4.459416512438275,345.9416512438275
2023-06-02,0.0,0.0,0.0,4.459416512438275,345.9416512438275
2023-06-05,0.0,0.0,0.0,4.459416512438275,345.9416512438275
2023-06-06,0.0,0.0,0.0,4.459416512438275,345.9416512438275
2023-06-07,0.0,0.0,0.0,4.459416512438275,345.9416512438275
2023-06-09,0.0,0.0,0.0,4.459416512438275,345.9416512438275
2023-06-12,0.0,0.0,0.0,4.459416512438275,345.9416512438275
2023-06-13,0.0,0.0,0.0,4.459416512438275,345.9416512438275
2023-06-14,0.0,0.0,0.0,4.459416512438275,345.9416512438275
2023-06-15,0.0,0.0,0.0,4.459416512438275,345.9416512438275
2023-06-16,0.0,0.0,0.0,4.459416512438275,345.9416512438275
2023-06-19,0.0,0.0,0.0,4.459416512438275,345.9416512438275
2023-06-20,0.0,0.0,0.0,4.459416512438275,345.9416512438275
2023-06-21,0.0,0.0,0.0,4.459416512438275,345.9416512438275
2023-06-23,0.0,0.0,0.0,4.459416512438275,345.9416512438275
2023-06-26,0.0,0.0,0.0,4.459416512438275,345.9416512438275
2023-06-27,0.0,0.0,0.0,4.459416512438275,345.9416512438275
2023-06-28,0.0,0.0,0.0,4.459416512438275,345.9416512438275
2023-06-29,0.0,0.0,0.0,4.459416512438275,345.9416512438275
2023-06-30,0.0,0.0,0.0,4.459416512438275,345.9416512438275
2023-07-03,0.0,0.0,0.0,4.459416512438275,345.9416512438275
2023-07-04,0.0,0.0,0.0,4.459416512438275,345.9416512438275
2023-07-05,0.0,0.0,0.0,4.459416512438275,345.9416512438275
2023-07-06,0.0,0.0,0.0,4.459416512438275,345.9416512438275
2023-07-07,0.0,0.0,0.0,4.459416512438275,345.9416512438275
2023-07-10,0.0,0.0,0.0,4.459416512438275,345.9416512438275
2023-07-11,0.0,0.0,0.0,4.459416512438275,345.9416512438275
2023-07-12,0.0,0.0,0.0,4.459416512438275,345.9416512438275
2023-07-13,0.0,0.0,0.0,4.459416512438275,345.9416512438275
2023-07-14,0.0,0.0,0.0,4.459416512438275,345.9416512438275
2023-07-17,0.0,0.0,0.0,4.459416512438275,345.9416512438275
2023-07-18,0.0,0.0,0.0,4.459416512438275,345.9416512438275
2023-07-19,0.0,0.0,0.0,4.459416512438275,345.9416512438275
2023-07-20,0.0,0.0,0.0,4.459416512438275,345.9416512438275
2023-07-21,0.0,0.0,0.0,4.459416512438275,345.9416512438275
2023-07-24,0.0,0.0,0.0,4.459416512438275,345.9416512438275
2023-07-25,0.0,0.0,0.0,4.459416512438275,345.9416512438275
2023-07-26,0.0,0.0,0.0,4.459416512438275,345.9416512438275
2023-07-27,0.0,0.0,0.0,4.459416512438275,345.9416512438275
2023-07-28,0.0,0.0,0.0,4.459416512438275,345.9416512438275
2023-07-31,0.0,0.0,0.0,4.459416512438275,345.9416512438275
2023-08-01,0.0,0.0,0.0,4.459416512438275,345.9416512438275
2023-08-02,0.0,0.0,0.0,4.459416512438275,345.9416512438275
2023-08-03,0.0,0.0,0.0,4.459416512438275,345.9416512438275
2023-08-04,0.0,0.0,0.0,4.459416512438275,345.9416512438275
2023-08-07,0.0,0.0,0.0,4.459416512438275,345.9416512438275
2023-08-08,0.0,0.0,0.0,4.459416512438275,345.9416512438275
2023-08-09,0.0,0.0,0.0,4.459416512438275,345.9416512438275
2023-08-10,0.0,0.0,0.0,4.459416512438275,345.9416512438275
2023-08-11,0.0,0.0,0.0,4.459416512438275,345.9416512438275
2023-08-14,0.0,0.0,0.0,4.459416512438275,345.9416512438275
2023-08-16,0.0,0.0,0.0,4.459416512438275,345.9416512438275
2023-08-17,0.0,0.0,0.0,4.459416512438275,345.9416512438275
2023-08-18,0.0,0.0,0.0,4.459416512438275,345.9416512438275
2023-08-21,0.0,0.0,0.0,4.459416512438275,345.9416512438275
2023-08-22,0.0,0.0,0.0,4.459416512438275,345.9416512438275
2023-08-23,0.0,0.0,0.0,4.459416512438275,345.9416512438275
2023-08-24,0.0,0.0,0.0,4.459416512438275,345.9416512438275
2023-08-25,0.0,0.0,0.0,4.459416512438275,345.9416512438275
2023-08-28,0.0,0.0,0.0,4.459416512438275,345.9416512438275
2023-08-29,0.0,0.0,0.0,4.459416512438275,345.9416512438275
2023-08-30,0.0,0.0,0.0,4.459416512438275,345.9416512438275
2023-08-31,0.0,0.0,0.0,4.459416512438275,345.9416512438275
2023-09-01,0.0,0.0,0.0,4.459416512438275,345.9416512438275
2023-09-04,0.0,0.0,0.0,4.459416512438275,345.9416512438275
2023-09-05,0.0,0.0,0.0,4.459416512438275,345.9416512438275
2023-09-06,0.006316666666666667,-0.024,0.030316666666666665,4.594611156373696,359.4611156373696
2023-09-07,0.011016666666666668,0.0041,0.006916666666666667,4.62639055020528,362.639055020528
2023-09-08,-0.005983333333333333,0.0,-0.005983333333333333,4.598709313413218,359.87093134132186
2023-09-11,-0.004816666666666667,0.0,-0.004816666666666667,4.576558863553611,357.65588635536113
2023-09-12,-0.009266666666666666,-0.0163,0.007033333333333332,4.608747327560605,360.87473275606044
2023-09-13,0.0006500000000000013,0.0,0.0006500000000000013,4.611743013323519,361.1743013323519
2023-09-14,0.00865,0.0,0.00865,4.651634590388768,365.1634590388768
2023-09-15,0.009600000000000001,0.0,0.009600000000000001,4.6962902824565,369.62902824565003
2023-09-18,0.009083333333333334,0.0,0.009083333333333334,4.738948252522147,373.8948252522147
2023-09-19,0.0,0.0,0.0,4.738948252522147,373.8948252522147
2023-09-20,0.0,0.0,0.0,4.738948252522147,373.8948252522147
2023-09-21,0.0,0.0,0.0,4.738948252522147,373.8948252522147
2023-09-22,0.0,0.0,0.0,4.738948252522147,373.8948252522147
2023-09-25,0.0,0.0,0.0,4.738948252522147,373.8948252522147
2023-09-26,0.0,0.0,0.0,4.738948252522147,373.8948252522147
2023-09-27,0.0,0.0,0.0,4.738948252522147,373.8948252522147
2023-09-28,0.0,0.0,0.0,4.738948252522147,373.8948252522147
2023-09-29,0.0,0.0,0.0,4.738948252522147,373.8948252522147
2023-10-02,0.0,0.0,0.0,4.738948252522147,373.8948252522147
2023-10-03,0.0,0.0,0.0,4.738948252522147,373.8948252522147
2023-10-04,0.0,0.0,0.0,4.738948252522147,373.8948252522147
2023-10-05,0.0,0.0,0.0,4.738948252522147,373.8948252522147
2023-10-06,0.0,0.0,0.0,4.738948252522147,373.8948252522147
2023-10-09,0.0,0.0,0.0,4.738948252522147,373.8948252522147
2023-10-10,0.0,0.0,0.0,4.738948252522147,373.8948252522147
2023-10-11,0.0,0.0,0.0,4.738948252522147,373.8948252522147
2023-10-12,0.0,0.0,0.0,4.738948252522147,373.8948252522147
2023-10-13,0.0,0.0,0.0,4.738948252522147,373.8948252522147
2023-10-16,0.0,0.0,0.0,4.738948252522147,373.8948252522147
2023-10-17,0.0,0.0,0.0,4.738948252522147,373.8948252522147
2023-10-18,0.0,0.0,0.0,4.738948252522147,373.8948252522147
2023-10-19,0.0,0.0,0.0,4.738948252522147,373.8948252522147
2023-10-20,0.0,0.0,0.0,4.738948252522147,373.8948252522147
2023-10-23,0.0,0.0,0.0,4.738948252522147,373.8948252522147
2023-10-24,0.0,0.0,0.0,4.738948252522147,373.8948252522147
2023-10-25,0.0,0.0,0.0,4.738948252522147,373.8948252522147
2023-10-26,0.0,0.0,0.0,4.738948252522147,373.8948252522147
2023-10-27,0.0,0.0,0.0,4.738948252522147,373.8948252522147
2023-10-30,0.0,0.0,0.0,4.738948252522147,373.8948252522147
2023-10-31,0.0,0.0,0.0,4.738948252522147,373.8948252522147
2023-11-02,0.0,0.0,0.0,4.738948252522147,373.8948252522147
2023-11-03,0.0,0.0,0.0,4.738948252522147,373.8948252522147
2023-11-06,0.0,0.0,0.0,4.738948252522147,373.8948252522147
2023-11-07,0.0,0.0,0.0,4.738948252522147,373.8948252522147
2023-11-08,0.0,0.0,0.0,4.738948252522147,373.8948252522147
2023-11-09,0.0,0.0,0.0,4.738948252522147,373.8948252522147
2023-11-10,0.0,0.0,0.0,4.738948252522147,373.8948252522147
2023-11-13,0.0,0.0,0.0,4.738948252522147,373.8948252522147
2023-11-14,0.0,0.0,0.0,4.738948252522147,373.8948252522147
2023-11-15,0.0,0.0,0.0,4.738948252522147,373.8948252522147
2023-11-16,0.0,0.0,0.0,4.738948252522147,373.8948252522147
2023-11-17,0.0,0.0,0.0,4.738948252522147,373.8948252522147
2023-11-20,0.0,0.0,0.0,4.738948252522147,373.8948252522147
2023-11-21,0.0,0.0,0.0,4.738948252522147,373.8948252522147
2023-11-22,0.0,0.0,0.0,4.738948252522147,373.8948252522147
2023-11-23,0.0,0.0,0.0,4.738948252522147,373.8948252522147
2023-11-24,0.0,0.0,0.0,4.738948252522147,373.8948252522147
2023-11-27,0.0,0.0,0.0,4.738948252522147,373.8948252522147
2023-11-28,0.0,0.0,0.0,4.738948252522147,373.8948252522147
2023-11-29,0.0,0.0,0.0,4.738948252522147,373.8948252522147
2023-11-30,0.0,0.0,0.0,4.738948252522147,373.8948252522147
2023-12-01,0.0,0.0,0.0,4.738948252522147,373.8948252522147
2023-12-04,0.0,0.0,0.0,4.738948252522147,373.8948252522147
2023-12-05,0.0,0.0,0.0,4.738948252522147,373.8948252522147
2023-12-06,0.0,0.0,0.0,4.738948252522147,373.8948252522147
2023-12-07,0.0,0.0,0.0,4.738948252522147,373.8948252522147
2023-12-08,0.0,0.0,0.0,4.738948252522147,373.8948252522147
2023-12-11,0.0,0.0,0.0,4.738948252522147,373.8948252522147
2023-12-12,0.0,0.0,0.0,4.738948252522147,373.8948252522147
2023-12-13,0.0,0.0,0.0,4.738948252522147,373.8948252522147
2023-12-14,0.0,0.0,0.0,4.738948252522147,373.8948252522147
2023-12-15,0.0,0.0,0.0,4.738948252522147,373.8948252522147
2023-12-18,0.0,0.0,0.0,4.738948252522147,373.8948252522147
2023-12-19,0.0,0.0,0.0,4.738948252522147,373.8948252522147
2023-12-20,0.0,0.0,0.0,4.738948252522147,373.8948252522147
2023-12-21,0.0,0.0,0.0,4.738948252522147,373.8948252522147
2023-12-22,0.0,0.0,0.0,4.738948252522147,373.8948252522147
2023-12-27,0.0,0.0,0.0,4.738948252522147,373.8948252522147
2023-12-28,0.0,0.0,0.0,4.738948252522147,373.8948252522147
2023-12-29,0.0,0.0,0.0,4.738948252522147,373.8948252522147
2024-01-02,0.0,0.0,0.0,4.738948252522147,373.8948252522147
2024-01-03,0.0,0.0,0.0,4.738948252522147,373.8948252522147
2024-01-04,0.0,0.0,0.0,4.738948252522147,373.8948252522147
2024-01-05,0.0,0.0,0.0,4.738948252522147,373.8948252522147
2024-01-08,0.0,0.0,0.0,4.738948252522147,373.8948252522147
2024-01-09,0.0,0.0,0.0,4.738948252522147,373.8948252522147
2024-01-10,0.0,0.0,0.0,4.738948252522147,373.8948252522147
2024-01-11,0.0,0.0,0.0,4.738948252522147,373.8948252522147
2024-01-12,0.0,0.0,0.0,4.738948252522147,373.8948252522147
2024-01-15,0.0,0.0,0.0,4.738948252522147,373.8948252522147
2024-01-16,0.0,0.0,0.0,4.738948252522147,373.8948252522147
2024-01-17,0.0,0.0,0.0,4.738948252522147,373.8948252522147
2024-01-18,0.0,0.0,0.0,4.738948252522147,373.8948252522147
2024-01-19,0.0,0.0,0.0,4.738948252522147,373.8948252522147
2024-01-22,0.0,0.0,0.0,4.738948252522147,373.8948252522147
2024-01-23,0.0,0.0,0.0,4.738948252522147,373.8948252522147
2024-01-24,0.0,0.0,0.0,4.738948252522147,373.8948252522147
2024-01-25,0.0,0.0,0.0,4.738948252522147,373.8948252522147
2024-01-26,0.0,0.0,0.0,4.738948252522147,373.8948252522147
2024-01-29,0.0,0.0,0.0,4.738948252522147,373.8948252522147
2024-01-30,0.0,0.0,0.0,4.738948252522147,373.8948252522147
2024-01-31,0.0,0.0,0.0,4.738948252522147,373.8948252522147
2024-02-01,0.0,0.0,0.0,4.738948252522147,373.8948252522147
2024-02-02,0.0,0.0,0.0,4.738948252522147,373.8948252522147
2024-02-05,0.0,0.0,0.0,4.738948252522147,373.8948252522147
2024-02-06,0.0,0.0,0.0,4.738948252522147,373.8948252522147
2024-02-07,0.0,0.0,0.0,4.738948252522147,373.8948252522147
2024-02-08,0.0,0.0,0.0,4.738948252522147,373.8948252522147
2024-02-09,0.0,0.0,0.0,4.738948252522147,373.8948252522147
2024-02-12,0.0,0.0,0.0,4.738948252522147,373.8948252522147
2024-02-13,0.0,0.0,0.0,4.738948252522147,373.8948252522147
2024-02-14,0.0,0.0,0.0,4.738948252522147,373.8948252522147
2024-02-15,0.0,0.0,0.0,4.738948252522147,373.8948252522147
2024-02-16,0.0,0.0,0.0,4.738948252522147,373.8948252522147
2024-02-19,0.0,0.0,0.0,4.738948252522147,373.8948252522147
2024-02-20,0.0,0.0,0.0,4.738948252522147,373.8948252522147
2024-02-21,0.0,0.0,0.0,4.738948252522147,373.8948252522147
2024-02-22,0.0,0.0,0.0,4.738948252522147,373.8948252522147
2024-02-23,0.0,0.0,0.0,4.738948252522147,373.8948252522147
2024-02-26,0.0,0.0,0.0,4.738948252522147,373.8948252522147
2024-02-27,0.0,0.0,0.0,4.738948252522147,373.8948252522147
2024-02-28,0.0,0.0,0.0,4.738948252522147,373.8948252522147
2024-02-29,0.0,0.0,0.0,4.738948252522147,373.8948252522147
2024-03-01,0.0,0.0,0.0,4.738948252522147,373.8948252522147
2024-03-04,0.0,0.0,0.0,4.738948252522147,373.8948252522147
2024-03-05,0.0,0.0,0.0,4.738948252522147,373.8948252522147
2024-03-06,0.0,0.0,0.0,4.738948252522147,373.8948252522147
2024-03-07,0.019100000000000002,0.0224,-0.0032999999999999974,4.723309723288824,372.3309723288824
2024-03-08,0.010033333333333333,0.0144,-0.004366666666666666,4.702684604163796,370.2684604163796
2024-03-11,0.014066666666666668,0.028399999999999998,-0.01433333333333333,4.635279458170782,363.5279458170782
2024-03-12,-0.009,0.0,-0.009,4.593561943047245,359.3561943047245
2024-03-13,-0.0038666666666666667,0.0,-0.0038666666666666667,4.575800170200796,357.5800170200796
2024-03-14,0.004833333333333334,0.0,0.004833333333333334,4.597916537690099,359.79165376900994
2024-03-15,-0.0016000000000000003,-0.0403,0.038700000000000005,4.7758559076987055,377.5855907698706
2024-03-18,-0.023633333333333336,-0.0329,0.009266666666666663,4.82011217244338,382.011217244338
2024-03-19,0.0,0.0,0.0,4.82011217244338,382.011217244338
2024-03-20,0.0,0.0,0.0,4.82011217244338,382.011217244338
2024-03-21,0.0,0.0,0.0,4.82011217244338,382.011217244338
2024-03-22,0.0,0.0,0.0,4.82011217244338,382.011217244338
2024-03-25,0.0,0.0,0.0,4.82011217244338,382.011217244338
2024-03-26,0.0,0.0,0.0,4.82011217244338,382.011217244338
2024-03-27,0.0,0.0,0.0,4.82011217244338,382.011217244338
2024-03-28,0.0,0.0,0.0,4.82011217244338,382.011217244338
2024-04-02,0.0,0.0,0.0,4.82011217244338,382.011217244338
2024-04-03,0.0,0.0,0.0,4.82011217244338,382.011217244338
2024-04-04,0.0,0.0,0.0,4.82011217244338,382.011217244338
2024-04-05,0.0,0.0,0.0,4.82011217244338,382.011217244338
2024-04-08,0.0,0.0,0.0,4.82011217244338,382.011217244338
2024-04-09,0.0,0.0,0.0,4.82011217244338,382.011217244338
2024-04-10,0.0,0.0,0.0,4.82011217244338,382.011217244338
2024-04-11,0.0,0.0,0.0,4.82011217244338,382.011217244338
2024-04-12,0.0,0.0,0.0,4.82011217244338,382.011217244338
2024-04-15,0.0,0.0,0.0,4.82011217244338,382.011217244338
2024-04-16,0.0,0.0,0.0,4.82011217244338,382.011217244338
2024-04-18,0.0,0.0,0.0,4.82011217244338,382.011217244338
2024-04-19,0.0,0.0,0.0,4.82011217244338,382.011217244338
2024-04-22,0.0,0.0,0.0,4.82011217244338,382.011217244338
2024-04-23,0.0,0.0,0.0,4.82011217244338,382.011217244338
2024-04-24,0.0,0.0,0.0,4.82011217244338,382.011217244338
2024-04-25,0.0,0.0,0.0,4.82011217244338,382.011217244338
2024-04-26,0.0,0.0,0.0,4.82011217244338,382.011217244338
2024-04-29,0.0,0.0,0.0,4.82011217244338,382.011217244338
2024-04-30,0.0,0.0,0.0,4.82011217244338,382.011217244338
2024-05-02,0.0,0.0,0.0,4.82011217244338,382.011217244338
2024-05-03,0.0,0.0,0.0,4.82011217244338,382.011217244338
2024-05-06,0.0,0.0,0.0,4.82011217244338,382.011217244338
2024-05-07,0.0,0.0,0.0,4.82011217244338,382.011217244338
2024-05-08,0.0,0.0,0.0,4.82011217244338,382.011217244338
2024-05-09,0.0,0.0,0.0,4.82011217244338,382.011217244338
2024-05-10,0.0,0.0,0.0,4.82011217244338,382.011217244338
2024-05-13,0.0,0.0,0.0,4.82011217244338,382.011217244338
2024-05-14,0.0,0.0,0.0,4.82011217244338,382.011217244338
2024-05-15,0.0,0.0,0.0,4.82011217244338,382.011217244338
2024-05-16,0.0,0.0,0.0,4.82011217244338,382.011217244338
2024-05-17,0.0,0.0,0.0,4.82011217244338,382.011217244338
2024-05-20,0.0,0.0,0.0,4.82011217244338,382.011217244338
2024-05-21,0.0,0.0,0.0,4.82011217244338,382.011217244338
2024-05-22,0.0,0.0,0.0,4.82011217244338,382.011217244338
2024-05-23,0.0,0.0,0.0,4.82011217244338,382.011217244338
2024-05-24,0.0,0.0,0.0,4.82011217244338,382.011217244338
2024-05-27,0.0,0.0,0.0,4.82011217244338,382.011217244338
2024-05-28,0.0,0.0,0.0,4.82011217244338,382.011217244338
2024-05-29,0.0,0.0,0.0,4.82011217244338,382.011217244338
2024-05-31,0.0,0.0,0.0,4.82011217244338,382.011217244338
2024-06-03,0.0,0.0,0.0,4.82011217244338,382.011217244338
2024-06-04,0.0,0.0,0.0,4.82011217244338,382.011217244338
2024-06-05,0.0,0.0,0.0,4.82011217244338,382.011217244338
2024-06-06,0.0,0.0,0.0,4.82011217244338,382.011217244338
2024-06-07,0.0,0.0,0.0,4.82011217244338,382.011217244338
2024-06-10,0.0,0.0,0.0,4.82011217244338,382.011217244338
2024-06-11,0.0,0.0,0.0,4.82011217244338,382.011217244338
2024-06-12,0.0,0.0,0.0,4.82011217244338,382.011217244338
2024-06-13,0.0,0.0,0.0,4.82011217244338,382.011217244338
2024-06-14,0.0,0.0,0.0,4.82011217244338,382.011217244338
2024-06-17,0.0,0.0,0.0,4.82011217244338,382.011217244338
2024-06-18,0.0,0.0,0.0,4.82011217244338,382.011217244338
2024-06-19,0.0,0.0,0.0,4.82011217244338,382.011217244338
2024-06-20,0.0,0.0,0.0,4.82011217244338,382.011217244338
2024-06-21,0.0,0.0,0.0,4.82011217244338,382.011217244338
2024-06-24,0.0,0.0,0.0,4.82011217244338,382.011217244338
2024-06-25,0.0,0.0,0.0,4.82011217244338,382.011217244338
2024-06-26,0.0,0.0,0.0,4.82011217244338,382.011217244338
2024-06-27,0.0,0.0,0.0,4.82011217244338,382.011217244338
2024-06-28,0.0,0.0,0.0,4.82011217244338,382.011217244338
2024-07-01,0.0,0.0,0.0,4.82011217244338,382.011217244338
2024-07-02,0.0,0.0,0.0,4.82011217244338,382.011217244338
2024-07-03,0.0,0.0,0.0,4.82011217244338,382.011217244338
2024-07-04,0.0,0.0,0.0,4.82011217244338,382.011217244338
2024-07-05,0.0,0.0,0.0,4.82011217244338,382.011217244338
2024-07-08,0.0,0.0,0.0,4.82011217244338,382.011217244338
2024-07-09,0.0,0.0,0.0,4.82011217244338,382.011217244338
2024-07-10,0.0,0.0,0.0,4.82011217244338,382.011217244338
2024-07-11,0.0,0.0,0.0,4.82011217244338,382.011217244338
2024-07-12,0.0,0.0,0.0,4.82011217244338,382.011217244338
2024-07-15,0.0,0.0,0.0,4.82011217244338,382.011217244338
2024-07-16,0.0,0.0,0.0,4.82011217244338,382.011217244338
2024-07-17,0.0,0.0,0.0,4.82011217244338,382.011217244338
2024-07-18,0.0,0.0,0.0,4.82011217244338,382.011217244338
2024-07-19,0.0,0.0,0.0,4.82011217244338,382.011217244338
2024-07-22,0.0,0.0,0.0,4.82011217244338,382.011217244338
2024-07-23,0.0,0.0,0.0,4.82011217244338,382.011217244338
2024-07-24,0.0,0.0,0.0,4.82011217244338,382.011217244338
2024-07-25,0.0,0.0,0.0,4.82011217244338,382.011217244338
2024-07-26,0.0,0.0,0.0,4.82011217244338,382.011217244338
2024-07-29,0.0,0.0,0.0,4.82011217244338,382.011217244338
2024-07-30,0.0,0.0,0.0,4.82011217244338,382.011217244338
2024-07-31,0.0,0.0,0.0,4.82011217244338,382.011217244338
2024-08-01,0.0,0.0,0.0,4.82011217244338,382.011217244338
2024-08-02,0.0,0.0,0.0,4.82011217244338,382.011217244338
2024-08-06,0.0,0.0,0.0,4.82011217244338,382.011217244338
2024-08-07,0.0,0.0,0.0,4.82011217244338,382.011217244338
2024-08-08,0.0,0.0,0.0,4.82011217244338,382.011217244338
2024-08-09,0.0,0.0,0.0,4.82011217244338,382.011217244338
2024-08-12,0.0,0.0,0.0,4.82011217244338,382.011217244338
2024-08-13,0.0,0.0,0.0,4.82011217244338,382.011217244338
2024-08-14,0.0,0.0,0.0,4.82011217244338,382.011217244338
2024-08-16,0.0,0.0,0.0,4.82011217244338,382.011217244338
2024-08-19,0.0,0.0,0.0,4.82011217244338,382.011217244338
2024-08-20,0.0,0.0,0.0,4.82011217244338,382.011217244338
2024-08-21,0.0,0.0,0.0,4.82011217244338,382.011217244338
2024-08-22,0.0,0.0,0.0,4.82011217244338,382.011217244338
2024-08-23,0.0,0.0,0.0,4.82011217244338,382.011217244338
2024-08-26,0.0,0.0,0.0,4.82011217244338,382.011217244338
2024-08-27,0.0,0.0,0.0,4.82011217244338,382.011217244338
2024-08-28,0.0,0.0,0.0,4.82011217244338,382.011217244338
2024-08-29,0.0,0.0,0.0,4.82011217244338,382.011217244338
2024-08-30,0.0,0.0,0.0,4.82011217244338,382.011217244338
2024-09-02,0.0,0.0,0.0,4.82011217244338,382.011217244338
2024-09-03,0.0,0.0,0.0,4.82011217244338,382.011217244338
2024-09-04,0.0,0.0,0.0,4.82011217244338,382.011217244338
2024-09-05,0.0,0.0,0.0,4.82011217244338,382.011217244338
2024-09-06,0.0,0.0,0.0,4.82011217244338,382.011217244338
2024-09-09,0.0,0.0,0.0,4.82011217244338,382.011217244338
2024-09-10,0.0,0.0,0.0,4.82011217244338,382.011217244338
2024-09-11,0.0,0.00305,-0.00305,4.805410830317428,380.54108303174286
2024-09-12,0.0,-0.0122,0.0122,4.864036842447301,386.4036842447301
2024-09-13,0.0,0.00625,-0.00625,4.833636612182005,383.3636612182005
2024-09-16,0.0,-0.007,0.007,4.867472068467278,386.7472068467278
2024-09-17,0.0,0.0,0.0,4.867472068467278,386.7472068467278
2024-09-18,0.0,0.0016000000000000003,-0.0016000000000000003,4.859684113157731,385.9684113157731
2024-09-19,0.0,0.0,0.0,4.859684113157731,385.9684113157731
2024-09-20,0.0,0.00855,-0.00855,4.818133813990232,381.8133813990232
2024-09-23,0.0,0.0,0.0,4.818133813990232,381.8133813990232
2024-09-24,0.0,0.0,0.0,4.818133813990232,381.8133813990232
2024-09-25,0.0,0.0,0.0,4.818133813990232,381.8133813990232
2024-09-26,0.0,0.0,0.0,4.818133813990232,381.8133813990232
2024-09-27,0.0,0.0,0.0,4.818133813990232,381.8133813990232
2024-09-30,0.0,0.0,0.0,4.818133813990232,381.8133813990232
2024-10-01,0.0,0.0,0.0,4.818133813990232,381.8133813990232
2024-10-02,0.0,0.0,0.0,4.818133813990232,381.8133813990232
2024-10-03,0.0,0.0,0.0,4.818133813990232,381.8133813990232
2024-10-04,0.0,0.0,0.0,4.818133813990232,381.8133813990232
2024-10-07,0.0,0.0,0.0,4.818133813990232,381.8133813990232
2024-10-08,0.0,0.0,0.0,4.818133813990232,381.8133813990232
2024-10-09,0.0,0.0,0.0,4.818133813990232,381.8133813990232
2024-10-10,0.0,0.0,0.0,4.818133813990232,381.8133813990232
2024-10-11,0.0,0.0,0.0,4.818133813990232,381.8133813990232
2024-10-14,0.0,0.0,0.0,4.818133813990232,381.8133813990232
2024-10-15,0.0,0.0,0.0,4.818133813990232,381.8133813990232
2024-10-16,0.0,0.0,0.0,4.818133813990232,381.8133813990232
2024-10-17,0.0,0.0,0.0,4.818133813990232,381.8133813990232
2024-10-18,0.0,0.0,0.0,4.818133813990232,381.8133813990232
2024-10-21,0.0,0.0,0.0,4.818133813990232,381.8133813990232
2024-10-22,0.0,0.0,0.0,4.818133813990232,381.8133813990232
2024-10-23,0.0,0.0,0.0,4.818133813990232,381.8133813990232
2024-10-24,0.0,0.0,0.0,4.818133813990232,381.8133813990232
2024-10-25,0.0,0.0,0.0,4.818133813990232,381.8133813990232
2024-10-28,0.0,0.0,0.0,4.818133813990232,381.8133813990232
2024-10-29,0.0,0.0,0.0,4.818133813990232,381.8133813990232
2024-10-30,0.0,0.0,0.0,4.818133813990232,381.8133813990232
2024-10-31,0.0,0.0,0.0,4.818133813990232,381.8133813990232
2024-11-04,0.0,0.0,0.0,4.818133813990232,381.8133813990232
2024-11-05,0.0,0.0,0.0,4.818133813990232,381.8133813990232
2024-11-06,0.0,0.0,0.0,4.818133813990232,381.8133813990232
2024-11-07,0.0,0.0,0.0,4.818133813990232,381.8133813990232
2024-11-08,0.0,0.0,0.0,4.818133813990232,381.8133813990232
2024-11-11,0.0,0.0,0.0,4.818133813990232,381.8133813990232
2024-11-12,0.0,0.0,0.0,4.818133813990232,381.8133813990232
2024-11-13,0.0,0.0,0.0,4.818133813990232,381.8133813990232
2024-11-14,0.0,0.0,0.0,4.818133813990232,381.8133813990232
2024-11-15,0.0,0.0,0.0,4.818133813990232,381.8133813990232
2024-11-19,0.0,0.0,0.0,4.818133813990232,381.8133813990232
2024-11-20,0.0,0.0,0.0,4.818133813990232,381.8133813990232
2024-11-21,0.0,0.0,0.0,4.818133813990232,381.8133813990232
2024-11-22,0.0,0.0,0.0,4.818133813990232,381.8133813990232
2024-11-25,0.0,0.0,0.0,4.818133813990232,381.8133813990232
2024-11-26,0.0,0.0,0.0,4.818133813990232,381.8133813990232
2024-11-27,0.0,0.0,0.0,4.818133813990232,381.8133813990232
2024-11-28,0.0,0.0,0.0,4.818133813990232,381.8133813990232
2024-11-29,0.0,0.0,0.0,4.818133813990232,381.8133813990232
2024-12-02,0.0,0.0,0.0,4.818133813990232,381.8133813990232
2024-12-03,0.0,0.0,0.0,4.818133813990232,381.8133813990232
2024-12-04,0.0,0.0,0.0,4.818133813990232,381.8133813990232
2024-12-05,0.0,0.0,0.0,4.818133813990232,381.8133813990232
2024-12-06,0.0,0.0,0.0,4.818133813990232,381.8133813990232
2024-12-09,0.0,0.0,0.0,4.818133813990232,381.8133813990232
2024-12-10,0.0,0.0,0.0,4.818133813990232,381.8133813990232
2024-12-11,0.0,0.0,0.0,4.818133813990232,381.8133813990232
2024-12-12,0.0,0.0,0.0,4.818133813990232,381.8133813990232
2024-12-13,0.0,-0.0044,0.0044,4.839333602771789,383.9333602771789
2024-12-16,0.0,-0.011,0.011,4.892566272402278,389.25662724022783
2024-12-17,0.0,-0.0556,0.0556,5.164592957147845,416.4592957147845
2024-12-18,0.0,-0.0024,0.0024,5.176987980245,417.69879802450004
2024-12-19,0.0,0.0142,-0.0142,5.103474750925521,410.34747509255214
2024-12-20,0.0,0.0,0.0,5.103474750925521,410.34747509255214
2024-12-23,0.0,0.0,0.0,5.103474750925521,410.34747509255214
2024-12-27,0.0,0.0,0.0,5.103474750925521,410.34747509255214
2024-12-30,0.0,0.0,0.0,5.103474750925521,410.34747509255214
2025-01-02,0.0,0.0,0.0,5.103474750925521,410.34747509255214
2025-01-03,0.0,0.0,0.0,5.103474750925521,410.34747509255214
2025-01-07,0.0,0.0,0.0,5.103474750925521,410.34747509255214
2025-01-08,0.0,0.0,0.0,5.103474750925521,410.34747509255214
2025-01-09,0.0,0.0,0.0,5.103474750925521,410.34747509255214
2025-01-10,0.0,0.0,0.0,5.103474750925521,410.34747509255214
2025-01-13,0.0,0.0,0.0,5.103474750925521,410.34747509255214
2025-01-14,0.0,0.0,0.0,5.103474750925521,410.34747509255214
2025-01-15,0.0,0.0,0.0,5.103474750925521,410.34747509255214
2025-01-16,0.0,0.0,0.0,5.103474750925521,410.34747509255214
2025-01-17,0.0,0.0,0.0,5.103474750925521,410.34747509255214
2025-01-20,0.0,0.0,0.0,5.103474750925521,410.34747509255214
2025-01-21,0.0,0.0,0.0,5.103474750925521,410.34747509255214
2025-01-22,0.0,0.0,0.0,5.103474750925521,410.34747509255214
2025-01-23,0.0,0.0,0.0,5.103474750925521,410.34747509255214
2025-01-24,0.0,0.0,0.0,5.103474750925521,410.34747509255214
2025-01-27,0.0,0.0,0.0,5.103474750925521,410.34747509255214
2025-01-28,0.0,0.0,0.0,5.103474750925521,410.34747509255214
2025-01-29,0.0,0.0,0.0,5.103474750925521,410.34747509255214
2025-01-30,0.0,0.0,0.0,5.103474750925521,410.34747509255214
2025-01-31,0.0,0.0,0.0,5.103474750925521,410.34747509255214
2025-02-03,0.0,0.0,0.0,5.103474750925521,410.34747509255214
2025-02-04,0.0,0.0,0.0,5.103474750925521,410.34747509255214
2025-02-05,0.0,0.0,0.0,5.103474750925521,410.34747509255214
2025-02-06,0.0,0.0,0.0,5.103474750925521,410.34747509255214
2025-02-07,0.0,0.0,0.0,5.103474750925521,410.34747509255214
2025-02-10,0.0,0.0,0.0,5.103474750925521,410.34747509255214
2025-02-11,0.0,0.0,0.0,5.103474750925521,410.34747509255214
2025-02-12,0.0,0.0,0.0,5.103474750925521,410.34747509255214
2025-02-13,0.0,0.0,0.0,5.103474750925521,410.34747509255214
2025-02-14,0.0,0.0,0.0,5.103474750925521,410.34747509255214
2025-02-17,0.0,0.0,0.0,5.103474750925521,410.34747509255214
2025-02-18,0.0,0.0,0.0,5.103474750925521,410.34747509255214
2025-02-19,0.0,0.0,0.0,5.103474750925521,410.34747509255214
2025-02-20,0.0,0.0,0.0,5.103474750925521,410.34747509255214
2025-02-21,0.0,0.0,0.0,5.103474750925521,410.34747509255214
2025-02-24,0.0,0.0,0.0,5.103474750925521,410.34747509255214
2025-02-25,0.0,0.0,0.0,5.103474750925521,410.34747509255214
2025-02-26,0.0,0.0,0.0,5.103474750925521,410.34747509255214
2025-02-27,0.0,0.0,0.0,5.103474750925521,410.34747509255214
2025-02-28,0.0,0.0,0.0,5.103474750925521,410.34747509255214
2025-03-03,0.0,0.0,0.0,5.103474750925521,410.34747509255214
2025-03-04,0.0,0.0,0.0,5.103474750925521,410.34747509255214
2025-03-05,0.0,0.0,0.0,5.103474750925521,410.34747509255214
2025-03-06,0.0,0.0,0.0,5.103474750925521,410.34747509255214
2025-03-07,0.0,0.0,0.0,5.103474750925521,410.34747509255214
2025-03-10,0.0,0.0,0.0,5.103474750925521,410.34747509255214
2025-03-11,0.0,0.0,0.0,5.103474750925521,410.34747509255214
2025-03-12,0.0095,0.0049,0.0046,5.126950734779778,412.6950734779778
2025-03-13,0.0,-0.0036,0.0036,5.1454077574249855,414.54077574249857
2025-03-14,-0.0094,0.0,-0.0094,5.09704092450519,409.70409245051906
2025-03-17,0.019,0.0,0.019,5.193884702070789,419.38847020707885
2025-03-18,0.0,0.0,0.0,5.193884702070789,419.38847020707885
2025-03-19,0.0,-0.00485,0.00485,5.219075042875832,421.9075042875832
2025-03-20,0.0,0.0049,-0.0049,5.19350157516574,419.35015751657403
2025-03-21,0.0,0.0,0.0,5.19350157516574,419.35015751657403
2025-03-24,0.0,0.0,0.0,5.19350157516574,419.35015751657403
2025-03-25,0.0,0.0,0.0,5.19350157516574,419.35015751657403
2025-03-26,0.0,0.0,0.0,5.19350157516574,419.35015751657403
2025-03-27,0.0,0.0,0.0,5.19350157516574,419.35015751657403
2025-03-28,0.0,0.0,0.0,5.19350157516574,419.35015751657403
2025-03-31,0.0,0.0,0.0,5.19350157516574,419.35015751657403
2025-04-01,0.0,0.0,0.0,5.19350157516574,419.35015751657403
2025-04-02,0.0,0.0,0.0,5.19350157516574,419.35015751657403
2025-04-03,0.0,0.0,0.0,5.19350157516574,419.35015751657403
2025-04-04,0.0,0.0,0.0,5.19350157516574,419.35015751657403
2025-04-07,0.0,0.0,0.0,5.19350157516574,419.35015751657403
2025-04-08,0.0,0.0,0.0,5.19350157516574,419.35015751657403
2025-04-09,0.0,0.0,0.0,5.19350157516574,419.35015751657403
2025-04-10,0.0,0.0,0.0,5.19350157516574,419.35015751657403
2025-04-11,0.0,0.0,0.0,5.19350157516574,419.35015751657403
2025-04-14,0.0,0.0,0.0,5.19350157516574,419.35015751657403
2025-04-15,0.0,0.0,0.0,5.19350157516574,419.35015751657403
2025-04-16,-0.0021,0.0,-0.0021,5.182595221857892,418.2595221857892
2025-04-17,-0.0085,0.0,-0.0085,5.1385431624721,413.85431624721
2025-04-22,-0.0065,0.0,-0.0065,5.105142631916031,410.51426319160316
2025-04-23,0.0,0.0,0.0,5.105142631916031,410.51426319160316
2025-04-24,0.0173,0.0,0.0173,5.193461599448179,419.34615994481794
2025-04-25,0.0021,0.0,0.0021,5.2043678688070205,420.4367868807021
2025-04-28,0.0276,0.0,0.0276,5.348008421986095,434.80084219860953
2025-04-29,0.0,0.0,0.0,5.348008421986095,434.80084219860953
2025-04-30,0.0,0.0,0.0,5.348008421986095,434.80084219860953
2025-05-02,0.0,0.0,0.0,5.348008421986095,434.80084219860953
2025-05-05,0.0,0.0,0.0,5.348008421986095,434.80084219860953
2025-05-06,0.0,0.0,0.0,5.348008421986095,434.80084219860953
2025-05-07,0.0,0.0,0.0,5.348008421986095,434.80084219860953
2025-05-08,0.0,0.0,0.0,5.348008421986095,434.80084219860953
2025-05-09,0.0,0.0,0.0,5.348008421986095,434.80084219860953
2025-05-12,0.0,0.0,0.0,5.348008421986095,434.80084219860953
2025-05-13,0.0,0.0,0.0,5.348008421986095,434.80084219860953
2025-05-14,0.0,0.0,0.0,5.348008421986095,434.80084219860953
2025-05-15,0.0,0.0,0.0,5.348008421986095,434.80084219860953
2025-05-16,0.0,0.0,0.0,5.348008421986095,434.80084219860953
2025-05-19,0.0,0.0,0.0,5.348008421986095,434.80084219860953
2025-05-20,0.0,0.0,0.0,5.348008421986095,434.80084219860953
2025-05-21,0.0,0.0,0.0,5.348008421986095,434.80084219860953
2025-05-22,0.0,0.0,0.0,5.348008421986095,434.80084219860953
2025-05-23,0.0,0.0,0.0,5.348008421986095,434.80084219860953
2025-05-26,0.0,0.0,0.0,5.348008421986095,434.80084219860953
2025-05-27,0.0,0.0,0.0,5.348008421986095,434.80084219860953
2025-05-28,0.0,0.0,0.0,5.348008421986095,434.80084219860953
2025-05-29,0.0,0.0,0.0,5.348008421986095,434.80084219860953
2025-06-02,0.0,0.0,0.0,5.348008421986095,434.80084219860953
2025-06-03,0.0,0.0,0.0,5.348008421986095,434.80084219860953
2025-06-04,0.0,0.0,0.0,5.348008421986095,434.80084219860953
2025-06-05,0.0,0.0,0.0,5.348008421986095,434.80084219860953
2025-06-06,0.0,0.0,0.0,5.348008421986095,434.80084219860953
2025-06-09,0.0,0.0,0.0,5.348008421986095,434.80084219860953
2025-06-10,0.0,0.0,0.0,5.348008421986095,434.80084219860953
2025-06-11,0.0,0.0,0.0,5.348008421986095,434.80084219860953
2025-06-12,0.0,0.0,0.0,5.348008421986095,434.80084219860953
2025-06-13,0.0,0.0,0.0,5.348008421986095,434.80084219860953
2025-06-16,0.0,0.0,0.0,5.348008421986095,434.80084219860953
2025-06-17,0.0,0.0,0.0,5.348008421986095,434.80084219860953
2025-06-18,0.0,0.0,0.0,5.348008421986095,434.80084219860953
2025-06-20,0.0,0.0,0.0,5.348008421986095,434.80084219860953
2025-06-23,0.0,0.0,0.0,5.348008421986095,434.80084219860953
2025-06-24,0.0,0.0,0.0,5.348008421986095,434.80084219860953
2025-06-25,0.0,0.0,0.0,5.348008421986095,434.80084219860953
2025-06-26,0.0,0.0,0.0,5.348008421986095,434.80084219860953
2025-06-27,0.0,0.0,0.0,5.348008421986095,434.80084219860953
2025-06-30,0.0,0.0,0.0,5.348008421986095,434.80084219860953
2025-07-01,0.0,0.0,0.0,5.348008421986095,434.80084219860953
2025-07-02,0.0,0.0,0.0,5.348008421986095,434.80084219860953
2025-07-03,0.0,0.0,0.0,5.348008421986095,434.80084219860953
2025-07-04,0.0,0.0,0.0,5.348008421986095,434.80084219860953
2025-07-07,0.0,0.0,0.0,5.348008421986095,434.80084219860953
2025-07-08,0.0,0.0,0.0,5.348008421986095,434.80084219860953
2025-07-09,0.0,0.0,0.0,5.348008421986095,434.80084219860953
2025-07-10,0.0,0.0,0.0,5.348008421986095,434.80084219860953
2025-07-11,0.0,0.0,0.0,5.348008421986095,434.80084219860953
2025-07-14,0.0,0.0,0.0,5.348008421986095,434.80084219860953
2025-07-15,0.0,0.0,0.0,5.348008421986095,434.80084219860953
2025-07-16,0.0,0.0,0.0,5.348008421986095,434.80084219860953
2025-07-17,0.0,0.0,0.0,5.348008421986095,434.80084219860953
2025-07-18,0.0,0.0,0.0,5.348008421986095,434.80084219860953
2025-07-21,0.0,0.0,0.0,5.348008421986095,434.80084219860953
2025-07-22,0.0,0.0,0.0,5.348008421986095,434.80084219860953
2025-07-23,0.0,0.0,0.0,5.348008421986095,434.80084219860953
2025-07-24,0.0,0.0,0.0,5.348008421986095,434.80084219860953
2025-07-25,0.0,0.0,0.0,5.348008421986095,434.80084219860953
2025-07-28,0.0,0.0,0.0,5.348008421986095,434.80084219860953
2025-07-29,0.0,0.0,0.0,5.348008421986095,434.80084219860953
2025-07-30,0.0,0.0,0.0,5.348008421986095,434.80084219860953
2025-07-31,0.0,0.0,0.0,5.348008421986095,434.80084219860953
2025-08-01,0.0,0.0,0.0,5.348008421986095,434.80084219860953
2025-08-04,0.0,0.0,0.0,5.348008421986095,434.80084219860953
2025-08-06,0.0,0.0,0.0,5.348008421986095,434.80084219860953
2025-08-07,0.0,0.0,0.0,5.348008421986095,434.80084219860953
2025-08-08,0.0,0.0,0.0,5.348008421986095,434.80084219860953
2025-08-11,0.0,0.0,0.0,5.348008421986095,434.80084219860953
2025-08-12,0.0,0.0,0.0,5.348008421986095,434.80084219860953
2025-08-13,0.0,0.0,0.0,5.348008421986095,434.80084219860953
2025-08-14,0.0,0.0,0.0,5.348008421986095,434.80084219860953
2025-08-18,0.0,0.0,0.0,5.348008421986095,434.80084219860953
2025-08-19,0.0,0.0,0.0,5.348008421986095,434.80084219860953
2025-08-20,0.0,0.0,0.0,5.348008421986095,434.80084219860953
2025-08-21,0.0,0.0,0.0,5.348008421986095,434.80084219860953
2025-08-22,0.0,0.0,0.0,5.348008421986095,434.80084219860953
2025-08-25,0.0,0.0,0.0,5.348008421986095,434.80084219860953
2025-08-26,0.0,0.0,0.0,5.348008421986095,434.80084219860953
2025-08-27,0.0,0.0,0.0,5.348008421986095,434.80084219860953
2025-08-28,0.0,0.0,0.0,5.348008421986095,434.80084219860953
2025-08-29,0.0,0.0,0.0,5.348008421986095,434.80084219860953
2025-09-01,0.0,0.0,0.0,5.348008421986095,434.80084219860953
2025-09-02,0.0,0.0,0.0,5.348008421986095,434.80084219860953
2025-09-03,0.0,0.0,0.0,5.348008421986095,434.80084219860953
2025-09-04,0.0,0.0,0.0,5.348008421986095,434.80084219860953
2025-09-05,0.0,0.0,0.0,5.348008421986095,434.80084219860953
2025-09-08,0.0,0.0,0.0,5.348008421986095,434.80084219860953
2025-09-09,0.0,0.0,0.0,5.348008421986095,434.80084219860953
2025-09-10,0.0,0.0,0.0,5.348008421986095,434.80084219860953
2025-09-11,0.0,0.0,0.0,5.348008421986095,434.80084219860953
2025-09-12,-0.0103,0.0,-0.0103,5.292923935239639,429.2923935239639
2025-09-15,0.1331,0.0,0.1331,5.997412111020035,499.7412111020035
2025-09-16,0.0426,0.0,0.0426,6.252901866949488,525.2901866949488
2025-09-17,0.019549999999999998,0.0,0.019549999999999998,6.37514609844835,537.514609844835
2025-09-18,-0.033949999999999994,0.0,-0.033949999999999994,6.158709888406028,515.8709888406028
2025-09-19,0.00225,-0.0042,0.006449999999999999,6.198433567186247,519.8433567186247
2025-09-22,-0.0403,0.0128,-0.0531,5.869296744768657,486.92967447686567
2025-09-23,0.0,0.0,0.0,5.869296744768657,486.92967447686567
2025-09-24,0.0,0.0,0.0,5.869296744768657,486.92967447686567
2025-09-25,0.0,0.0,0.0,5.869296744768657,486.92967447686567
2025-09-26,0.0,0.0,0.0,5.869296744768657,486.92967447686567
2025-09-29,0.0,0.0,0.0,5.869296744768657,486.92967447686567
2025-09-30,0.0,0.0,0.0,5.869296744768657,486.92967447686567
2025-10-01,0.0,0.0,0.0,5.869296744768657,486.92967447686567
2025-10-02,0.0,0.0,0.0,5.869296744768657,486.92967447686567
2025-10-03,0.0,0.0,0.0,5.869296744768657,486.92967447686567
2025-10-06,0.0,0.0,0.0,5.869296744768657,486.92967447686567
2025-10-07,0.0,0.0,0.0,5.869296744768657,486.92967447686567
2025-10-08,0.0,0.0,0.0,5.869296744768657,486.92967447686567
2025-10-09,0.0,0.0,0.0,5.869296744768657,486.92967447686567
2025-10-10,0.0,0.0,0.0,5.869296744768657,486.92967447686567
2025-10-13,0.0,0.0,0.0,5.869296744768657,486.92967447686567
2025-10-14,0.0,0.0,0.0,5.869296744768657,486.92967447686567
2025-10-15,0.0,0.0,0.0,5.869296744768657,486.92967447686567
2025-10-16,0.0,0.0,0.0,5.869296744768657,486.92967447686567
2025-10-17,0.0,0.0,0.0,5.869296744768657,486.92967447686567
2025-10-20,0.0,0.0,0.0,5.869296744768657,486.92967447686567
2025-10-21,0.0,0.0,0.0,5.869296744768657,486.92967447686567
2025-10-22,0.0,0.0,0.0,5.869296744768657,486.92967447686567
2025-10-23,0.0,0.0,0.0,5.869296744768657,486.92967447686567
2025-10-24,0.0,0.0,0.0,5.869296744768657,486.92967447686567
2025-10-27,0.0,0.0,0.0,5.869296744768657,486.92967447686567
2025-10-28,0.0,0.0,0.0,5.869296744768657,486.92967447686567
2025-10-29,0.0,0.0,0.0,5.869296744768657,486.92967447686567
2025-10-30,0.0,0.0,0.0,5.869296744768657,486.92967447686567
2025-10-31,0.0,0.0,0.0,5.869296744768657,486.92967447686567
