Date,daily_ret,Value,Return_Pct
2010-01-04,0.0,1.0,0.0
2010-01-05,0.0,1.0,0.0
2010-01-07,0.0,1.0,0.0
2010-01-08,0.0,1.0,0.0
2010-01-11,0.0,1.0,0.0
2010-01-12,0.0,1.0,0.0
2010-01-13,0.0,1.0,0.0
2010-01-14,0.0,1.0,0.0
2010-01-15,0.0,1.0,0.0
2010-01-18,0.0,1.0,0.0
2010-01-19,0.0,1.0,0.0
2010-01-20,0.0,1.0,0.0
2010-01-21,0.0,1.0,0.0
2010-01-22,0.0,1.0,0.0
2010-01-25,0.0,1.0,0.0
2010-01-26,0.0,1.0,0.0
2010-01-27,0.0,1.0,0.0
2010-01-28,0.0,1.0,0.0
2010-01-29,0.0,1.0,0.0
2010-02-01,0.0,1.0,0.0
2010-02-02,0.0,1.0,0.0
2010-02-03,0.0,1.0,0.0
2010-02-04,0.0,1.0,0.0
2010-02-05,0.0,1.0,0.0
2010-02-08,0.0,1.0,0.0
2010-02-09,0.0,1.0,0.0
2010-02-10,0.0,1.0,0.0
2010-02-11,0.0,1.0,0.0
2010-02-12,0.0,1.0,0.0
2010-02-15,0.0,1.0,0.0
2010-02-16,0.0,1.0,0.0
2010-02-17,0.0,1.0,0.0
2010-02-18,0.0,1.0,0.0
2010-02-19,0.0,1.0,0.0
2010-02-22,0.0,1.0,0.0
2010-02-23,0.0,1.0,0.0
2010-02-24,0.0,1.0,0.0
2010-02-25,0.0,1.0,0.0
2010-02-26,0.0,1.0,0.0
2010-03-01,0.0,1.0,0.0
2010-03-02,0.0,1.0,0.0
2010-03-03,0.0,1.0,0.0
2010-03-04,0.0,1.0,0.0
2010-03-05,0.0,1.0,0.0
2010-03-08,0.0,1.0,0.0
2010-03-09,0.0,1.0,0.0
2010-03-10,0.0,1.0,0.0
2010-03-11,0.0,1.0,0.0
2010-03-12,0.0,1.0,0.0
2010-03-15,0.0,1.0,0.0
2010-03-16,0.0,1.0,0.0
2010-03-17,0.0,1.0,0.0
2010-03-18,0.0,1.0,0.0
2010-03-19,0.0,1.0,0.0
2010-03-22,0.0,1.0,0.0
2010-03-23,0.0,1.0,0.0
2010-03-24,0.0,1.0,0.0
2010-03-25,0.0,1.0,0.0
2010-03-26,0.0,1.0,0.0
2010-03-29,0.0,1.0,0.0
2010-03-30,0.0,1.0,0.0
2010-03-31,0.0,1.0,0.0
2010-04-01,0.0,1.0,0.0
2010-04-06,0.0,1.0,0.0
2010-04-07,0.0,1.0,0.0
2010-04-08,0.0,1.0,0.0
2010-04-09,0.0,1.0,0.0
2010-04-12,0.0,1.0,0.0
2010-04-13,0.0,1.0,0.0
2010-04-14,0.0,1.0,0.0
2010-04-15,0.0,1.0,0.0
2010-04-16,0.0,1.0,0.0
2010-04-19,0.0,1.0,0.0
2010-04-20,0.0,1.0,0.0
2010-04-21,0.0,1.0,0.0
2010-04-22,0.0,1.0,0.0
2010-04-23,0.0,1.0,0.0
2010-04-26,0.0,1.0,0.0
2010-04-27,0.0,1.0,0.0
2010-04-28,0.0,1.0,0.0
2010-04-29,0.0,1.0,0.0
2010-04-30,0.0,1.0,0.0
2010-05-03,0.0,1.0,0.0
2010-05-04,0.0,1.0,0.0
2010-05-05,0.0,1.0,0.0
2010-05-06,0.0,1.0,0.0
2010-05-07,0.0,1.0,0.0
2010-05-10,0.0,1.0,0.0
2010-05-11,0.0,1.0,0.0
2010-05-12,0.0,1.0,0.0
2010-05-13,0.0,1.0,0.0
2010-05-14,0.0,1.0,0.0
2010-05-17,0.0,1.0,0.0
2010-05-18,0.0,1.0,0.0
2010-05-19,0.0,1.0,0.0
2010-05-20,0.0,1.0,0.0
2010-05-21,0.0,1.0,0.0
2010-05-24,0.0,1.0,0.0
2010-05-25,0.0,1.0,0.0
2010-05-26,0.0,1.0,0.0
2010-05-27,0.0,1.0,0.0
2010-05-28,0.0,1.0,0.0
2010-05-31,0.0,1.0,0.0
2010-06-01,0.0,1.0,0.0
2010-06-02,0.0,1.0,0.0
2010-06-04,0.0,1.0,0.0
2010-06-07,0.0,1.0,0.0
2010-06-08,0.0,1.0,0.0
2010-06-09,0.0,1.0,0.0
2010-06-10,0.0,1.0,0.0
2010-06-11,0.0,1.0,0.0
2010-06-14,0.0,1.0,0.0
2010-06-15,0.0,1.0,0.0
2010-06-16,0.0,1.0,0.0
2010-06-17,0.0,1.0,0.0
2010-06-18,0.0,1.0,0.0
2010-06-21,0.0,1.0,0.0
2010-06-23,0.0,1.0,0.0
2010-06-24,0.0,1.0,0.0
2010-06-28,0.0,1.0,0.0
2010-06-29,0.0,1.0,0.0
2010-06-30,0.0,1.0,0.0
2010-07-01,0.0,1.0,0.0
2010-07-02,0.0,1.0,0.0
2010-07-05,0.0,1.0,0.0
2010-07-06,0.0,1.0,0.0
2010-07-07,0.0,1.0,0.0
2010-07-08,0.0,1.0,0.0
2010-07-09,0.0,1.0,0.0
2010-07-12,0.0,1.0,0.0
2010-07-13,0.0,1.0,0.0
2010-07-14,0.0,1.0,0.0
2010-07-15,0.0,1.0,0.0
2010-07-16,0.0,1.0,0.0
2010-07-19,0.0,1.0,0.0
2010-07-20,0.0,1.0,0.0
2010-07-21,0.0,1.0,0.0
2010-07-22,0.0,1.0,0.0
2010-07-23,0.0,1.0,0.0
2010-07-26,0.0,1.0,0.0
2010-07-27,0.0,1.0,0.0
2010-07-28,0.0,1.0,0.0
2010-07-29,0.0,1.0,0.0
2010-07-30,0.0,1.0,0.0
2010-08-02,0.0,1.0,0.0
2010-08-03,0.0,1.0,0.0
2010-08-04,0.0,1.0,0.0
2010-08-09,0.0,1.0,0.0
2010-08-10,0.0,1.0,0.0
2010-08-11,0.0,1.0,0.0
2010-08-12,0.0,1.0,0.0
2010-08-13,0.0,1.0,0.0
2010-08-16,0.0,1.0,0.0
2010-08-17,0.0,1.0,0.0
2010-08-18,0.0,1.0,0.0
2010-08-19,0.0,1.0,0.0
2010-08-20,0.0,1.0,0.0
2010-08-23,0.0,1.0,0.0
2010-08-24,0.0,1.0,0.0
2010-08-25,0.0,1.0,0.0
2010-08-26,0.0,1.0,0.0
2010-08-27,0.0,1.0,0.0
2010-08-30,0.0,1.0,0.0
2010-08-31,0.0,1.0,0.0
2010-09-01,0.0,1.0,0.0
2010-09-02,0.0,1.0,0.0
2010-09-03,0.0,1.0,0.0
2010-09-06,0.0,1.0,0.0
2010-09-07,0.0,1.0,0.0
2010-09-08,-0.0094,0.9906,-0.9399999999999964
2010-09-09,0.018566666666666665,1.00899214,0.8992139999999926
2010-09-10,-0.010366666666666666,0.9985322548153333,-0.14677451846667466
2010-09-13,0.00026666666666666657,0.998798530083284,-0.12014699167159915
2010-09-14,-0.005833333333333334,0.9929722053244648,-0.702779467553516
2010-09-15,-0.0073999999999999995,0.9856242110050638,-1.437578899493619
2010-09-16,-0.004399999999999999,0.9812874644766416,-1.8712535523358387
2010-09-17,-0.011333333333333334,0.9701662065459064,-2.983379345409365
2010-09-20,0.027266666666666668,0.9966194051110582,-0.33805948889418236
2010-09-21,0.0,0.9966194051110582,-0.33805948889418236
2010-09-22,0.0,0.9966194051110582,-0.33805948889418236
2010-09-23,0.0,0.9966194051110582,-0.33805948889418236
2010-09-24,0.0,0.9966194051110582,-0.33805948889418236
2010-09-27,0.0,0.9966194051110582,-0.33805948889418236
2010-09-28,0.0,0.9966194051110582,-0.33805948889418236
2010-09-29,0.0,0.9966194051110582,-0.33805948889418236
2010-09-30,0.0,0.9966194051110582,-0.33805948889418236
2010-10-01,0.0,0.9966194051110582,-0.33805948889418236
2010-10-04,0.0,0.9966194051110582,-0.33805948889418236
2010-10-05,0.0,0.9966194051110582,-0.33805948889418236
2010-10-06,0.0,0.9966194051110582,-0.33805948889418236
2010-10-07,0.0,0.9966194051110582,-0.33805948889418236
2010-10-11,0.0,0.9966194051110582,-0.33805948889418236
2010-10-12,0.0,0.9966194051110582,-0.33805948889418236
2010-10-13,0.0,0.9966194051110582,-0.33805948889418236
2010-10-14,0.0,0.9966194051110582,-0.33805948889418236
2010-10-15,0.0,0.9966194051110582,-0.33805948889418236
2010-10-18,0.0,0.9966194051110582,-0.33805948889418236
2010-10-19,0.0,0.9966194051110582,-0.33805948889418236
2010-10-20,0.0,0.9966194051110582,-0.33805948889418236
2010-10-21,0.0,0.9966194051110582,-0.33805948889418236
2010-10-22,0.0,0.9966194051110582,-0.33805948889418236
2010-10-25,0.0,0.9966194051110582,-0.33805948889418236
2010-10-26,0.0,0.9966194051110582,-0.33805948889418236
2010-10-27,0.0,0.9966194051110582,-0.33805948889418236
2010-10-28,0.0,0.9966194051110582,-0.33805948889418236
2010-10-29,0.0,0.9966194051110582,-0.33805948889418236
2010-11-02,0.0,0.9966194051110582,-0.33805948889418236
2010-11-03,0.0,0.9966194051110582,-0.33805948889418236
2010-11-04,0.0,0.9966194051110582,-0.33805948889418236
2010-11-05,0.0,0.9966194051110582,-0.33805948889418236
2010-11-08,0.0,0.9966194051110582,-0.33805948889418236
2010-11-09,0.0,0.9966194051110582,-0.33805948889418236
2010-11-10,0.0,0.9966194051110582,-0.33805948889418236
2010-11-11,0.0,0.9966194051110582,-0.33805948889418236
2010-11-12,0.0,0.9966194051110582,-0.33805948889418236
2010-11-15,0.0,0.9966194051110582,-0.33805948889418236
2010-11-16,0.0,0.9966194051110582,-0.33805948889418236
2010-11-17,0.0,0.9966194051110582,-0.33805948889418236
2010-11-18,0.0,0.9966194051110582,-0.33805948889418236
2010-11-19,0.0,0.9966194051110582,-0.33805948889418236
2010-11-22,0.0,0.9966194051110582,-0.33805948889418236
2010-11-23,0.0,0.9966194051110582,-0.33805948889418236
2010-11-24,0.0,0.9966194051110582,-0.33805948889418236
2010-11-25,0.0,0.9966194051110582,-0.33805948889418236
2010-11-26,0.0,0.9966194051110582,-0.33805948889418236
2010-11-29,0.0,0.9966194051110582,-0.33805948889418236
2010-11-30,0.0,0.9966194051110582,-0.33805948889418236
2010-12-01,0.0,0.9966194051110582,-0.33805948889418236
2010-12-02,0.0,0.9966194051110582,-0.33805948889418236
2010-12-03,0.0,0.9966194051110582,-0.33805948889418236
2010-12-06,0.0,0.9966194051110582,-0.33805948889418236
2010-12-07,0.0,0.9966194051110582,-0.33805948889418236
2010-12-08,0.0,0.9966194051110582,-0.33805948889418236
2010-12-09,0.0,0.9966194051110582,-0.33805948889418236
2010-12-10,0.0,0.9966194051110582,-0.33805948889418236
2010-12-13,0.0,0.9966194051110582,-0.33805948889418236
2010-12-14,0.0,0.9966194051110582,-0.33805948889418236
2010-12-15,0.0,0.9966194051110582,-0.33805948889418236
2010-12-16,0.0,0.9966194051110582,-0.33805948889418236
2010-12-17,0.0,0.9966194051110582,-0.33805948889418236
2010-12-20,0.0,0.9966194051110582,-0.33805948889418236
2010-12-21,0.0,0.9966194051110582,-0.33805948889418236
2010-12-22,0.0,0.9966194051110582,-0.33805948889418236
2010-12-23,0.0,0.9966194051110582,-0.33805948889418236
2010-12-24,0.0,0.9966194051110582,-0.33805948889418236
2010-12-27,0.0,0.9966194051110582,-0.33805948889418236
2010-12-28,0.0,0.9966194051110582,-0.33805948889418236
2010-12-29,0.0,0.9966194051110582,-0.33805948889418236
2010-12-30,0.0,0.9966194051110582,-0.33805948889418236
2010-12-31,0.0,0.9966194051110582,-0.33805948889418236
2011-01-03,0.0,0.9966194051110582,-0.33805948889418236
2011-01-04,0.0,0.9966194051110582,-0.33805948889418236
2011-01-05,0.0,0.9966194051110582,-0.33805948889418236
2011-01-07,0.0,0.9966194051110582,-0.33805948889418236
2011-01-10,0.0,0.9966194051110582,-0.33805948889418236
2011-01-11,0.0,0.9966194051110582,-0.33805948889418236
2011-01-12,0.0,0.9966194051110582,-0.33805948889418236
2011-01-13,0.0,0.9966194051110582,-0.33805948889418236
2011-01-14,0.0,0.9966194051110582,-0.33805948889418236
2011-01-17,0.0,0.9966194051110582,-0.33805948889418236
2011-01-18,0.0,0.9966194051110582,-0.33805948889418236
2011-01-19,0.0,0.9966194051110582,-0.33805948889418236
2011-01-20,0.0,0.9966194051110582,-0.33805948889418236
2011-01-21,0.0,0.9966194051110582,-0.33805948889418236
2011-01-24,0.0,0.9966194051110582,-0.33805948889418236
2011-01-25,0.0,0.9966194051110582,-0.33805948889418236
2011-01-26,0.0,0.9966194051110582,-0.33805948889418236
2011-01-27,0.0,0.9966194051110582,-0.33805948889418236
2011-01-28,0.0,0.9966194051110582,-0.33805948889418236
2011-01-31,0.0,0.9966194051110582,-0.33805948889418236
2011-02-01,0.0,0.9966194051110582,-0.33805948889418236
2011-02-02,0.0,0.9966194051110582,-0.33805948889418236
2011-02-03,0.0,0.9966194051110582,-0.33805948889418236
2011-02-04,0.0,0.9966194051110582,-0.33805948889418236
2011-02-07,0.0,0.9966194051110582,-0.33805948889418236
2011-02-08,0.0,0.9966194051110582,-0.33805948889418236
2011-02-09,0.0,0.9966194051110582,-0.33805948889418236
2011-02-10,0.0,0.9966194051110582,-0.33805948889418236
2011-02-11,0.0,0.9966194051110582,-0.33805948889418236
2011-02-14,0.0,0.9966194051110582,-0.33805948889418236
2011-02-15,0.0,0.9966194051110582,-0.33805948889418236
2011-02-16,0.0,0.9966194051110582,-0.33805948889418236
2011-02-17,0.0,0.9966194051110582,-0.33805948889418236
2011-02-18,0.0,0.9966194051110582,-0.33805948889418236
2011-02-21,0.0,0.9966194051110582,-0.33805948889418236
2011-02-22,0.0,0.9966194051110582,-0.33805948889418236
2011-02-23,0.0,0.9966194051110582,-0.33805948889418236
2011-02-24,0.0,0.9966194051110582,-0.33805948889418236
2011-02-25,0.0,0.9966194051110582,-0.33805948889418236
2011-02-28,0.0,0.9966194051110582,-0.33805948889418236
2011-03-01,0.0,0.9966194051110582,-0.33805948889418236
2011-03-02,0.0,0.9966194051110582,-0.33805948889418236
2011-03-03,0.0,0.9966194051110582,-0.33805948889418236
2011-03-04,-0.0025333333333333328,0.9940946359514434,-0.5905364048556572
2011-03-07,-0.007300000000000001,0.9868377451089979,-1.316225489100209
2011-03-08,-0.005966666666666667,0.9809496132298475,-1.9050386770152472
2011-03-09,-0.0031666666666666666,0.977843272787953,-2.215672721204698
2011-03-10,0.011266666666666668,0.9888603069946974,-1.1139693005302598
2011-03-11,-0.0023666666666666667,0.9865200042681433,-1.3479995731856653
2011-03-14,-0.004399999999999999,0.9821793162493636,-1.782068375063639
2011-03-15,-0.0254,0.9572319616166298,-4.276803838337018
2011-03-16,-0.0053999999999999986,0.9520629090239,-4.79370909761
2011-03-17,0.007933333333333334,0.9596159414354897,-4.038405856451033
2011-03-18,-0.030233333333333338,0.9306035528060901,-6.939644719390992
2011-03-21,0.006566666666666667,0.9367145161361834,-6.3285483863816605
2011-03-22,0.0,0.9367145161361834,-6.3285483863816605
2011-03-23,0.0,0.9367145161361834,-6.3285483863816605
2011-03-24,0.0,0.9367145161361834,-6.3285483863816605
2011-03-25,0.0,0.9367145161361834,-6.3285483863816605
2011-03-28,0.0,0.9367145161361834,-6.3285483863816605
2011-03-29,0.0,0.9367145161361834,-6.3285483863816605
2011-03-30,0.0,0.9367145161361834,-6.3285483863816605
2011-03-31,0.0,0.9367145161361834,-6.3285483863816605
2011-04-01,0.0,0.9367145161361834,-6.3285483863816605
2011-04-04,0.0,0.9367145161361834,-6.3285483863816605
2011-04-05,0.0,0.9367145161361834,-6.3285483863816605
2011-04-06,0.0,0.9367145161361834,-6.3285483863816605
2011-04-07,0.0,0.9367145161361834,-6.3285483863816605
2011-04-08,0.0,0.9367145161361834,-6.3285483863816605
2011-04-11,0.0,0.9367145161361834,-6.3285483863816605
2011-04-12,0.0,0.9367145161361834,-6.3285483863816605
2011-04-13,0.0,0.9367145161361834,-6.3285483863816605
2011-04-14,0.0,0.9367145161361834,-6.3285483863816605
2011-04-15,0.0,0.9367145161361834,-6.3285483863816605
2011-04-18,0.0,0.9367145161361834,-6.3285483863816605
2011-04-19,0.0,0.9367145161361834,-6.3285483863816605
2011-04-20,0.0,0.9367145161361834,-6.3285483863816605
2011-04-21,0.0,0.9367145161361834,-6.3285483863816605
2011-04-22,0.0,0.9367145161361834,-6.3285483863816605
2011-04-26,0.0,0.9367145161361834,-6.3285483863816605
2011-04-27,0.0,0.9367145161361834,-6.3285483863816605
2011-04-28,0.0,0.9367145161361834,-6.3285483863816605
2011-04-29,0.0,0.9367145161361834,-6.3285483863816605
2011-05-02,0.0,0.9367145161361834,-6.3285483863816605
2011-05-03,0.0,0.9367145161361834,-6.3285483863816605
2011-05-04,0.0,0.9367145161361834,-6.3285483863816605
2011-05-05,0.0,0.9367145161361834,-6.3285483863816605
2011-05-06,0.0,0.9367145161361834,-6.3285483863816605
2011-05-09,0.0,0.9367145161361834,-6.3285483863816605
2011-05-10,0.0,0.9367145161361834,-6.3285483863816605
2011-05-11,0.0,0.9367145161361834,-6.3285483863816605
2011-05-12,0.0,0.9367145161361834,-6.3285483863816605
2011-05-13,0.0,0.9367145161361834,-6.3285483863816605
2011-05-16,0.0,0.9367145161361834,-6.3285483863816605
2011-05-17,0.0,0.9367145161361834,-6.3285483863816605
2011-05-18,0.0,0.9367145161361834,-6.3285483863816605
2011-05-19,0.0,0.9367145161361834,-6.3285483863816605
2011-05-20,0.0,0.9367145161361834,-6.3285483863816605
2011-05-23,0.0,0.9367145161361834,-6.3285483863816605
2011-05-24,0.0,0.9367145161361834,-6.3285483863816605
2011-05-25,0.0,0.9367145161361834,-6.3285483863816605
2011-05-26,0.0,0.9367145161361834,-6.3285483863816605
2011-05-27,0.0,0.9367145161361834,-6.3285483863816605
2011-05-30,0.0,0.9367145161361834,-6.3285483863816605
2011-05-31,0.0,0.9367145161361834,-6.3285483863816605
2011-06-01,0.0,0.9367145161361834,-6.3285483863816605
2011-06-02,0.0,0.9367145161361834,-6.3285483863816605
2011-06-03,0.0,0.9367145161361834,-6.3285483863816605
2011-06-06,0.0,0.9367145161361834,-6.3285483863816605
2011-06-07,0.0,0.9367145161361834,-6.3285483863816605
2011-06-08,0.0,0.9367145161361834,-6.3285483863816605
2011-06-09,0.0,0.9367145161361834,-6.3285483863816605
2011-06-10,0.0,0.9367145161361834,-6.3285483863816605
2011-06-13,0.0,0.9367145161361834,-6.3285483863816605
2011-06-14,0.0,0.9367145161361834,-6.3285483863816605
2011-06-15,0.0,0.9367145161361834,-6.3285483863816605
2011-06-16,0.0,0.9367145161361834,-6.3285483863816605
2011-06-17,0.0,0.9367145161361834,-6.3285483863816605
2011-06-20,0.0,0.9367145161361834,-6.3285483863816605
2011-06-21,0.0,0.9367145161361834,-6.3285483863816605
2011-06-24,0.0,0.9367145161361834,-6.3285483863816605
2011-06-27,0.0,0.9367145161361834,-6.3285483863816605
2011-06-28,0.0,0.9367145161361834,-6.3285483863816605
2011-06-29,0.0,0.9367145161361834,-6.3285483863816605
2011-06-30,0.0,0.9367145161361834,-6.3285483863816605
2011-07-01,0.0,0.9367145161361834,-6.3285483863816605
2011-07-04,0.0,0.9367145161361834,-6.3285483863816605
2011-07-05,0.0,0.9367145161361834,-6.3285483863816605
2011-07-06,0.0,0.9367145161361834,-6.3285483863816605
2011-07-07,0.0,0.9367145161361834,-6.3285483863816605
2011-07-08,0.0,0.9367145161361834,-6.3285483863816605
2011-07-11,0.0,0.9367145161361834,-6.3285483863816605
2011-07-12,0.0,0.9367145161361834,-6.3285483863816605
2011-07-13,0.0,0.9367145161361834,-6.3285483863816605
2011-07-14,0.0,0.9367145161361834,-6.3285483863816605
2011-07-15,0.0,0.9367145161361834,-6.3285483863816605
2011-07-18,0.0,0.9367145161361834,-6.3285483863816605
2011-07-19,0.0,0.9367145161361834,-6.3285483863816605
2011-07-20,0.0,0.9367145161361834,-6.3285483863816605
2011-07-21,0.0,0.9367145161361834,-6.3285483863816605
2011-07-22,0.0,0.9367145161361834,-6.3285483863816605
2011-07-25,0.0,0.9367145161361834,-6.3285483863816605
2011-07-26,0.0,0.9367145161361834,-6.3285483863816605
2011-07-27,0.0,0.9367145161361834,-6.3285483863816605
2011-07-28,0.0,0.9367145161361834,-6.3285483863816605
2011-07-29,0.0,0.9367145161361834,-6.3285483863816605
2011-08-01,0.0,0.9367145161361834,-6.3285483863816605
2011-08-02,0.0,0.9367145161361834,-6.3285483863816605
2011-08-03,0.0,0.9367145161361834,-6.3285483863816605
2011-08-04,0.0,0.9367145161361834,-6.3285483863816605
2011-08-08,0.0,0.9367145161361834,-6.3285483863816605
2011-08-09,0.0,0.9367145161361834,-6.3285483863816605
2011-08-10,0.0,0.9367145161361834,-6.3285483863816605
2011-08-11,0.0,0.9367145161361834,-6.3285483863816605
2011-08-12,0.0,0.9367145161361834,-6.3285483863816605
2011-08-16,0.0,0.9367145161361834,-6.3285483863816605
2011-08-17,0.0,0.9367145161361834,-6.3285483863816605
2011-08-18,0.0,0.9367145161361834,-6.3285483863816605
2011-08-19,0.0,0.9367145161361834,-6.3285483863816605
2011-08-22,0.0,0.9367145161361834,-6.3285483863816605
2011-08-23,0.0,0.9367145161361834,-6.3285483863816605
2011-08-24,0.0,0.9367145161361834,-6.3285483863816605
2011-08-25,0.0,0.9367145161361834,-6.3285483863816605
2011-08-26,0.0,0.9367145161361834,-6.3285483863816605
2011-08-29,0.0,0.9367145161361834,-6.3285483863816605
2011-08-30,0.0,0.9367145161361834,-6.3285483863816605
2011-08-31,0.0,0.9367145161361834,-6.3285483863816605
2011-09-01,0.0,0.9367145161361834,-6.3285483863816605
2011-09-02,0.0,0.9367145161361834,-6.3285483863816605
2011-09-05,0.0,0.9367145161361834,-6.3285483863816605
2011-09-06,-0.002325,0.9345366548861668,-6.546334511383323
2011-09-07,-0.001525,0.9331114864874653,-6.688851351253467
2011-09-08,-0.0040750000000000005,0.9293090571800289,-7.0690942819971125
2011-09-09,-0.0023250000000000002,0.9271484136220853,-7.285158637791467
2011-09-12,-0.008825,0.9189663288718705,-8.103367112812954
2011-09-13,-0.004699999999999999,0.9146471871261727,-8.535281287382734
2011-09-14,-0.00017500000000000003,0.9144871238684256,-8.551287613157443
2011-09-15,-0.0008499999999999992,0.9137098098131374,-8.629019018686257
2011-09-16,-0.0046,0.909506744687997,-9.049325531200303
2011-09-19,0.0,0.909506744687997,-9.049325531200303
2011-09-20,0.0,0.909506744687997,-9.049325531200303
2011-09-21,0.0,0.909506744687997,-9.049325531200303
2011-09-22,0.0,0.909506744687997,-9.049325531200303
2011-09-23,0.0,0.909506744687997,-9.049325531200303
2011-09-26,0.0,0.909506744687997,-9.049325531200303
2011-09-27,0.0,0.909506744687997,-9.049325531200303
2011-09-28,0.0,0.909506744687997,-9.049325531200303
2011-09-29,0.0,0.909506744687997,-9.049325531200303
2011-09-30,0.0,0.909506744687997,-9.049325531200303
2011-10-03,0.0,0.909506744687997,-9.049325531200303
2011-10-04,0.0,0.909506744687997,-9.049325531200303
2011-10-05,0.0,0.909506744687997,-9.049325531200303
2011-10-06,0.0,0.909506744687997,-9.049325531200303
2011-10-07,0.0,0.909506744687997,-9.049325531200303
2011-10-10,0.0,0.909506744687997,-9.049325531200303
2011-10-11,0.0,0.909506744687997,-9.049325531200303
2011-10-12,0.0,0.909506744687997,-9.049325531200303
2011-10-13,0.0,0.909506744687997,-9.049325531200303
2011-10-14,0.0,0.909506744687997,-9.049325531200303
2011-10-17,0.0,0.909506744687997,-9.049325531200303
2011-10-18,0.0,0.909506744687997,-9.049325531200303
2011-10-19,0.0,0.909506744687997,-9.049325531200303
2011-10-20,0.0,0.909506744687997,-9.049325531200303
2011-10-21,0.0,0.909506744687997,-9.049325531200303
2011-10-24,0.0,0.909506744687997,-9.049325531200303
2011-10-25,0.0,0.909506744687997,-9.049325531200303
2011-10-26,0.0,0.909506744687997,-9.049325531200303
2011-10-27,0.0,0.909506744687997,-9.049325531200303
2011-10-28,0.0,0.909506744687997,-9.049325531200303
2011-10-31,0.0,0.909506744687997,-9.049325531200303
2011-11-02,0.0,0.909506744687997,-9.049325531200303
2011-11-03,0.0,0.909506744687997,-9.049325531200303
2011-11-04,0.0,0.909506744687997,-9.049325531200303
2011-11-07,0.0,0.909506744687997,-9.049325531200303
2011-11-08,0.0,0.909506744687997,-9.049325531200303
2011-11-09,0.0,0.909506744687997,-9.049325531200303
2011-11-10,0.0,0.909506744687997,-9.049325531200303
2011-11-11,0.0,0.909506744687997,-9.049325531200303
2011-11-14,0.0,0.909506744687997,-9.049325531200303
2011-11-15,0.0,0.909506744687997,-9.049325531200303
2011-11-16,0.0,0.909506744687997,-9.049325531200303
2011-11-17,0.0,0.909506744687997,-9.049325531200303
2011-11-18,0.0,0.909506744687997,-9.049325531200303
2011-11-21,0.0,0.909506744687997,-9.049325531200303
2011-11-22,0.0,0.909506744687997,-9.049325531200303
2011-11-23,0.0,0.909506744687997,-9.049325531200303
2011-11-24,0.0,0.909506744687997,-9.049325531200303
2011-11-25,0.0,0.909506744687997,-9.049325531200303
2011-11-28,0.0,0.909506744687997,-9.049325531200303
2011-11-29,0.0,0.909506744687997,-9.049325531200303
2011-11-30,0.0,0.909506744687997,-9.049325531200303
2011-12-01,0.0,0.909506744687997,-9.049325531200303
2011-12-02,0.0,0.909506744687997,-9.049325531200303
2011-12-05,0.0,0.909506744687997,-9.049325531200303
2011-12-06,0.0,0.909506744687997,-9.049325531200303
2011-12-07,0.0,0.909506744687997,-9.049325531200303
2011-12-08,0.0,0.909506744687997,-9.049325531200303
2011-12-09,0.0,0.909506744687997,-9.049325531200303
2011-12-12,0.0,0.909506744687997,-9.049325531200303
2011-12-13,0.0,0.909506744687997,-9.049325531200303
2011-12-14,0.0,0.909506744687997,-9.049325531200303
2011-12-15,0.0,0.909506744687997,-9.049325531200303
2011-12-16,0.0,0.909506744687997,-9.049325531200303
2011-12-19,0.0,0.909506744687997,-9.049325531200303
2011-12-20,0.0,0.909506744687997,-9.049325531200303
2011-12-21,0.0,0.909506744687997,-9.049325531200303
2011-12-22,0.0,0.909506744687997,-9.049325531200303
2011-12-23,0.0,0.909506744687997,-9.049325531200303
2011-12-27,0.0,0.909506744687997,-9.049325531200303
2011-12-28,0.0,0.909506744687997,-9.049325531200303
2011-12-29,0.0,0.909506744687997,-9.049325531200303
2011-12-30,0.0,0.909506744687997,-9.049325531200303
2012-01-02,0.0,0.909506744687997,-9.049325531200303
2012-01-03,0.0,0.909506744687997,-9.049325531200303
2012-01-04,0.0,0.909506744687997,-9.049325531200303
2012-01-05,0.0,0.909506744687997,-9.049325531200303
2012-01-09,0.0,0.909506744687997,-9.049325531200303
2012-01-10,0.0,0.909506744687997,-9.049325531200303
2012-01-11,0.0,0.909506744687997,-9.049325531200303
2012-01-12,0.0,0.909506744687997,-9.049325531200303
2012-01-13,0.0,0.909506744687997,-9.049325531200303
2012-01-16,0.0,0.909506744687997,-9.049325531200303
2012-01-17,0.0,0.909506744687997,-9.049325531200303
2012-01-18,0.0,0.909506744687997,-9.049325531200303
2012-01-19,0.0,0.909506744687997,-9.049325531200303
2012-01-20,0.0,0.909506744687997,-9.049325531200303
2012-01-23,0.0,0.909506744687997,-9.049325531200303
2012-01-24,0.0,0.909506744687997,-9.049325531200303
2012-01-25,0.0,0.909506744687997,-9.049325531200303
2012-01-26,0.0,0.909506744687997,-9.049325531200303
2012-01-27,0.0,0.909506744687997,-9.049325531200303
2012-01-30,0.0,0.909506744687997,-9.049325531200303
2012-01-31,0.0,0.909506744687997,-9.049325531200303
2012-02-01,0.0,0.909506744687997,-9.049325531200303
2012-02-02,0.0,0.909506744687997,-9.049325531200303
2012-02-03,0.0,0.909506744687997,-9.049325531200303
2012-02-06,0.0,0.909506744687997,-9.049325531200303
2012-02-07,0.0,0.909506744687997,-9.049325531200303
2012-02-08,0.0,0.909506744687997,-9.049325531200303
2012-02-09,0.0,0.909506744687997,-9.049325531200303
2012-02-10,0.0,0.909506744687997,-9.049325531200303
2012-02-13,0.0,0.909506744687997,-9.049325531200303
2012-02-14,0.0,0.909506744687997,-9.049325531200303
2012-02-15,0.0,0.909506744687997,-9.049325531200303
2012-02-16,0.0,0.909506744687997,-9.049325531200303
2012-02-17,0.0,0.909506744687997,-9.049325531200303
2012-02-20,0.0,0.909506744687997,-9.049325531200303
2012-02-21,0.0,0.909506744687997,-9.049325531200303
2012-02-22,0.0,0.909506744687997,-9.049325531200303
2012-02-23,0.0,0.909506744687997,-9.049325531200303
2012-02-24,0.0,0.909506744687997,-9.049325531200303
2012-02-27,0.0,0.909506744687997,-9.049325531200303
2012-02-28,0.0,0.909506744687997,-9.049325531200303
2012-02-29,0.0,0.909506744687997,-9.049325531200303
2012-03-01,0.0,0.909506744687997,-9.049325531200303
2012-03-02,0.0,0.909506744687997,-9.049325531200303
2012-03-05,0.0,0.909506744687997,-9.049325531200303
2012-03-06,-0.0247,0.8870419280942035,-11.295807190579655
2012-03-07,-0.0175,0.8715186943525549,-12.848130564744508
2012-03-08,0.0148,0.8844171710289727,-11.558282897102734
2012-03-09,-0.04485,0.8447510609083232,-15.52489390916768
2012-03-12,-0.02225,0.825955349803113,-17.404465019688697
2012-03-13,-0.00185,0.8244273324059772,-17.557266759402278
2012-03-14,-0.0011999999999999997,0.8234380196070901,-17.65619803929099
2012-03-15,0.01585,0.8364895122178624,-16.351048778213762
2012-03-16,-0.011199999999999998,0.8271208296810223,-17.28791703189777
2012-03-19,0.0088,0.8343994929822153,-16.560050701778472
2012-03-20,0.0,0.8343994929822153,-16.560050701778472
2012-03-21,0.0,0.8343994929822153,-16.560050701778472
2012-03-22,0.0,0.8343994929822153,-16.560050701778472
2012-03-23,0.0,0.8343994929822153,-16.560050701778472
2012-03-26,0.0,0.8343994929822153,-16.560050701778472
2012-03-27,0.0,0.8343994929822153,-16.560050701778472
2012-03-28,0.0,0.8343994929822153,-16.560050701778472
2012-03-29,0.0,0.8343994929822153,-16.560050701778472
2012-03-30,0.0,0.8343994929822153,-16.560050701778472
2012-04-02,0.0,0.8343994929822153,-16.560050701778472
2012-04-03,0.0,0.8343994929822153,-16.560050701778472
2012-04-04,0.0,0.8343994929822153,-16.560050701778472
2012-04-05,0.0,0.8343994929822153,-16.560050701778472
2012-04-06,0.0,0.8343994929822153,-16.560050701778472
2012-04-10,0.0,0.8343994929822153,-16.560050701778472
2012-04-11,0.0,0.8343994929822153,-16.560050701778472
2012-04-12,0.0,0.8343994929822153,-16.560050701778472
2012-04-13,0.0,0.8343994929822153,-16.560050701778472
2012-04-16,0.0,0.8343994929822153,-16.560050701778472
2012-04-17,0.0,0.8343994929822153,-16.560050701778472
2012-04-18,0.0,0.8343994929822153,-16.560050701778472
2012-04-19,0.0,0.8343994929822153,-16.560050701778472
2012-04-20,0.0,0.8343994929822153,-16.560050701778472
2012-04-23,0.0,0.8343994929822153,-16.560050701778472
2012-04-24,0.0,0.8343994929822153,-16.560050701778472
2012-04-25,0.0,0.8343994929822153,-16.560050701778472
2012-04-26,0.0,0.8343994929822153,-16.560050701778472
2012-04-27,0.0,0.8343994929822153,-16.560050701778472
2012-04-30,0.0,0.8343994929822153,-16.560050701778472
2012-05-02,0.0,0.8343994929822153,-16.560050701778472
2012-05-03,0.0,0.8343994929822153,-16.560050701778472
2012-05-04,0.0,0.8343994929822153,-16.560050701778472
2012-05-07,0.0,0.8343994929822153,-16.560050701778472
2012-05-08,0.0,0.8343994929822153,-16.560050701778472
2012-05-09,0.0,0.8343994929822153,-16.560050701778472
2012-05-10,0.0,0.8343994929822153,-16.560050701778472
2012-05-11,0.0,0.8343994929822153,-16.560050701778472
2012-05-14,0.0,0.8343994929822153,-16.560050701778472
2012-05-15,0.0,0.8343994929822153,-16.560050701778472
2012-05-16,0.0,0.8343994929822153,-16.560050701778472
2012-05-17,0.0,0.8343994929822153,-16.560050701778472
2012-05-18,0.0,0.8343994929822153,-16.560050701778472
2012-05-21,0.0,0.8343994929822153,-16.560050701778472
2012-05-22,0.0,0.8343994929822153,-16.560050701778472
2012-05-23,0.0,0.8343994929822153,-16.560050701778472
2012-05-24,0.0,0.8343994929822153,-16.560050701778472
2012-05-25,0.0,0.8343994929822153,-16.560050701778472
2012-05-28,0.0,0.8343994929822153,-16.560050701778472
2012-05-29,0.0,0.8343994929822153,-16.560050701778472
2012-05-30,0.0,0.8343994929822153,-16.560050701778472
2012-05-31,0.0,0.8343994929822153,-16.560050701778472
2012-06-01,0.0,0.8343994929822153,-16.560050701778472
2012-06-04,0.0,0.8343994929822153,-16.560050701778472
2012-06-05,0.0,0.8343994929822153,-16.560050701778472
2012-06-06,0.0,0.8343994929822153,-16.560050701778472
2012-06-08,0.0,0.8343994929822153,-16.560050701778472
2012-06-11,0.0,0.8343994929822153,-16.560050701778472
2012-06-12,0.0,0.8343994929822153,-16.560050701778472
2012-06-13,0.0,0.8343994929822153,-16.560050701778472
2012-06-14,0.0,0.8343994929822153,-16.560050701778472
2012-06-15,0.0,0.8343994929822153,-16.560050701778472
2012-06-18,0.0,0.8343994929822153,-16.560050701778472
2012-06-19,0.0,0.8343994929822153,-16.560050701778472
2012-06-20,0.0,0.8343994929822153,-16.560050701778472
2012-06-21,0.0,0.8343994929822153,-16.560050701778472
2012-06-26,0.0,0.8343994929822153,-16.560050701778472
2012-06-27,0.0,0.8343994929822153,-16.560050701778472
2012-06-28,0.0,0.8343994929822153,-16.560050701778472
2012-06-29,0.0,0.8343994929822153,-16.560050701778472
2012-07-02,0.0,0.8343994929822153,-16.560050701778472
2012-07-03,0.0,0.8343994929822153,-16.560050701778472
2012-07-04,0.0,0.8343994929822153,-16.560050701778472
2012-07-05,0.0,0.8343994929822153,-16.560050701778472
2012-07-06,0.0,0.8343994929822153,-16.560050701778472
2012-07-09,0.0,0.8343994929822153,-16.560050701778472
2012-07-10,0.0,0.8343994929822153,-16.560050701778472
2012-07-11,0.0,0.8343994929822153,-16.560050701778472
2012-07-12,0.0,0.8343994929822153,-16.560050701778472
2012-07-13,0.0,0.8343994929822153,-16.560050701778472
2012-07-16,0.0,0.8343994929822153,-16.560050701778472
2012-07-17,0.0,0.8343994929822153,-16.560050701778472
2012-07-18,0.0,0.8343994929822153,-16.560050701778472
2012-07-19,0.0,0.8343994929822153,-16.560050701778472
2012-07-20,0.0,0.8343994929822153,-16.560050701778472
2012-07-23,0.0,0.8343994929822153,-16.560050701778472
2012-07-24,0.0,0.8343994929822153,-16.560050701778472
2012-07-25,0.0,0.8343994929822153,-16.560050701778472
2012-07-26,0.0,0.8343994929822153,-16.560050701778472
2012-07-27,0.0,0.8343994929822153,-16.560050701778472
2012-07-30,0.0,0.8343994929822153,-16.560050701778472
2012-07-31,0.0,0.8343994929822153,-16.560050701778472
2012-08-01,0.0,0.8343994929822153,-16.560050701778472
2012-08-02,0.0,0.8343994929822153,-16.560050701778472
2012-08-03,0.0,0.8343994929822153,-16.560050701778472
2012-08-06,0.0,0.8343994929822153,-16.560050701778472
2012-08-07,0.0,0.8343994929822153,-16.560050701778472
2012-08-08,0.0,0.8343994929822153,-16.560050701778472
2012-08-09,0.0,0.8343994929822153,-16.560050701778472
2012-08-10,0.0,0.8343994929822153,-16.560050701778472
2012-08-13,0.0,0.8343994929822153,-16.560050701778472
2012-08-14,0.0,0.8343994929822153,-16.560050701778472
2012-08-16,0.0,0.8343994929822153,-16.560050701778472
2012-08-17,0.0,0.8343994929822153,-16.560050701778472
2012-08-20,0.0,0.8343994929822153,-16.560050701778472
2012-08-21,0.0,0.8343994929822153,-16.560050701778472
2012-08-22,0.0,0.8343994929822153,-16.560050701778472
2012-08-23,0.0,0.8343994929822153,-16.560050701778472
2012-08-24,0.0,0.8343994929822153,-16.560050701778472
2012-08-27,0.0,0.8343994929822153,-16.560050701778472
2012-08-28,0.0,0.8343994929822153,-16.560050701778472
2012-08-29,0.0,0.8343994929822153,-16.560050701778472
2012-08-30,0.0,0.8343994929822153,-16.560050701778472
2012-08-31,0.0,0.8343994929822153,-16.560050701778472
2012-09-03,0.0,0.8343994929822153,-16.560050701778472
2012-09-04,0.0,0.8343994929822153,-16.560050701778472
2012-09-05,0.0035499999999999998,0.8373616111823021,-16.263838881769786
2012-09-06,0.02455,0.8579188387368277,-14.208116126317227
2012-09-07,0.02435,0.8788091624600696,-12.119083753993042
2012-09-10,0.0135,0.8906730861532806,-10.932691384671944
2012-09-11,-0.02105,0.871924417689754,-12.807558231024597
2012-09-12,0.0234,0.8923274490636943,-10.767255093630567
2012-09-13,0.0023500000000000005,0.894424418568994,-10.557558143100598
2012-09-14,0.0203,0.9125812342659446,-8.741876573405538
2012-09-17,-0.0195,0.8947859001977587,-10.521409980224128
2012-09-18,-0.01705,0.8795298005993869,-12.04701994006131
2012-09-19,0.015200000000000002,0.8928986535684976,-10.710134643150237
2012-09-20,-0.03755,0.8593703091270005,-14.062969087299948
2012-09-21,-0.01915,0.8429133677072185,-15.708663229278152
2012-09-24,0.0305,0.8686222254222886,-13.137777457771138
2012-09-25,0.0,0.8686222254222886,-13.137777457771138
2012-09-26,0.0,0.8686222254222886,-13.137777457771138
2012-09-27,0.0,0.8686222254222886,-13.137777457771138
2012-09-28,0.0,0.8686222254222886,-13.137777457771138
2012-10-01,0.0,0.8686222254222886,-13.137777457771138
2012-10-02,0.0,0.8686222254222886,-13.137777457771138
2012-10-03,0.0,0.8686222254222886,-13.137777457771138
2012-10-04,0.0,0.8686222254222886,-13.137777457771138
2012-10-05,0.0,0.8686222254222886,-13.137777457771138
2012-10-09,0.0,0.8686222254222886,-13.137777457771138
2012-10-10,0.0,0.8686222254222886,-13.137777457771138
2012-10-11,0.0,0.8686222254222886,-13.137777457771138
2012-10-12,0.0,0.8686222254222886,-13.137777457771138
2012-10-15,0.0,0.8686222254222886,-13.137777457771138
2012-10-16,0.0,0.8686222254222886,-13.137777457771138
2012-10-17,0.0,0.8686222254222886,-13.137777457771138
2012-10-18,0.0,0.8686222254222886,-13.137777457771138
2012-10-19,0.0,0.8686222254222886,-13.137777457771138
2012-10-22,0.0,0.8686222254222886,-13.137777457771138
2012-10-23,0.0,0.8686222254222886,-13.137777457771138
2012-10-24,0.0,0.8686222254222886,-13.137777457771138
2012-10-25,0.0,0.8686222254222886,-13.137777457771138
2012-10-26,0.0,0.8686222254222886,-13.137777457771138
2012-10-29,0.0,0.8686222254222886,-13.137777457771138
2012-10-30,0.0,0.8686222254222886,-13.137777457771138
2012-10-31,0.0,0.8686222254222886,-13.137777457771138
2012-11-02,0.0,0.8686222254222886,-13.137777457771138
2012-11-05,0.0,0.8686222254222886,-13.137777457771138
2012-11-06,0.0,0.8686222254222886,-13.137777457771138
2012-11-07,0.0,0.8686222254222886,-13.137777457771138
2012-11-08,0.0,0.8686222254222886,-13.137777457771138
2012-11-09,0.0,0.8686222254222886,-13.137777457771138
2012-11-12,0.0,0.8686222254222886,-13.137777457771138
2012-11-13,0.0,0.8686222254222886,-13.137777457771138
2012-11-14,0.0,0.8686222254222886,-13.137777457771138
2012-11-15,0.0,0.8686222254222886,-13.137777457771138
2012-11-16,0.0,0.8686222254222886,-13.137777457771138
2012-11-19,0.0,0.8686222254222886,-13.137777457771138
2012-11-20,0.0,0.8686222254222886,-13.137777457771138
2012-11-21,0.0,0.8686222254222886,-13.137777457771138
2012-11-22,0.0,0.8686222254222886,-13.137777457771138
2012-11-23,0.0,0.8686222254222886,-13.137777457771138
2012-11-26,0.0,0.8686222254222886,-13.137777457771138
2012-11-27,0.0,0.8686222254222886,-13.137777457771138
2012-11-28,0.0,0.8686222254222886,-13.137777457771138
2012-11-29,0.0,0.8686222254222886,-13.137777457771138
2012-11-30,0.0,0.8686222254222886,-13.137777457771138
2012-12-03,0.0,0.8686222254222886,-13.137777457771138
2012-12-04,0.0,0.8686222254222886,-13.137777457771138
2012-12-05,0.0,0.8686222254222886,-13.137777457771138
2012-12-06,0.0,0.8686222254222886,-13.137777457771138
2012-12-07,0.0,0.8686222254222886,-13.137777457771138
2012-12-10,0.0,0.8686222254222886,-13.137777457771138
2012-12-11,0.0,0.8686222254222886,-13.137777457771138
2012-12-12,0.0,0.8686222254222886,-13.137777457771138
2012-12-13,0.0,0.8686222254222886,-13.137777457771138
2012-12-14,0.0,0.8686222254222886,-13.137777457771138
2012-12-17,0.0,0.8686222254222886,-13.137777457771138
2012-12-18,0.0,0.8686222254222886,-13.137777457771138
2012-12-19,0.0,0.8686222254222886,-13.137777457771138
2012-12-20,0.0,0.8686222254222886,-13.137777457771138
2012-12-21,0.0,0.8686222254222886,-13.137777457771138
2012-12-24,0.0,0.8686222254222886,-13.137777457771138
2012-12-27,0.0,0.8686222254222886,-13.137777457771138
2012-12-28,0.0,0.8686222254222886,-13.137777457771138
2012-12-31,0.0,0.8686222254222886,-13.137777457771138
2013-01-02,0.0,0.8686222254222886,-13.137777457771138
2013-01-03,0.0,0.8686222254222886,-13.137777457771138
2013-01-04,0.0,0.8686222254222886,-13.137777457771138
2013-01-07,0.0,0.8686222254222886,-13.137777457771138
2013-01-08,0.0,0.8686222254222886,-13.137777457771138
2013-01-09,0.0,0.8686222254222886,-13.137777457771138
2013-01-10,0.0,0.8686222254222886,-13.137777457771138
2013-01-11,0.0,0.8686222254222886,-13.137777457771138
2013-01-14,0.0,0.8686222254222886,-13.137777457771138
2013-01-15,0.0,0.8686222254222886,-13.137777457771138
2013-01-16,0.0,0.8686222254222886,-13.137777457771138
2013-01-17,0.0,0.8686222254222886,-13.137777457771138
2013-01-18,0.0,0.8686222254222886,-13.137777457771138
2013-01-21,0.0,0.8686222254222886,-13.137777457771138
2013-01-22,0.0,0.8686222254222886,-13.137777457771138
2013-01-23,0.0,0.8686222254222886,-13.137777457771138
2013-01-24,0.0,0.8686222254222886,-13.137777457771138
2013-01-25,0.0,0.8686222254222886,-13.137777457771138
2013-01-28,0.0,0.8686222254222886,-13.137777457771138
2013-01-29,0.0,0.8686222254222886,-13.137777457771138
2013-01-30,0.0,0.8686222254222886,-13.137777457771138
2013-01-31,0.0,0.8686222254222886,-13.137777457771138
2013-02-01,0.0,0.8686222254222886,-13.137777457771138
2013-02-04,0.0,0.8686222254222886,-13.137777457771138
2013-02-05,0.0,0.8686222254222886,-13.137777457771138
2013-02-06,0.0,0.8686222254222886,-13.137777457771138
2013-02-07,0.0,0.8686222254222886,-13.137777457771138
2013-02-08,0.0,0.8686222254222886,-13.137777457771138
2013-02-11,0.0,0.8686222254222886,-13.137777457771138
2013-02-12,0.0,0.8686222254222886,-13.137777457771138
2013-02-13,0.0,0.8686222254222886,-13.137777457771138
2013-02-14,0.0,0.8686222254222886,-13.137777457771138
2013-02-15,0.0,0.8686222254222886,-13.137777457771138
2013-02-18,0.0,0.8686222254222886,-13.137777457771138
2013-02-19,0.0,0.8686222254222886,-13.137777457771138
2013-02-20,0.0,0.8686222254222886,-13.137777457771138
2013-02-21,0.0,0.8686222254222886,-13.137777457771138
2013-02-22,0.0,0.8686222254222886,-13.137777457771138
2013-02-25,0.0,0.8686222254222886,-13.137777457771138
2013-02-26,0.0,0.8686222254222886,-13.137777457771138
2013-02-27,0.0,0.8686222254222886,-13.137777457771138
2013-02-28,0.0,0.8686222254222886,-13.137777457771138
2013-03-01,0.0,0.8686222254222886,-13.137777457771138
2013-03-04,0.0,0.8686222254222886,-13.137777457771138
2013-03-05,0.0,0.8686222254222886,-13.137777457771138
2013-03-06,0.00025,0.8688393809786442,-13.116061902135579
2013-03-07,0.017499999999999998,0.8840440701457706,-11.595592985422943
2013-03-08,-0.0049,0.8797122542020563,-12.028774579794366
2013-03-11,0.0004,0.8800641391037372,-11.993586089626284
2013-03-12,-0.01665,0.8654110711876599,-13.458892881234007
2013-03-13,0.010249999999999999,0.8742815346673335,-12.571846533266651
2013-03-14,0.00225,0.8762486681203351,-12.375133187966492
2013-03-15,-0.0072,0.8699396777098687,-13.006032229013131
2013-03-18,0.0009500000000000001,0.8707661204036931,-12.923387959630695
2013-03-19,0.0,0.8707661204036931,-12.923387959630695
2013-03-20,0.0,0.8707661204036931,-12.923387959630695
2013-03-21,0.0,0.8707661204036931,-12.923387959630695
2013-03-22,0.0,0.8707661204036931,-12.923387959630695
2013-03-25,0.0,0.8707661204036931,-12.923387959630695
2013-03-26,0.0,0.8707661204036931,-12.923387959630695
2013-03-27,0.0,0.8707661204036931,-12.923387959630695
2013-03-28,0.0,0.8707661204036931,-12.923387959630695
2013-03-29,0.0,0.8707661204036931,-12.923387959630695
2013-04-02,0.0,0.8707661204036931,-12.923387959630695
2013-04-03,0.0,0.8707661204036931,-12.923387959630695
2013-04-04,0.0,0.8707661204036931,-12.923387959630695
2013-04-05,0.0,0.8707661204036931,-12.923387959630695
2013-04-08,0.0,0.8707661204036931,-12.923387959630695
2013-04-09,0.0,0.8707661204036931,-12.923387959630695
2013-04-10,0.0,0.8707661204036931,-12.923387959630695
2013-04-11,0.0,0.8707661204036931,-12.923387959630695
2013-04-12,0.0,0.8707661204036931,-12.923387959630695
2013-04-15,0.0,0.8707661204036931,-12.923387959630695
2013-04-16,0.0,0.8707661204036931,-12.923387959630695
2013-04-17,0.0,0.8707661204036931,-12.923387959630695
2013-04-18,0.0,0.8707661204036931,-12.923387959630695
2013-04-19,0.0,0.8707661204036931,-12.923387959630695
2013-04-22,0.0,0.8707661204036931,-12.923387959630695
2013-04-23,0.0,0.8707661204036931,-12.923387959630695
2013-04-24,0.0,0.8707661204036931,-12.923387959630695
2013-04-25,0.0,0.8707661204036931,-12.923387959630695
2013-04-26,0.0,0.8707661204036931,-12.923387959630695
2013-04-29,0.0,0.8707661204036931,-12.923387959630695
2013-04-30,0.0,0.8707661204036931,-12.923387959630695
2013-05-02,0.0,0.8707661204036931,-12.923387959630695
2013-05-03,0.0,0.8707661204036931,-12.923387959630695
2013-05-06,0.0,0.8707661204036931,-12.923387959630695
2013-05-07,0.0,0.8707661204036931,-12.923387959630695
2013-05-08,0.0,0.8707661204036931,-12.923387959630695
2013-05-09,0.0,0.8707661204036931,-12.923387959630695
2013-05-10,0.0,0.8707661204036931,-12.923387959630695
2013-05-13,0.0,0.8707661204036931,-12.923387959630695
2013-05-14,0.0,0.8707661204036931,-12.923387959630695
2013-05-15,0.0,0.8707661204036931,-12.923387959630695
2013-05-16,0.0,0.8707661204036931,-12.923387959630695
2013-05-17,0.0,0.8707661204036931,-12.923387959630695
2013-05-20,0.0,0.8707661204036931,-12.923387959630695
2013-05-21,0.0,0.8707661204036931,-12.923387959630695
2013-05-22,0.0,0.8707661204036931,-12.923387959630695
2013-05-23,0.0,0.8707661204036931,-12.923387959630695
2013-05-24,0.0,0.8707661204036931,-12.923387959630695
2013-05-27,0.0,0.8707661204036931,-12.923387959630695
2013-05-28,0.0,0.8707661204036931,-12.923387959630695
2013-05-29,0.0,0.8707661204036931,-12.923387959630695
2013-05-31,0.0,0.8707661204036931,-12.923387959630695
2013-06-03,0.0,0.8707661204036931,-12.923387959630695
2013-06-04,0.0,0.8707661204036931,-12.923387959630695
2013-06-05,0.0,0.8707661204036931,-12.923387959630695
2013-06-06,0.0,0.8707661204036931,-12.923387959630695
2013-06-07,0.0,0.8707661204036931,-12.923387959630695
2013-06-10,0.0,0.8707661204036931,-12.923387959630695
2013-06-11,0.0,0.8707661204036931,-12.923387959630695
2013-06-12,0.0,0.8707661204036931,-12.923387959630695
2013-06-13,0.0,0.8707661204036931,-12.923387959630695
2013-06-14,0.0,0.8707661204036931,-12.923387959630695
2013-06-17,0.0,0.8707661204036931,-12.923387959630695
2013-06-18,0.0,0.8707661204036931,-12.923387959630695
2013-06-19,0.0,0.8707661204036931,-12.923387959630695
2013-06-20,0.0,0.8707661204036931,-12.923387959630695
2013-06-21,0.0,0.8707661204036931,-12.923387959630695
2013-06-24,0.0,0.8707661204036931,-12.923387959630695
2013-06-26,0.0,0.8707661204036931,-12.923387959630695
2013-06-27,0.0,0.8707661204036931,-12.923387959630695
2013-06-28,0.0,0.8707661204036931,-12.923387959630695
2013-07-01,0.0,0.8707661204036931,-12.923387959630695
2013-07-02,0.0,0.8707661204036931,-12.923387959630695
2013-07-03,0.0,0.8707661204036931,-12.923387959630695
2013-07-04,0.0,0.8707661204036931,-12.923387959630695
2013-07-05,0.0,0.8707661204036931,-12.923387959630695
2013-07-08,0.0,0.8707661204036931,-12.923387959630695
2013-07-09,0.0,0.8707661204036931,-12.923387959630695
2013-07-10,0.0,0.8707661204036931,-12.923387959630695
2013-07-11,0.0,0.8707661204036931,-12.923387959630695
2013-07-12,0.0,0.8707661204036931,-12.923387959630695
2013-07-15,0.0,0.8707661204036931,-12.923387959630695
2013-07-16,0.0,0.8707661204036931,-12.923387959630695
2013-07-17,0.0,0.8707661204036931,-12.923387959630695
2013-07-18,0.0,0.8707661204036931,-12.923387959630695
2013-07-19,0.0,0.8707661204036931,-12.923387959630695
2013-07-22,0.0,0.8707661204036931,-12.923387959630695
2013-07-23,0.0,0.8707661204036931,-12.923387959630695
2013-07-24,0.0,0.8707661204036931,-12.923387959630695
2013-07-25,0.0,0.8707661204036931,-12.923387959630695
2013-07-26,0.0,0.8707661204036931,-12.923387959630695
2013-07-29,0.0,0.8707661204036931,-12.923387959630695
2013-07-30,0.0,0.8707661204036931,-12.923387959630695
2013-07-31,0.0,0.8707661204036931,-12.923387959630695
2013-08-01,0.0,0.8707661204036931,-12.923387959630695
2013-08-02,0.0,0.8707661204036931,-12.923387959630695
2013-08-06,0.0,0.8707661204036931,-12.923387959630695
2013-08-07,0.0,0.8707661204036931,-12.923387959630695
2013-08-08,0.0,0.8707661204036931,-12.923387959630695
2013-08-09,0.0,0.8707661204036931,-12.923387959630695
2013-08-12,0.0,0.8707661204036931,-12.923387959630695
2013-08-13,0.0,0.8707661204036931,-12.923387959630695
2013-08-14,0.0,0.8707661204036931,-12.923387959630695
2013-08-16,0.0,0.8707661204036931,-12.923387959630695
2013-08-19,0.0,0.8707661204036931,-12.923387959630695
2013-08-20,0.0,0.8707661204036931,-12.923387959630695
2013-08-21,0.0,0.8707661204036931,-12.923387959630695
2013-08-22,0.0,0.8707661204036931,-12.923387959630695
2013-08-23,0.0,0.8707661204036931,-12.923387959630695
2013-08-26,0.0,0.8707661204036931,-12.923387959630695
2013-08-27,0.0,0.8707661204036931,-12.923387959630695
2013-08-28,0.0,0.8707661204036931,-12.923387959630695
2013-08-29,0.0,0.8707661204036931,-12.923387959630695
2013-08-30,0.0,0.8707661204036931,-12.923387959630695
2013-09-02,0.0,0.8707661204036931,-12.923387959630695
2013-09-03,0.0,0.8707661204036931,-12.923387959630695
2013-09-04,0.0,0.8707661204036931,-12.923387959630695
2013-09-05,0.0,0.8707661204036931,-12.923387959630695
2013-09-06,-0.0239,0.8499548101260448,-15.004518987395521
2013-09-09,0.0027750000000000006,0.8523134347241446,-14.768656527585545
2013-09-10,-0.003974999999999999,0.8489254888211162,-15.107451117888381
2013-09-11,-0.0024,0.8468880676479456,-15.311193235205444
2013-09-12,-0.0036750000000000003,0.8437757539993394,-15.622424600066065
2013-09-13,-0.0043,0.8401475182571422,-15.985248174285783
2013-09-16,-0.00115,0.8391813486111465,-16.081865138885355
2013-09-17,0.0016249999999999997,0.8405450183026396,-15.94549816973604
2013-09-18,0.001275,0.8416167132009754,-15.838328679902459
2013-09-19,0.0009249999999999998,0.8423952086606864,-15.76047913393136
2013-09-20,-0.029124999999999998,0.817860448208444,-18.213955179155604
2013-09-23,0.0114,0.8271840573180202,-17.281594268197974
2013-09-24,0.0,0.8271840573180202,-17.281594268197974
2013-09-25,0.0,0.8271840573180202,-17.281594268197974
2013-09-26,0.0,0.8271840573180202,-17.281594268197974
2013-09-27,0.0,0.8271840573180202,-17.281594268197974
2013-09-30,0.0,0.8271840573180202,-17.281594268197974
2013-10-01,0.0,0.8271840573180202,-17.281594268197974
2013-10-02,0.0,0.8271840573180202,-17.281594268197974
2013-10-03,0.0,0.8271840573180202,-17.281594268197974
2013-10-04,0.0,0.8271840573180202,-17.281594268197974
2013-10-07,0.0,0.8271840573180202,-17.281594268197974
2013-10-09,0.0,0.8271840573180202,-17.281594268197974
2013-10-10,0.0,0.8271840573180202,-17.281594268197974
2013-10-11,0.0,0.8271840573180202,-17.281594268197974
2013-10-14,0.0,0.8271840573180202,-17.281594268197974
2013-10-15,0.0,0.8271840573180202,-17.281594268197974
2013-10-16,0.0,0.8271840573180202,-17.281594268197974
2013-10-17,0.0,0.8271840573180202,-17.281594268197974
2013-10-18,0.0,0.8271840573180202,-17.281594268197974
2013-10-21,0.0,0.8271840573180202,-17.281594268197974
2013-10-22,0.0,0.8271840573180202,-17.281594268197974
2013-10-23,0.0,0.8271840573180202,-17.281594268197974
2013-10-24,0.0,0.8271840573180202,-17.281594268197974
2013-10-25,0.0,0.8271840573180202,-17.281594268197974
2013-10-28,0.0,0.8271840573180202,-17.281594268197974
2013-10-29,0.0,0.8271840573180202,-17.281594268197974
2013-10-30,0.0,0.8271840573180202,-17.281594268197974
2013-10-31,0.0,0.8271840573180202,-17.281594268197974
2013-11-04,0.0,0.8271840573180202,-17.281594268197974
2013-11-05,0.0,0.8271840573180202,-17.281594268197974
2013-11-06,0.0,0.8271840573180202,-17.281594268197974
2013-11-07,0.0,0.8271840573180202,-17.281594268197974
2013-11-08,0.0,0.8271840573180202,-17.281594268197974
2013-11-11,0.0,0.8271840573180202,-17.281594268197974
2013-11-12,0.0,0.8271840573180202,-17.281594268197974
2013-11-13,0.0,0.8271840573180202,-17.281594268197974
2013-11-14,0.0,0.8271840573180202,-17.281594268197974
2013-11-15,0.0,0.8271840573180202,-17.281594268197974
2013-11-18,0.0,0.8271840573180202,-17.281594268197974
2013-11-19,0.0,0.8271840573180202,-17.281594268197974
2013-11-20,0.0,0.8271840573180202,-17.281594268197974
2013-11-21,0.0,0.8271840573180202,-17.281594268197974
2013-11-22,0.0,0.8271840573180202,-17.281594268197974
2013-11-25,0.0,0.8271840573180202,-17.281594268197974
2013-11-26,0.0,0.8271840573180202,-17.281594268197974
2013-11-27,-0.1496,0.7034373223432444,-29.656267765675558
2013-11-28,-0.5934,0.28601761526476316,-71.39823847352369
2013-11-29,0.2457,0.35629214333531545,-64.37078566646845
2013-12-02,0.025,0.3651994469186983,-63.48005530813017
2013-12-03,-0.1929,0.29475247360808143,-70.52475263919186
2013-12-04,-0.2107,0.23264812741885868,-76.73518725811414
2013-12-05,0.0081,0.23453257725095145,-76.54674227490486
2013-12-06,0.097,0.2572822372442937,-74.27177627557062
2013-12-09,-0.0303,0.2494865854557916,-75.05134145442084
2013-12-10,0.0105,0.2521061946030774,-74.78938053969226
2013-12-11,-0.0814,0.2315847503623869,-76.84152496376132
2013-12-12,0.0647,0.24656828371083334,-75.34317162891666
2013-12-13,0.0117,0.2494531326302501,-75.054686736975
2013-12-16,0.0362,0.25848333603146517,-74.15166639685349
2013-12-17,-0.071,0.24013101917323115,-75.98689808267689
2013-12-18,-0.0048,0.23897839028119963,-76.10216097188004
2013-12-19,-0.0267,0.23259766726069162,-76.74023327393084
2013-12-20,-0.0124,0.22971345618665906,-77.02865438133409
2013-12-23,-0.048,0.21868721028969942,-78.13127897103006
2013-12-27,-0.0741,0.20248248800723267,-79.75175119927673
2013-12-30,0.2018,0.24334345408709224,-75.66565459129077
2013-12-31,0.0127,0.2464339159539983,-75.35660840460017
2014-01-02,-0.0526,0.233471491974818,-76.6528508025182
2014-01-03,-0.0712,0.21684832174621096,-78.31516782537891
2014-01-07,-0.1934,0.17490985632049377,-82.50901436795061
2014-01-08,-0.0236,0.17078198371133013,-82.92180162886699
2014-01-09,0.1888,0.20302562223602927,-79.69743777639707
2014-01-10,0.2327,0.25026968453035325,-74.97303154696468
2014-01-13,0.0156,0.25417389160902676,-74.58261083909731
2014-01-14,-0.0189,0.24937000505761614,-75.06299949423838
2014-01-15,0.0799,0.2692946684617197,-73.07053315382804
2014-01-16,0.009,0.27171832047787514,-72.82816795221248
2014-01-17,-0.1015,0.24413891094937082,-75.58610890506291
2014-01-20,0.196,0.2919901374954475,-70.80098625045525
2014-01-21,0.5882,0.46373873637026974,-53.626126362973025
2014-01-22,-0.1071,0.41407231770501385,-58.59276822949862
2014-01-23,-0.0258,0.4033892519082245,-59.66107480917755
2014-01-24,-0.0437,0.3857611415998351,-61.42388584001649
2014-01-27,-0.0812,0.3544373369019285,-64.55626630980716
2014-01-28,0.0393,0.36836672424217426,-63.16332757578258
2014-01-29,-0.0661,0.34401768376976655,-65.59823162302334
2014-01-30,-0.0535,0.325612737688084,-67.43872623119161
2014-01-31,-0.0238,0.3178631545311076,-68.21368454688924
2014-02-03,-0.0073,0.3155427535030305,-68.44572464969694
2014-02-04,-0.0515,0.29929230169762444,-70.07076983023755
2014-02-05,0.0979,0.3285930180338219,-67.1406981966178
2014-02-06,0.0071,0.3309260284618621,-66.9073971538138
2014-02-07,-0.0537,0.3131553007334601,-68.68446992665399
2014-02-10,-0.0122,0.3093348060645119,-69.0665193935488
2014-02-11,0.0,0.3093348060645119,-69.0665193935488
2014-02-12,0.101,0.34057762147702764,-65.94223785229724
2014-02-13,-0.0243,0.33230158527513587,-66.76984147248642
2014-02-14,-0.0624,0.3115659663539674,-68.84340336460326
2014-02-17,0.0178,0.317111840555068,-68.2888159444932
2014-02-18,-0.01,0.31394072214951735,-68.60592778504827
2014-02-19,0.0286,0.3229194268029935,-67.70805731970064
2014-02-20,-0.0083,0.32023919556052866,-67.97608044394714
2014-02-21,-0.1789,0.26294840347475007,-73.705159652525
2014-02-24,-0.006,0.2613707130539016,-73.86292869460985
2014-02-25,-0.0033,0.26050818970082373,-73.94918102991764
2014-02-26,0.1785,0.3070089015624208,-69.29910984375792
2014-02-27,0.0031,0.3079606291572643,-69.20393708427358
2014-02-28,-0.1519,0.26118140958827585,-73.88185904117242
2014-03-03,0.0812,0.28238934004684385,-71.76106599531562
2014-03-04,0.3846,0.39099628022886,-60.900371977114
2014-03-05,-0.2509,0.29289531351943904,-70.7104686480561
2014-03-06,-0.163,0.24515337741577045,-75.48466225842296
2014-03-07,-0.004433333333333334,0.24406653077589388,-75.5933469224106
2014-03-10,-0.042866666666666664,0.2336042121566339,-76.6395787843366
2014-03-11,0.042199999999999994,0.24346230990964385,-75.65376900903561
2014-03-12,-0.022533333333333332,0.23797629252634656,-76.20237074736535
2014-03-13,-0.0007666666666666638,0.23779384403540968,-76.22061559645903
2014-03-14,-0.03863333333333334,0.22860707519417503,-77.1392924805825
2014-03-17,-0.046266666666666664,0.21803018784852454,-78.19698121514755
2014-03-18,0.03556666666666667,0.22578479486300376,-77.42152051369963
2014-03-19,-0.04576666666666667,0.21545137741810697,-78.45486225818931
2014-03-20,0.043533333333333334,0.22483069404837525,-77.51693059516246
2014-03-21,0.001166666666666663,0.22509299652476503,-77.4907003475235
2014-03-24,0.0152,0.22851441007194148,-77.14855899280585
2014-03-25,-0.0612,0.21452932817553866,-78.54706718244613
2014-03-26,-0.0422,0.20547619052653093,-79.4523809473469
2014-03-27,-0.0279,0.1997434048108407,-80.02565951891593
2014-03-28,-0.016,0.19654751033386725,-80.34524896661328
2014-03-31,-0.0762,0.18157059004642656,-81.84294099535734
2014-04-01,-0.2667,0.1331457136810446,-86.68542863189555
2014-04-02,-0.0909,0.12104276830743765,-87.89572316925623
2014-04-03,0.0145,0.12279788844789549,-87.72021115521045
2014-04-04,-0.0143,0.12104187864309059,-87.89581213569095
2014-04-07,0.0,0.12104187864309059,-87.89581213569095
2014-04-08,0.0,0.12104187864309059,-87.89581213569095
2014-04-09,0.0,0.12104187864309059,-87.89581213569095
2014-04-10,0.0,0.12104187864309059,-87.89581213569095
2014-04-11,0.0,0.12104187864309059,-87.89581213569095
2014-04-14,0.0,0.12104187864309059,-87.89581213569095
2014-04-15,0.0,0.12104187864309059,-87.89581213569095
2014-04-16,0.0,0.12104187864309059,-87.89581213569095
2014-04-17,0.0,0.12104187864309059,-87.89581213569095
2014-04-18,0.0,0.12104187864309059,-87.89581213569095
2014-04-22,0.0,0.12104187864309059,-87.89581213569095
2014-04-23,0.0,0.12104187864309059,-87.89581213569095
2014-04-24,0.0,0.12104187864309059,-87.89581213569095
2014-04-25,0.0,0.12104187864309059,-87.89581213569095
2014-04-28,0.0,0.12104187864309059,-87.89581213569095
2014-04-29,0.0,0.12104187864309059,-87.89581213569095
2014-04-30,0.0,0.12104187864309059,-87.89581213569095
2014-05-02,0.0,0.12104187864309059,-87.89581213569095
2014-05-05,0.0,0.12104187864309059,-87.89581213569095
2014-05-06,0.0,0.12104187864309059,-87.89581213569095
2014-05-07,0.0,0.12104187864309059,-87.89581213569095
2014-05-08,0.0,0.12104187864309059,-87.89581213569095
2014-05-09,0.0,0.12104187864309059,-87.89581213569095
2014-05-12,0.0,0.12104187864309059,-87.89581213569095
2014-05-13,0.0,0.12104187864309059,-87.89581213569095
2014-05-14,0.0,0.12104187864309059,-87.89581213569095
2014-05-15,0.0,0.12104187864309059,-87.89581213569095
2014-05-16,0.0,0.12104187864309059,-87.89581213569095
2014-05-19,0.0,0.12104187864309059,-87.89581213569095
2014-05-20,0.0,0.12104187864309059,-87.89581213569095
2014-05-21,0.0,0.12104187864309059,-87.89581213569095
2014-05-22,0.0,0.12104187864309059,-87.89581213569095
2014-05-23,0.0,0.12104187864309059,-87.89581213569095
2014-05-26,0.0,0.12104187864309059,-87.89581213569095
2014-05-27,0.0,0.12104187864309059,-87.89581213569095
2014-05-28,0.0,0.12104187864309059,-87.89581213569095
2014-05-29,0.0,0.12104187864309059,-87.89581213569095
2014-05-30,0.0,0.12104187864309059,-87.89581213569095
2014-06-02,0.0,0.12104187864309059,-87.89581213569095
2014-06-03,0.0,0.12104187864309059,-87.89581213569095
2014-06-04,0.0,0.12104187864309059,-87.89581213569095
2014-06-05,0.0,0.12104187864309059,-87.89581213569095
2014-06-06,0.0,0.12104187864309059,-87.89581213569095
2014-06-09,0.0,0.12104187864309059,-87.89581213569095
2014-06-10,0.0,0.12104187864309059,-87.89581213569095
2014-06-11,0.0,0.12104187864309059,-87.89581213569095
2014-06-12,0.0,0.12104187864309059,-87.89581213569095
2014-06-13,0.0,0.12104187864309059,-87.89581213569095
2014-06-16,0.0,0.12104187864309059,-87.89581213569095
2014-06-17,0.0,0.12104187864309059,-87.89581213569095
2014-06-18,0.0,0.12104187864309059,-87.89581213569095
2014-06-20,0.0,0.12104187864309059,-87.89581213569095
2014-06-23,0.0,0.12104187864309059,-87.89581213569095
2014-06-24,0.0,0.12104187864309059,-87.89581213569095
2014-06-26,0.0,0.12104187864309059,-87.89581213569095
2014-06-27,0.0,0.12104187864309059,-87.89581213569095
2014-06-30,0.0,0.12104187864309059,-87.89581213569095
2014-07-01,0.0,0.12104187864309059,-87.89581213569095
2014-07-02,0.0,0.12104187864309059,-87.89581213569095
2014-07-03,0.0,0.12104187864309059,-87.89581213569095
2014-07-04,0.0,0.12104187864309059,-87.89581213569095
2014-07-07,0.0,0.12104187864309059,-87.89581213569095
2014-07-08,0.0,0.12104187864309059,-87.89581213569095
2014-07-09,0.0,0.12104187864309059,-87.89581213569095
2014-07-10,0.0,0.12104187864309059,-87.89581213569095
2014-07-11,0.0,0.12104187864309059,-87.89581213569095
2014-07-14,0.0,0.12104187864309059,-87.89581213569095
2014-07-15,0.0,0.12104187864309059,-87.89581213569095
2014-07-16,0.0,0.12104187864309059,-87.89581213569095
2014-07-17,0.0,0.12104187864309059,-87.89581213569095
2014-07-18,0.0,0.12104187864309059,-87.89581213569095
2014-07-21,0.0,0.12104187864309059,-87.89581213569095
2014-07-22,0.0,0.12104187864309059,-87.89581213569095
2014-07-23,0.0,0.12104187864309059,-87.89581213569095
2014-07-24,0.0,0.12104187864309059,-87.89581213569095
2014-07-25,0.0,0.12104187864309059,-87.89581213569095
2014-07-28,0.0,0.12104187864309059,-87.89581213569095
2014-07-29,0.0,0.12104187864309059,-87.89581213569095
2014-07-30,0.0,0.12104187864309059,-87.89581213569095
2014-07-31,0.0,0.12104187864309059,-87.89581213569095
2014-08-01,0.0,0.12104187864309059,-87.89581213569095
2014-08-04,0.0,0.12104187864309059,-87.89581213569095
2014-08-06,0.0,0.12104187864309059,-87.89581213569095
2014-08-07,0.0,0.12104187864309059,-87.89581213569095
2014-08-08,0.0,0.12104187864309059,-87.89581213569095
2014-08-11,0.0,0.12104187864309059,-87.89581213569095
2014-08-12,0.0,0.12104187864309059,-87.89581213569095
2014-08-13,0.0,0.12104187864309059,-87.89581213569095
2014-08-14,0.0,0.12104187864309059,-87.89581213569095
2014-08-18,0.0,0.12104187864309059,-87.89581213569095
2014-08-19,0.0,0.12104187864309059,-87.89581213569095
2014-08-20,0.0,0.12104187864309059,-87.89581213569095
2014-08-21,0.0,0.12104187864309059,-87.89581213569095
2014-08-22,0.0,0.12104187864309059,-87.89581213569095
2014-08-25,0.0,0.12104187864309059,-87.89581213569095
2014-08-26,0.0,0.12104187864309059,-87.89581213569095
2014-08-27,0.0,0.12104187864309059,-87.89581213569095
2014-08-28,0.0,0.12104187864309059,-87.89581213569095
2014-08-29,0.0,0.12104187864309059,-87.89581213569095
2014-09-01,0.0,0.12104187864309059,-87.89581213569095
2014-09-02,0.0,0.12104187864309059,-87.89581213569095
2014-09-03,0.0,0.12104187864309059,-87.89581213569095
2014-09-04,0.0,0.12104187864309059,-87.89581213569095
2014-09-05,0.0,0.12104187864309059,-87.89581213569095
2014-09-08,0.0,0.12104187864309059,-87.89581213569095
2014-09-09,0.0,0.12104187864309059,-87.89581213569095
2014-09-10,-0.0168,0.11900837508188666,-88.09916249181133
2014-09-11,0.0023750000000000004,0.11929101997270615,-88.07089800272938
2014-09-12,0.00225,0.11955942476764475,-88.04405752323552
2014-09-15,-0.010100000000000001,0.11835187457749154,-88.16481254225084
2014-09-16,0.014725,0.12009460593064511,-87.99053940693548
2014-09-17,0.016275,0.12204914564216636,-87.79508543578336
2014-09-18,-0.017224999999999997,0.11994684910848004,-88.00531508915199
2014-09-19,0.013,0.12150615814689027,-87.84938418531098
2014-09-22,0.03875,0.12621452177508227,-87.37854782249177
2014-09-23,0.0,0.12621452177508227,-87.37854782249177
2014-09-24,0.0,0.12621452177508227,-87.37854782249177
2014-09-25,0.0,0.12621452177508227,-87.37854782249177
2014-09-26,0.0,0.12621452177508227,-87.37854782249177
2014-09-29,0.0,0.12621452177508227,-87.37854782249177
2014-09-30,0.0,0.12621452177508227,-87.37854782249177
2014-10-01,0.0,0.12621452177508227,-87.37854782249177
2014-10-02,0.0,0.12621452177508227,-87.37854782249177
2014-10-03,0.0,0.12621452177508227,-87.37854782249177
2014-10-06,0.0,0.12621452177508227,-87.37854782249177
2014-10-07,0.0,0.12621452177508227,-87.37854782249177
2014-10-09,0.0,0.12621452177508227,-87.37854782249177
2014-10-10,0.0,0.12621452177508227,-87.37854782249177
2014-10-13,0.0,0.12621452177508227,-87.37854782249177
2014-10-14,0.0,0.12621452177508227,-87.37854782249177
2014-10-15,0.0,0.12621452177508227,-87.37854782249177
2014-10-16,0.0,0.12621452177508227,-87.37854782249177
2014-10-17,0.0,0.12621452177508227,-87.37854782249177
2014-10-20,0.0,0.12621452177508227,-87.37854782249177
2014-10-21,0.0,0.12621452177508227,-87.37854782249177
2014-10-22,0.0,0.12621452177508227,-87.37854782249177
2014-10-23,0.0,0.12621452177508227,-87.37854782249177
2014-10-24,0.0,0.12621452177508227,-87.37854782249177
2014-10-27,0.0,0.12621452177508227,-87.37854782249177
2014-10-28,0.0,0.12621452177508227,-87.37854782249177
2014-10-29,0.0,0.12621452177508227,-87.37854782249177
2014-10-30,0.0,0.12621452177508227,-87.37854782249177
2014-10-31,0.0,0.12621452177508227,-87.37854782249177
2014-11-03,0.0,0.12621452177508227,-87.37854782249177
2014-11-04,0.0,0.12621452177508227,-87.37854782249177
2014-11-05,0.0,0.12621452177508227,-87.37854782249177
2014-11-06,0.0,0.12621452177508227,-87.37854782249177
2014-11-07,0.0,0.12621452177508227,-87.37854782249177
2014-11-10,0.0,0.12621452177508227,-87.37854782249177
2014-11-11,0.0,0.12621452177508227,-87.37854782249177
2014-11-12,0.0,0.12621452177508227,-87.37854782249177
2014-11-13,0.0,0.12621452177508227,-87.37854782249177
2014-11-14,0.0,0.12621452177508227,-87.37854782249177
2014-11-17,0.0,0.12621452177508227,-87.37854782249177
2014-11-18,0.0,0.12621452177508227,-87.37854782249177
2014-11-19,0.0,0.12621452177508227,-87.37854782249177
2014-11-20,0.0,0.12621452177508227,-87.37854782249177
2014-11-21,0.0,0.12621452177508227,-87.37854782249177
2014-11-24,0.0,0.12621452177508227,-87.37854782249177
2014-11-25,0.0,0.12621452177508227,-87.37854782249177
2014-11-26,0.0,0.12621452177508227,-87.37854782249177
2014-11-27,0.0,0.12621452177508227,-87.37854782249177
2014-11-28,0.0,0.12621452177508227,-87.37854782249177
2014-12-01,0.0,0.12621452177508227,-87.37854782249177
2014-12-02,0.0,0.12621452177508227,-87.37854782249177
2014-12-03,0.0,0.12621452177508227,-87.37854782249177
2014-12-04,0.0,0.12621452177508227,-87.37854782249177
2014-12-05,0.0,0.12621452177508227,-87.37854782249177
2014-12-08,0.0,0.12621452177508227,-87.37854782249177
2014-12-09,0.0,0.12621452177508227,-87.37854782249177
2014-12-10,0.0,0.12621452177508227,-87.37854782249177
2014-12-11,0.0,0.12621452177508227,-87.37854782249177
2014-12-12,0.0,0.12621452177508227,-87.37854782249177
2014-12-15,0.0,0.12621452177508227,-87.37854782249177
2014-12-16,0.0,0.12621452177508227,-87.37854782249177
2014-12-17,0.0,0.12621452177508227,-87.37854782249177
2014-12-18,0.0,0.12621452177508227,-87.37854782249177
2014-12-19,0.0,0.12621452177508227,-87.37854782249177
2014-12-22,0.0,0.12621452177508227,-87.37854782249177
2014-12-23,0.0,0.12621452177508227,-87.37854782249177
2014-12-29,0.0,0.12621452177508227,-87.37854782249177
2014-12-30,0.0,0.12621452177508227,-87.37854782249177
2014-12-31,0.0,0.12621452177508227,-87.37854782249177
2015-01-02,0.0,0.12621452177508227,-87.37854782249177
2015-01-05,0.0,0.12621452177508227,-87.37854782249177
2015-01-07,0.0,0.12621452177508227,-87.37854782249177
2015-01-08,0.0,0.12621452177508227,-87.37854782249177
2015-01-09,0.0,0.12621452177508227,-87.37854782249177
2015-01-12,0.0,0.12621452177508227,-87.37854782249177
2015-01-13,0.0,0.12621452177508227,-87.37854782249177
2015-01-14,0.0,0.12621452177508227,-87.37854782249177
2015-01-15,0.0,0.12621452177508227,-87.37854782249177
2015-01-16,0.0,0.12621452177508227,-87.37854782249177
2015-01-19,0.0,0.12621452177508227,-87.37854782249177
2015-01-20,0.0,0.12621452177508227,-87.37854782249177
2015-01-21,0.0,0.12621452177508227,-87.37854782249177
2015-01-22,0.0,0.12621452177508227,-87.37854782249177
2015-01-23,0.0,0.12621452177508227,-87.37854782249177
2015-01-26,0.0,0.12621452177508227,-87.37854782249177
2015-01-27,0.0,0.12621452177508227,-87.37854782249177
2015-01-28,0.0,0.12621452177508227,-87.37854782249177
2015-01-29,0.0,0.12621452177508227,-87.37854782249177
2015-01-30,0.0,0.12621452177508227,-87.37854782249177
2015-02-02,0.0,0.12621452177508227,-87.37854782249177
2015-02-03,0.0,0.12621452177508227,-87.37854782249177
2015-02-04,0.0,0.12621452177508227,-87.37854782249177
2015-02-05,0.0,0.12621452177508227,-87.37854782249177
2015-02-06,0.0,0.12621452177508227,-87.37854782249177
2015-02-09,0.0,0.12621452177508227,-87.37854782249177
2015-02-10,0.0,0.12621452177508227,-87.37854782249177
2015-02-11,0.0,0.12621452177508227,-87.37854782249177
2015-02-12,0.0,0.12621452177508227,-87.37854782249177
2015-02-13,0.0,0.12621452177508227,-87.37854782249177
2015-02-16,0.0,0.12621452177508227,-87.37854782249177
2015-02-17,0.0,0.12621452177508227,-87.37854782249177
2015-02-18,0.0,0.12621452177508227,-87.37854782249177
2015-02-19,0.0,0.12621452177508227,-87.37854782249177
2015-02-20,0.0,0.12621452177508227,-87.37854782249177
2015-02-23,0.0,0.12621452177508227,-87.37854782249177
2015-02-24,0.0,0.12621452177508227,-87.37854782249177
2015-02-25,0.0,0.12621452177508227,-87.37854782249177
2015-02-26,0.0,0.12621452177508227,-87.37854782249177
2015-02-27,0.0,0.12621452177508227,-87.37854782249177
2015-03-02,0.0,0.12621452177508227,-87.37854782249177
2015-03-03,0.0,0.12621452177508227,-87.37854782249177
2015-03-04,0.0,0.12621452177508227,-87.37854782249177
2015-03-05,0.0,0.12621452177508227,-87.37854782249177
2015-03-06,-0.006244444444444443,0.12542638220577565,-87.45736177942244
2015-03-09,-0.024633333333333333,0.12233671232410671,-87.76632876758933
2015-03-10,-0.004977777777777776,0.12172774735609339,-87.82722526439066
2015-03-11,0.0016777777777777776,0.12193197946554638,-87.80680205344537
2015-03-12,0.005366666666666666,0.12258634775534481,-87.74136522446551
2015-03-13,0.0021999999999999993,0.12285603772040657,-87.71439622795934
2015-03-16,-0.0041,0.1223523279657529,-87.76476720342471
2015-03-17,0.0115,0.12375937973735907,-87.6240620262641
2015-03-18,0.000488888888888889,0.12381988432300846,-87.61801156769916
2015-03-19,-0.006800000000000001,0.122977909109612,-87.7022090890388
2015-03-20,-0.028455555555555557,0.11947850438483737,-88.05214956151626
2015-03-23,0.008666666666666668,0.12051398475617262,-87.94860152438274
2015-03-24,0.0,0.12051398475617262,-87.94860152438274
2015-03-25,0.0,0.12051398475617262,-87.94860152438274
2015-03-26,0.0,0.12051398475617262,-87.94860152438274
2015-03-27,0.0,0.12051398475617262,-87.94860152438274
2015-03-30,0.0,0.12051398475617262,-87.94860152438274
2015-03-31,0.0,0.12051398475617262,-87.94860152438274
2015-04-01,0.0,0.12051398475617262,-87.94860152438274
2015-04-02,0.0,0.12051398475617262,-87.94860152438274
2015-04-07,0.0,0.12051398475617262,-87.94860152438274
2015-04-08,0.0,0.12051398475617262,-87.94860152438274
2015-04-09,0.0,0.12051398475617262,-87.94860152438274
2015-04-10,0.0,0.12051398475617262,-87.94860152438274
2015-04-13,0.0,0.12051398475617262,-87.94860152438274
2015-04-14,0.0,0.12051398475617262,-87.94860152438274
2015-04-15,0.0,0.12051398475617262,-87.94860152438274
2015-04-16,0.0,0.12051398475617262,-87.94860152438274
2015-04-17,0.0,0.12051398475617262,-87.94860152438274
2015-04-20,0.0,0.12051398475617262,-87.94860152438274
2015-04-21,0.0,0.12051398475617262,-87.94860152438274
2015-04-22,0.0,0.12051398475617262,-87.94860152438274
2015-04-23,0.0,0.12051398475617262,-87.94860152438274
2015-04-24,0.0,0.12051398475617262,-87.94860152438274
2015-04-27,0.0,0.12051398475617262,-87.94860152438274
2015-04-28,0.0,0.12051398475617262,-87.94860152438274
2015-04-29,0.0,0.12051398475617262,-87.94860152438274
2015-04-30,0.0,0.12051398475617262,-87.94860152438274
2015-05-04,0.0,0.12051398475617262,-87.94860152438274
2015-05-05,0.0,0.12051398475617262,-87.94860152438274
2015-05-06,0.0,0.12051398475617262,-87.94860152438274
2015-05-07,0.0,0.12051398475617262,-87.94860152438274
2015-05-08,0.0,0.12051398475617262,-87.94860152438274
2015-05-11,0.0,0.12051398475617262,-87.94860152438274
2015-05-12,0.0,0.12051398475617262,-87.94860152438274
2015-05-13,0.0,0.12051398475617262,-87.94860152438274
2015-05-14,0.0,0.12051398475617262,-87.94860152438274
2015-05-15,0.0,0.12051398475617262,-87.94860152438274
2015-05-18,0.0,0.12051398475617262,-87.94860152438274
2015-05-19,0.0,0.12051398475617262,-87.94860152438274
2015-05-20,0.0,0.12051398475617262,-87.94860152438274
2015-05-21,0.0,0.12051398475617262,-87.94860152438274
2015-05-22,0.0,0.12051398475617262,-87.94860152438274
2015-05-25,0.0,0.12051398475617262,-87.94860152438274
2015-05-26,0.0,0.12051398475617262,-87.94860152438274
2015-05-27,0.0,0.12051398475617262,-87.94860152438274
2015-05-28,0.0,0.12051398475617262,-87.94860152438274
2015-05-29,0.0,0.12051398475617262,-87.94860152438274
2015-06-01,0.0,0.12051398475617262,-87.94860152438274
2015-06-02,0.0,0.12051398475617262,-87.94860152438274
2015-06-03,0.0,0.12051398475617262,-87.94860152438274
2015-06-05,0.0,0.12051398475617262,-87.94860152438274
2015-06-08,0.0,0.12051398475617262,-87.94860152438274
2015-06-09,0.0,0.12051398475617262,-87.94860152438274
2015-06-10,0.0,0.12051398475617262,-87.94860152438274
2015-06-11,0.0,0.12051398475617262,-87.94860152438274
2015-06-12,0.0,0.12051398475617262,-87.94860152438274
2015-06-15,0.0,0.12051398475617262,-87.94860152438274
2015-06-16,0.0,0.12051398475617262,-87.94860152438274
2015-06-17,0.0,0.12051398475617262,-87.94860152438274
2015-06-18,0.0,0.12051398475617262,-87.94860152438274
2015-06-19,0.0,0.12051398475617262,-87.94860152438274
2015-06-23,0.0,0.12051398475617262,-87.94860152438274
2015-06-24,0.0,0.12051398475617262,-87.94860152438274
2015-06-26,0.0,0.12051398475617262,-87.94860152438274
2015-06-29,0.0,0.12051398475617262,-87.94860152438274
2015-06-30,0.0,0.12051398475617262,-87.94860152438274
2015-07-01,0.0,0.12051398475617262,-87.94860152438274
2015-07-02,0.0,0.12051398475617262,-87.94860152438274
2015-07-03,0.0,0.12051398475617262,-87.94860152438274
2015-07-06,0.0,0.12051398475617262,-87.94860152438274
2015-07-07,0.0,0.12051398475617262,-87.94860152438274
2015-07-08,0.0,0.12051398475617262,-87.94860152438274
2015-07-09,0.0,0.12051398475617262,-87.94860152438274
2015-07-10,0.0,0.12051398475617262,-87.94860152438274
2015-07-13,0.0,0.12051398475617262,-87.94860152438274
2015-07-14,0.0,0.12051398475617262,-87.94860152438274
2015-07-15,0.0,0.12051398475617262,-87.94860152438274
2015-07-16,0.0,0.12051398475617262,-87.94860152438274
2015-07-17,0.0,0.12051398475617262,-87.94860152438274
2015-07-20,0.0,0.12051398475617262,-87.94860152438274
2015-07-21,0.0,0.12051398475617262,-87.94860152438274
2015-07-22,0.0,0.12051398475617262,-87.94860152438274
2015-07-23,0.0,0.12051398475617262,-87.94860152438274
2015-07-24,0.0,0.12051398475617262,-87.94860152438274
2015-07-27,0.0,0.12051398475617262,-87.94860152438274
2015-07-28,0.0,0.12051398475617262,-87.94860152438274
2015-07-29,0.0,0.12051398475617262,-87.94860152438274
2015-07-30,0.0,0.12051398475617262,-87.94860152438274
2015-07-31,0.0,0.12051398475617262,-87.94860152438274
2015-08-03,0.0,0.12051398475617262,-87.94860152438274
2015-08-04,0.0,0.12051398475617262,-87.94860152438274
2015-08-06,0.0,0.12051398475617262,-87.94860152438274
2015-08-07,0.0,0.12051398475617262,-87.94860152438274
2015-08-10,0.0,0.12051398475617262,-87.94860152438274
2015-08-11,0.0,0.12051398475617262,-87.94860152438274
2015-08-12,0.0,0.12051398475617262,-87.94860152438274
2015-08-13,0.0,0.12051398475617262,-87.94860152438274
2015-08-14,0.0,0.12051398475617262,-87.94860152438274
2015-08-17,0.0,0.12051398475617262,-87.94860152438274
2015-08-18,0.0,0.12051398475617262,-87.94860152438274
2015-08-19,0.0,0.12051398475617262,-87.94860152438274
2015-08-20,0.0,0.12051398475617262,-87.94860152438274
2015-08-21,0.0,0.12051398475617262,-87.94860152438274
2015-08-24,0.0,0.12051398475617262,-87.94860152438274
2015-08-25,0.0,0.12051398475617262,-87.94860152438274
2015-08-26,0.0,0.12051398475617262,-87.94860152438274
2015-08-27,0.0,0.12051398475617262,-87.94860152438274
2015-08-28,0.0,0.12051398475617262,-87.94860152438274
2015-08-31,0.0,0.12051398475617262,-87.94860152438274
2015-09-01,0.0,0.12051398475617262,-87.94860152438274
2015-09-02,0.0,0.12051398475617262,-87.94860152438274
2015-09-03,0.0,0.12051398475617262,-87.94860152438274
2015-09-04,0.003514285714285715,0.1209375053311729,-87.90624946688271
2015-09-07,0.0005428571428571427,0.12100315711978125,-87.89968428802187
2015-09-08,-0.006242857142857143,0.12024775169604776,-87.97522483039522
2015-09-09,0.004028571428571428,0.12073217835288041,-87.92678216471195
2015-09-10,-0.0009428571428571429,0.1206183451561477,-87.93816548438524
2015-09-11,0.024785714285714286,0.12360795699680363,-87.63920430031963
2015-09-14,-0.004542857142857144,0.12304642370644672,-87.69535762935533
2015-09-15,-0.005485714285714286,0.12237142618211422,-87.76285738178858
2015-09-16,0.005071428571428571,0.12299202412918066,-87.70079758708194
2015-09-17,-0.007928571428571429,0.12201687308072787,-87.79831269192722
2015-09-18,-0.02107142857142857,0.11944580325509825,-88.05541967449018
2015-09-21,-0.006685714285714286,0.11864722274190702,-88.1352777258093
2015-09-22,0.0,0.11864722274190702,-88.1352777258093
2015-09-23,0.0,0.11864722274190702,-88.1352777258093
2015-09-24,0.0,0.11864722274190702,-88.1352777258093
2015-09-25,0.0,0.11864722274190702,-88.1352777258093
2015-09-28,0.0,0.11864722274190702,-88.1352777258093
2015-09-29,0.0,0.11864722274190702,-88.1352777258093
2015-09-30,0.0,0.11864722274190702,-88.1352777258093
2015-10-01,0.0,0.11864722274190702,-88.1352777258093
2015-10-02,0.0,0.11864722274190702,-88.1352777258093
2015-10-05,0.0,0.11864722274190702,-88.1352777258093
2015-10-06,0.0,0.11864722274190702,-88.1352777258093
2015-10-07,0.0,0.11864722274190702,-88.1352777258093
2015-10-09,0.0,0.11864722274190702,-88.1352777258093
2015-10-12,0.0,0.11864722274190702,-88.1352777258093
2015-10-13,0.0,0.11864722274190702,-88.1352777258093
2015-10-14,0.0,0.11864722274190702,-88.1352777258093
2015-10-15,0.0,0.11864722274190702,-88.1352777258093
2015-10-16,0.0,0.11864722274190702,-88.1352777258093
2015-10-19,0.0,0.11864722274190702,-88.1352777258093
2015-10-20,0.0,0.11864722274190702,-88.1352777258093
2015-10-21,0.0,0.11864722274190702,-88.1352777258093
2015-10-22,0.0,0.11864722274190702,-88.1352777258093
2015-10-23,0.0,0.11864722274190702,-88.1352777258093
2015-10-26,0.0,0.11864722274190702,-88.1352777258093
2015-10-27,0.0,0.11864722274190702,-88.1352777258093
2015-10-28,0.0,0.11864722274190702,-88.1352777258093
2015-10-29,0.0,0.11864722274190702,-88.1352777258093
2015-10-30,0.0,0.11864722274190702,-88.1352777258093
2015-11-02,0.0,0.11864722274190702,-88.1352777258093
2015-11-03,0.0,0.11864722274190702,-88.1352777258093
2015-11-04,0.0,0.11864722274190702,-88.1352777258093
2015-11-05,0.0,0.11864722274190702,-88.1352777258093
2015-11-06,0.0,0.11864722274190702,-88.1352777258093
2015-11-09,0.0,0.11864722274190702,-88.1352777258093
2015-11-10,0.0,0.11864722274190702,-88.1352777258093
2015-11-11,0.0,0.11864722274190702,-88.1352777258093
2015-11-12,0.0,0.11864722274190702,-88.1352777258093
2015-11-13,0.0,0.11864722274190702,-88.1352777258093
2015-11-16,0.0,0.11864722274190702,-88.1352777258093
2015-11-17,0.0,0.11864722274190702,-88.1352777258093
2015-11-18,0.0,0.11864722274190702,-88.1352777258093
2015-11-19,0.0,0.11864722274190702,-88.1352777258093
2015-11-20,0.0,0.11864722274190702,-88.1352777258093
2015-11-23,0.0,0.11864722274190702,-88.1352777258093
2015-11-24,0.0,0.11864722274190702,-88.1352777258093
2015-11-25,0.0,0.11864722274190702,-88.1352777258093
2015-11-26,0.0,0.11864722274190702,-88.1352777258093
2015-11-27,0.0,0.11864722274190702,-88.1352777258093
2015-11-30,0.0,0.11864722274190702,-88.1352777258093
2015-12-01,0.0,0.11864722274190702,-88.1352777258093
2015-12-02,0.0,0.11864722274190702,-88.1352777258093
2015-12-03,0.0,0.11864722274190702,-88.1352777258093
2015-12-04,0.0,0.11864722274190702,-88.1352777258093
2015-12-07,0.0,0.11864722274190702,-88.1352777258093
2015-12-08,0.0,0.11864722274190702,-88.1352777258093
2015-12-09,0.0,0.11864722274190702,-88.1352777258093
2015-12-10,0.0,0.11864722274190702,-88.1352777258093
2015-12-11,0.0,0.11864722274190702,-88.1352777258093
2015-12-14,0.0,0.11864722274190702,-88.1352777258093
2015-12-15,0.0,0.11864722274190702,-88.1352777258093
2015-12-16,0.0,0.11864722274190702,-88.1352777258093
2015-12-17,0.0,0.11864722274190702,-88.1352777258093
2015-12-18,0.0,0.11864722274190702,-88.1352777258093
2015-12-21,0.0,0.11864722274190702,-88.1352777258093
2015-12-22,0.0,0.11864722274190702,-88.1352777258093
2015-12-23,0.0,0.11864722274190702,-88.1352777258093
2015-12-28,0.0,0.11864722274190702,-88.1352777258093
2015-12-29,0.0,0.11864722274190702,-88.1352777258093
2015-12-30,0.0,0.11864722274190702,-88.1352777258093
2016-01-04,0.0,0.11864722274190702,-88.1352777258093
2016-01-05,0.0,0.11864722274190702,-88.1352777258093
2016-01-07,0.0,0.11864722274190702,-88.1352777258093
2016-01-08,0.0,0.11864722274190702,-88.1352777258093
2016-01-11,0.0,0.11864722274190702,-88.1352777258093
2016-01-12,0.0,0.11864722274190702,-88.1352777258093
2016-01-13,0.0,0.11864722274190702,-88.1352777258093
2016-01-14,0.0,0.11864722274190702,-88.1352777258093
2016-01-15,0.0,0.11864722274190702,-88.1352777258093
2016-01-18,0.0,0.11864722274190702,-88.1352777258093
2016-01-19,0.0,0.11864722274190702,-88.1352777258093
2016-01-20,-0.1151,0.10499092740431352,-89.50090725956865
2016-01-21,0.069,0.11223530139521115,-88.7764698604789
2016-01-22,-0.0372,0.10806014818330929,-89.19398518166906
2016-01-25,0.0,0.10806014818330929,-89.19398518166906
2016-01-26,0.0,0.10806014818330929,-89.19398518166906
2016-01-27,0.0,0.10806014818330929,-89.19398518166906
2016-01-28,0.0,0.10806014818330929,-89.19398518166906
2016-01-29,0.0,0.10806014818330929,-89.19398518166906
2016-02-01,0.0,0.10806014818330929,-89.19398518166906
2016-02-02,0.0,0.10806014818330929,-89.19398518166906
2016-02-03,0.0,0.10806014818330929,-89.19398518166906
2016-02-04,0.0,0.10806014818330929,-89.19398518166906
2016-02-05,0.0,0.10806014818330929,-89.19398518166906
2016-02-08,0.0,0.10806014818330929,-89.19398518166906
2016-02-09,0.0,0.10806014818330929,-89.19398518166906
2016-02-10,0.0,0.10806014818330929,-89.19398518166906
2016-02-11,0.0,0.10806014818330929,-89.19398518166906
2016-02-12,0.0,0.10806014818330929,-89.19398518166906
2016-02-15,0.0,0.10806014818330929,-89.19398518166906
2016-02-16,0.0,0.10806014818330929,-89.19398518166906
2016-02-17,0.0,0.10806014818330929,-89.19398518166906
2016-02-18,0.0,0.10806014818330929,-89.19398518166906
2016-02-19,0.0,0.10806014818330929,-89.19398518166906
2016-02-22,0.0,0.10806014818330929,-89.19398518166906
2016-02-23,0.0,0.10806014818330929,-89.19398518166906
2016-02-24,0.0,0.10806014818330929,-89.19398518166906
2016-02-25,0.0,0.10806014818330929,-89.19398518166906
2016-02-26,0.0,0.10806014818330929,-89.19398518166906
2016-02-29,0.0,0.10806014818330929,-89.19398518166906
2016-03-01,0.0,0.10806014818330929,-89.19398518166906
2016-03-02,0.0,0.10806014818330929,-89.19398518166906
2016-03-03,-0.0037666666666666664,0.10765312162515216,-89.23468783748478
2016-03-04,0.010299999999999998,0.10876194877789122,-89.12380512221088
2016-03-07,-0.030166666666666668,0.1054809633230915,-89.45190366769084
2016-03-08,-0.041433333333333336,0.10111053540940473,-89.88894645905953
2016-03-09,0.019533333333333333,0.10308556120106845,-89.69144387989316
2016-03-10,-0.019200000000000002,0.10110631842600794,-89.8893681573992
2016-03-11,-0.0028333333333333335,0.10081985052380091,-89.91801494761991
2016-03-14,0.029900000000000003,0.10383436405446256,-89.61656359455374
2016-03-15,-0.049,0.0987464802157939,-90.12535197842061
2016-03-16,-0.0063999999999999994,0.09811450274241282,-90.18854972575872
2016-03-17,-0.03266666666666667,0.09490942898616067,-90.50905710138393
2016-03-18,-0.001899999999999999,0.09472910107108697,-90.5270898928913
2016-03-21,0.014400000000000001,0.09609320012651061,-90.39067998734895
2016-03-22,0.0,0.09609320012651061,-90.39067998734895
2016-03-23,0.0,0.09609320012651061,-90.39067998734895
2016-03-24,0.0,0.09609320012651061,-90.39067998734895
2016-03-29,0.0,0.09609320012651061,-90.39067998734895
2016-03-30,0.0,0.09609320012651061,-90.39067998734895
2016-03-31,0.0,0.09609320012651061,-90.39067998734895
2016-04-01,0.0,0.09609320012651061,-90.39067998734895
2016-04-04,0.0,0.09609320012651061,-90.39067998734895
2016-04-05,0.0,0.09609320012651061,-90.39067998734895
2016-04-06,0.0,0.09609320012651061,-90.39067998734895
2016-04-07,0.0,0.09609320012651061,-90.39067998734895
2016-04-08,0.0,0.09609320012651061,-90.39067998734895
2016-04-11,0.0,0.09609320012651061,-90.39067998734895
2016-04-12,0.0,0.09609320012651061,-90.39067998734895
2016-04-13,0.0,0.09609320012651061,-90.39067998734895
2016-04-14,0.0,0.09609320012651061,-90.39067998734895
2016-04-15,0.0,0.09609320012651061,-90.39067998734895
2016-04-18,0.0,0.09609320012651061,-90.39067998734895
2016-04-19,0.0,0.09609320012651061,-90.39067998734895
2016-04-20,0.0,0.09609320012651061,-90.39067998734895
2016-04-21,0.0,0.09609320012651061,-90.39067998734895
2016-04-22,0.0,0.09609320012651061,-90.39067998734895
2016-04-25,0.0,0.09609320012651061,-90.39067998734895
2016-04-26,0.0,0.09609320012651061,-90.39067998734895
2016-04-27,0.0,0.09609320012651061,-90.39067998734895
2016-04-28,0.0,0.09609320012651061,-90.39067998734895
2016-04-29,0.0,0.09609320012651061,-90.39067998734895
2016-05-02,0.0,0.09609320012651061,-90.39067998734895
2016-05-03,0.0,0.09609320012651061,-90.39067998734895
2016-05-04,0.0,0.09609320012651061,-90.39067998734895
2016-05-05,0.0,0.09609320012651061,-90.39067998734895
2016-05-06,0.0,0.09609320012651061,-90.39067998734895
2016-05-09,0.0,0.09609320012651061,-90.39067998734895
2016-05-10,0.0,0.09609320012651061,-90.39067998734895
2016-05-11,0.0,0.09609320012651061,-90.39067998734895
2016-05-12,0.0,0.09609320012651061,-90.39067998734895
2016-05-13,0.0,0.09609320012651061,-90.39067998734895
2016-05-16,0.0,0.09609320012651061,-90.39067998734895
2016-05-17,0.0,0.09609320012651061,-90.39067998734895
2016-05-18,0.0,0.09609320012651061,-90.39067998734895
2016-05-19,0.0,0.09609320012651061,-90.39067998734895
2016-05-20,0.0,0.09609320012651061,-90.39067998734895
2016-05-23,0.0,0.09609320012651061,-90.39067998734895
2016-05-24,0.0,0.09609320012651061,-90.39067998734895
2016-05-25,0.0,0.09609320012651061,-90.39067998734895
2016-05-27,0.0,0.09609320012651061,-90.39067998734895
2016-05-30,0.0,0.09609320012651061,-90.39067998734895
2016-05-31,0.0,0.09609320012651061,-90.39067998734895
2016-06-01,0.0,0.09609320012651061,-90.39067998734895
2016-06-02,0.0,0.09609320012651061,-90.39067998734895
2016-06-03,0.0,0.09609320012651061,-90.39067998734895
2016-06-06,0.0,0.09609320012651061,-90.39067998734895
2016-06-07,0.0,0.09609320012651061,-90.39067998734895
2016-06-08,0.0,0.09609320012651061,-90.39067998734895
2016-06-09,0.0,0.09609320012651061,-90.39067998734895
2016-06-10,0.0,0.09609320012651061,-90.39067998734895
2016-06-13,0.0,0.09609320012651061,-90.39067998734895
2016-06-14,0.0,0.09609320012651061,-90.39067998734895
2016-06-15,0.0,0.09609320012651061,-90.39067998734895
2016-06-16,0.0,0.09609320012651061,-90.39067998734895
2016-06-17,0.0,0.09609320012651061,-90.39067998734895
2016-06-20,0.0,0.09609320012651061,-90.39067998734895
2016-06-21,0.0,0.09609320012651061,-90.39067998734895
2016-06-23,0.0,0.09609320012651061,-90.39067998734895
2016-06-24,0.0,0.09609320012651061,-90.39067998734895
2016-06-27,0.0,0.09609320012651061,-90.39067998734895
2016-06-28,0.0,0.09609320012651061,-90.39067998734895
2016-06-29,0.0,0.09609320012651061,-90.39067998734895
2016-06-30,0.0,0.09609320012651061,-90.39067998734895
2016-07-01,0.0,0.09609320012651061,-90.39067998734895
2016-07-04,0.0,0.09609320012651061,-90.39067998734895
2016-07-05,0.0,0.09609320012651061,-90.39067998734895
2016-07-06,0.0,0.09609320012651061,-90.39067998734895
2016-07-07,0.0,0.09609320012651061,-90.39067998734895
2016-07-08,0.0,0.09609320012651061,-90.39067998734895
2016-07-11,0.0,0.09609320012651061,-90.39067998734895
2016-07-12,0.0,0.09609320012651061,-90.39067998734895
2016-07-13,0.0,0.09609320012651061,-90.39067998734895
2016-07-14,0.0,0.09609320012651061,-90.39067998734895
2016-07-15,0.0,0.09609320012651061,-90.39067998734895
2016-07-18,0.0,0.09609320012651061,-90.39067998734895
2016-07-19,0.0,0.09609320012651061,-90.39067998734895
2016-07-20,0.0,0.09609320012651061,-90.39067998734895
2016-07-21,0.0,0.09609320012651061,-90.39067998734895
2016-07-22,0.0,0.09609320012651061,-90.39067998734895
2016-07-25,0.0,0.09609320012651061,-90.39067998734895
2016-07-26,0.0,0.09609320012651061,-90.39067998734895
2016-07-27,0.0,0.09609320012651061,-90.39067998734895
2016-07-28,0.0,0.09609320012651061,-90.39067998734895
2016-07-29,0.0,0.09609320012651061,-90.39067998734895
2016-08-01,0.0,0.09609320012651061,-90.39067998734895
2016-08-02,0.0,0.09609320012651061,-90.39067998734895
2016-08-03,0.0,0.09609320012651061,-90.39067998734895
2016-08-04,0.0,0.09609320012651061,-90.39067998734895
2016-08-08,0.0,0.09609320012651061,-90.39067998734895
2016-08-09,0.0,0.09609320012651061,-90.39067998734895
2016-08-10,0.0,0.09609320012651061,-90.39067998734895
2016-08-11,0.0,0.09609320012651061,-90.39067998734895
2016-08-12,0.0,0.09609320012651061,-90.39067998734895
2016-08-16,0.0,0.09609320012651061,-90.39067998734895
2016-08-17,0.0,0.09609320012651061,-90.39067998734895
2016-08-18,0.0,0.09609320012651061,-90.39067998734895
2016-08-19,0.0,0.09609320012651061,-90.39067998734895
2016-08-22,0.0,0.09609320012651061,-90.39067998734895
2016-08-23,0.0,0.09609320012651061,-90.39067998734895
2016-08-24,0.0,0.09609320012651061,-90.39067998734895
2016-08-25,0.0,0.09609320012651061,-90.39067998734895
2016-08-26,0.0,0.09609320012651061,-90.39067998734895
2016-08-29,0.0,0.09609320012651061,-90.39067998734895
2016-08-30,0.0,0.09609320012651061,-90.39067998734895
2016-08-31,0.0,0.09609320012651061,-90.39067998734895
2016-09-01,0.0,0.09609320012651061,-90.39067998734895
2016-09-02,0.0,0.09609320012651061,-90.39067998734895
2016-09-05,0.0,0.09609320012651061,-90.39067998734895
2016-09-06,0.0,0.09609320012651061,-90.39067998734895
2016-09-07,0.0,0.09609320012651061,-90.39067998734895
2016-09-08,-0.0028,0.09582413916615638,-90.41758608338436
2016-09-09,0.00455,0.0962601389993624,-90.37398610006376
2016-09-12,-0.01345,0.09496544012982097,-90.5034559870179
2016-09-13,0.01685,0.09656560779600845,-90.34343922039916
2016-09-14,0.00165,0.09672494104887186,-90.32750589511281
2016-09-15,0.01935,0.09859656865816753,-90.14034313418324
2016-09-16,0.0017,0.09876418282488642,-90.12358171751136
2016-09-19,0.0081,0.09956417270576799,-90.04358272942319
2016-09-20,0.0,0.09956417270576799,-90.04358272942319
2016-09-21,0.0,0.09956417270576799,-90.04358272942319
2016-09-22,0.0,0.09956417270576799,-90.04358272942319
2016-09-23,0.0,0.09956417270576799,-90.04358272942319
2016-09-26,0.0,0.09956417270576799,-90.04358272942319
2016-09-27,0.0,0.09956417270576799,-90.04358272942319
2016-09-28,0.0,0.09956417270576799,-90.04358272942319
2016-09-29,0.0,0.09956417270576799,-90.04358272942319
2016-09-30,0.0,0.09956417270576799,-90.04358272942319
2016-10-03,0.0,0.09956417270576799,-90.04358272942319
2016-10-04,0.0,0.09956417270576799,-90.04358272942319
2016-10-05,0.0,0.09956417270576799,-90.04358272942319
2016-10-06,0.0,0.09956417270576799,-90.04358272942319
2016-10-07,0.0,0.09956417270576799,-90.04358272942319
2016-10-10,0.0,0.09956417270576799,-90.04358272942319
2016-10-11,0.0,0.09956417270576799,-90.04358272942319
2016-10-12,0.0,0.09956417270576799,-90.04358272942319
2016-10-13,0.0,0.09956417270576799,-90.04358272942319
2016-10-14,0.0,0.09956417270576799,-90.04358272942319
2016-10-17,0.0,0.09956417270576799,-90.04358272942319
2016-10-18,0.0,0.09956417270576799,-90.04358272942319
2016-10-19,0.0,0.09956417270576799,-90.04358272942319
2016-10-20,0.0,0.09956417270576799,-90.04358272942319
2016-10-21,0.0,0.09956417270576799,-90.04358272942319
2016-10-24,0.0,0.09956417270576799,-90.04358272942319
2016-10-25,0.0,0.09956417270576799,-90.04358272942319
2016-10-26,0.0,0.09956417270576799,-90.04358272942319
2016-10-27,0.0,0.09956417270576799,-90.04358272942319
2016-10-28,0.0,0.09956417270576799,-90.04358272942319
2016-10-31,0.0,0.09956417270576799,-90.04358272942319
2016-11-02,0.0,0.09956417270576799,-90.04358272942319
2016-11-03,0.0,0.09956417270576799,-90.04358272942319
2016-11-04,0.0,0.09956417270576799,-90.04358272942319
2016-11-07,0.0,0.09956417270576799,-90.04358272942319
2016-11-08,0.0,0.09956417270576799,-90.04358272942319
2016-11-09,0.0,0.09956417270576799,-90.04358272942319
2016-11-10,-0.0208,0.09749323791348802,-90.25067620865119
2016-11-11,0.0128,0.09874115135878066,-90.12588486412193
2016-11-14,-0.0114,0.09761550223329056,-90.23844977667095
2016-11-15,0.0085,0.09844523400227352,-90.15547659977264
2016-11-16,0.0051,0.09894730469568512,-90.10526953043149
2016-11-17,0.0,0.09894730469568512,-90.10526953043149
2016-11-18,0.0,0.09894730469568512,-90.10526953043149
2016-11-21,0.0127,0.10020393546532032,-89.97960645346797
2016-11-22,0.0,0.10020393546532032,-89.97960645346797
2016-11-23,0.0,0.10020393546532032,-89.97960645346797
2016-11-24,0.0,0.10020393546532032,-89.97960645346797
2016-11-25,0.0,0.10020393546532032,-89.97960645346797
2016-11-28,0.0,0.10020393546532032,-89.97960645346797
2016-11-29,0.0,0.10020393546532032,-89.97960645346797
2016-11-30,0.0,0.10020393546532032,-89.97960645346797
2016-12-01,0.0,0.10020393546532032,-89.97960645346797
2016-12-02,0.0,0.10020393546532032,-89.97960645346797
2016-12-05,0.0,0.10020393546532032,-89.97960645346797
2016-12-06,0.0,0.10020393546532032,-89.97960645346797
2016-12-07,0.0,0.10020393546532032,-89.97960645346797
2016-12-08,0.0,0.10020393546532032,-89.97960645346797
2016-12-09,0.0,0.10020393546532032,-89.97960645346797
2016-12-12,0.0,0.10020393546532032,-89.97960645346797
2016-12-13,0.0,0.10020393546532032,-89.97960645346797
2016-12-14,0.0,0.10020393546532032,-89.97960645346797
2016-12-15,0.0,0.10020393546532032,-89.97960645346797
2016-12-16,0.0,0.10020393546532032,-89.97960645346797
2016-12-19,0.0,0.10020393546532032,-89.97960645346797
2016-12-20,0.0,0.10020393546532032,-89.97960645346797
2016-12-21,0.0,0.10020393546532032,-89.97960645346797
2016-12-22,0.0,0.10020393546532032,-89.97960645346797
2016-12-23,0.0,0.10020393546532032,-89.97960645346797
2016-12-27,0.0,0.10020393546532032,-89.97960645346797
2016-12-28,0.0,0.10020393546532032,-89.97960645346797
2016-12-29,0.0,0.10020393546532032,-89.97960645346797
2016-12-30,0.0,0.10020393546532032,-89.97960645346797
2017-01-02,0.0,0.10020393546532032,-89.97960645346797
2017-01-03,0.0,0.10020393546532032,-89.97960645346797
2017-01-04,0.0,0.10020393546532032,-89.97960645346797
2017-01-05,0.0,0.10020393546532032,-89.97960645346797
2017-01-09,0.0,0.10020393546532032,-89.97960645346797
2017-01-10,0.0,0.10020393546532032,-89.97960645346797
2017-01-11,0.0,0.10020393546532032,-89.97960645346797
2017-01-12,0.0,0.10020393546532032,-89.97960645346797
2017-01-13,0.0,0.10020393546532032,-89.97960645346797
2017-01-16,0.0,0.10020393546532032,-89.97960645346797
2017-01-17,0.0,0.10020393546532032,-89.97960645346797
2017-01-18,0.0,0.10020393546532032,-89.97960645346797
2017-01-19,0.0,0.10020393546532032,-89.97960645346797
2017-01-20,0.0,0.10020393546532032,-89.97960645346797
2017-01-23,0.0,0.10020393546532032,-89.97960645346797
2017-01-24,0.0,0.10020393546532032,-89.97960645346797
2017-01-25,0.0,0.10020393546532032,-89.97960645346797
2017-01-26,0.0,0.10020393546532032,-89.97960645346797
2017-01-27,0.0,0.10020393546532032,-89.97960645346797
2017-01-30,0.0,0.10020393546532032,-89.97960645346797
2017-01-31,0.0,0.10020393546532032,-89.97960645346797
2017-02-01,0.0,0.10020393546532032,-89.97960645346797
2017-02-02,0.0,0.10020393546532032,-89.97960645346797
2017-02-03,0.0,0.10020393546532032,-89.97960645346797
2017-02-06,0.0,0.10020393546532032,-89.97960645346797
2017-02-07,0.0,0.10020393546532032,-89.97960645346797
2017-02-08,0.0,0.10020393546532032,-89.97960645346797
2017-02-09,0.0,0.10020393546532032,-89.97960645346797
2017-02-10,0.0,0.10020393546532032,-89.97960645346797
2017-02-13,0.0,0.10020393546532032,-89.97960645346797
2017-02-14,0.0,0.10020393546532032,-89.97960645346797
2017-02-15,0.0,0.10020393546532032,-89.97960645346797
2017-02-16,0.0,0.10020393546532032,-89.97960645346797
2017-02-17,0.0,0.10020393546532032,-89.97960645346797
2017-02-20,0.0,0.10020393546532032,-89.97960645346797
2017-02-21,0.0,0.10020393546532032,-89.97960645346797
2017-02-22,0.0,0.10020393546532032,-89.97960645346797
2017-02-23,0.0,0.10020393546532032,-89.97960645346797
2017-02-24,0.0,0.10020393546532032,-89.97960645346797
2017-02-27,0.0,0.10020393546532032,-89.97960645346797
2017-02-28,0.0,0.10020393546532032,-89.97960645346797
2017-03-01,0.0,0.10020393546532032,-89.97960645346797
2017-03-02,0.0,0.10020393546532032,-89.97960645346797
2017-03-03,0.0,0.10020393546532032,-89.97960645346797
2017-03-06,0.004525,0.10065735827330088,-89.93426417266991
2017-03-07,-0.011375,0.09951238082294209,-90.04876191770579
2017-03-08,0.01235,0.10074135872610543,-89.92586412738946
2017-03-09,-0.012424999999999999,0.09948964734393356,-90.05103526560664
2017-03-10,0.00025,0.09951451975576955,-90.04854802442304
2017-03-13,-0.00435,0.09908163159483196,-90.0918368405168
2017-03-14,-0.0032,0.0987645703737285,-90.12354296262714
2017-03-15,-0.008199999999999999,0.09795470089666393,-90.2045299103336
2017-03-16,0.0082,0.09875792944401657,-90.12420705559833
2017-03-17,-0.00905,0.09786417018254821,-90.21358298174518
2017-03-20,0.003325,0.09818956854840519,-90.18104314515948
2017-03-21,0.0,0.09818956854840519,-90.18104314515948
2017-03-22,0.0,0.09818956854840519,-90.18104314515948
2017-03-23,0.0,0.09818956854840519,-90.18104314515948
2017-03-24,0.0,0.09818956854840519,-90.18104314515948
2017-03-27,0.0,0.09818956854840519,-90.18104314515948
2017-03-28,0.0,0.09818956854840519,-90.18104314515948
2017-03-29,0.0,0.09818956854840519,-90.18104314515948
2017-03-30,0.0,0.09818956854840519,-90.18104314515948
2017-03-31,0.0,0.09818956854840519,-90.18104314515948
2017-04-03,0.0,0.09818956854840519,-90.18104314515948
2017-04-04,0.0,0.09818956854840519,-90.18104314515948
2017-04-05,0.0,0.09818956854840519,-90.18104314515948
2017-04-06,0.0,0.09818956854840519,-90.18104314515948
2017-04-07,0.0,0.09818956854840519,-90.18104314515948
2017-04-10,0.0,0.09818956854840519,-90.18104314515948
2017-04-11,0.0,0.09818956854840519,-90.18104314515948
2017-04-12,0.0,0.09818956854840519,-90.18104314515948
2017-04-13,0.0,0.09818956854840519,-90.18104314515948
2017-04-18,0.0,0.09818956854840519,-90.18104314515948
2017-04-19,0.0,0.09818956854840519,-90.18104314515948
2017-04-20,0.0,0.09818956854840519,-90.18104314515948
2017-04-21,0.0,0.09818956854840519,-90.18104314515948
2017-04-24,0.0,0.09818956854840519,-90.18104314515948
2017-04-25,0.0,0.09818956854840519,-90.18104314515948
2017-04-26,0.0,0.09818956854840519,-90.18104314515948
2017-04-27,0.0,0.09818956854840519,-90.18104314515948
2017-04-28,0.0,0.09818956854840519,-90.18104314515948
2017-05-02,0.0,0.09818956854840519,-90.18104314515948
2017-05-03,0.0,0.09818956854840519,-90.18104314515948
2017-05-04,0.0,0.09818956854840519,-90.18104314515948
2017-05-05,0.0,0.09818956854840519,-90.18104314515948
2017-05-08,0.0,0.09818956854840519,-90.18104314515948
2017-05-09,0.0,0.09818956854840519,-90.18104314515948
2017-05-10,0.0,0.09818956854840519,-90.18104314515948
2017-05-11,0.0,0.09818956854840519,-90.18104314515948
2017-05-12,0.0,0.09818956854840519,-90.18104314515948
2017-05-15,0.0,0.09818956854840519,-90.18104314515948
2017-05-16,0.0,0.09818956854840519,-90.18104314515948
2017-05-17,0.0,0.09818956854840519,-90.18104314515948
2017-05-18,0.0,0.09818956854840519,-90.18104314515948
2017-05-19,0.0,0.09818956854840519,-90.18104314515948
2017-05-22,0.0,0.09818956854840519,-90.18104314515948
2017-05-23,0.0,0.09818956854840519,-90.18104314515948
2017-05-24,0.0,0.09818956854840519,-90.18104314515948
2017-05-25,0.0,0.09818956854840519,-90.18104314515948
2017-05-26,0.0,0.09818956854840519,-90.18104314515948
2017-05-29,0.0,0.09818956854840519,-90.18104314515948
2017-05-30,0.0,0.09818956854840519,-90.18104314515948
2017-05-31,0.0,0.09818956854840519,-90.18104314515948
2017-06-01,0.0,0.09818956854840519,-90.18104314515948
2017-06-02,0.0,0.09818956854840519,-90.18104314515948
2017-06-05,0.0,0.09818956854840519,-90.18104314515948
2017-06-06,0.0,0.09818956854840519,-90.18104314515948
2017-06-07,0.0,0.09818956854840519,-90.18104314515948
2017-06-08,0.0,0.09818956854840519,-90.18104314515948
2017-06-09,0.0644,0.10451297676292248,-89.54870232370776
2017-06-12,0.0945,0.11438945306701866,-88.56105469329813
2017-06-13,0.236,0.14138536399083507,-85.8614636009165
2017-06-14,0.0837,0.15321931895686794,-84.67806810431321
2017-06-16,-0.021,0.1500017132587737,-84.99982867412264
2017-06-19,-0.0411,0.1438366428438381,-85.61633571561619
2017-06-20,0.0,0.1438366428438381,-85.61633571561619
2017-06-21,0.0,0.1438366428438381,-85.61633571561619
2017-06-23,0.0,0.1438366428438381,-85.61633571561619
2017-06-26,0.0,0.1438366428438381,-85.61633571561619
2017-06-27,0.0,0.1438366428438381,-85.61633571561619
2017-06-28,0.0,0.1438366428438381,-85.61633571561619
2017-06-29,0.0,0.1438366428438381,-85.61633571561619
2017-06-30,0.0,0.1438366428438381,-85.61633571561619
2017-07-03,0.0,0.1438366428438381,-85.61633571561619
2017-07-04,0.0,0.1438366428438381,-85.61633571561619
2017-07-05,0.0,0.1438366428438381,-85.61633571561619
2017-07-06,0.0,0.1438366428438381,-85.61633571561619
2017-07-07,0.0,0.1438366428438381,-85.61633571561619
2017-07-10,0.0,0.1438366428438381,-85.61633571561619
2017-07-11,0.0,0.1438366428438381,-85.61633571561619
2017-07-12,0.0,0.1438366428438381,-85.61633571561619
2017-07-13,0.0,0.1438366428438381,-85.61633571561619
2017-07-14,0.0,0.1438366428438381,-85.61633571561619
2017-07-17,0.0,0.1438366428438381,-85.61633571561619
2017-07-18,0.0,0.1438366428438381,-85.61633571561619
2017-07-19,0.0,0.1438366428438381,-85.61633571561619
2017-07-20,0.0,0.1438366428438381,-85.61633571561619
2017-07-21,0.0,0.1438366428438381,-85.61633571561619
2017-07-24,0.0,0.1438366428438381,-85.61633571561619
2017-07-25,0.0,0.1438366428438381,-85.61633571561619
2017-07-26,0.0,0.1438366428438381,-85.61633571561619
2017-07-27,0.0,0.1438366428438381,-85.61633571561619
2017-07-28,0.0,0.1438366428438381,-85.61633571561619
2017-07-31,0.0,0.1438366428438381,-85.61633571561619
2017-08-01,0.0,0.1438366428438381,-85.61633571561619
2017-08-02,0.0,0.1438366428438381,-85.61633571561619
2017-08-03,0.0,0.1438366428438381,-85.61633571561619
2017-08-04,0.0,0.1438366428438381,-85.61633571561619
2017-08-07,0.0,0.1438366428438381,-85.61633571561619
2017-08-08,0.0,0.1438366428438381,-85.61633571561619
2017-08-09,0.0,0.1438366428438381,-85.61633571561619
2017-08-10,0.0,0.1438366428438381,-85.61633571561619
2017-08-11,0.0,0.1438366428438381,-85.61633571561619
2017-08-14,0.0,0.1438366428438381,-85.61633571561619
2017-08-16,0.0,0.1438366428438381,-85.61633571561619
2017-08-17,0.0,0.1438366428438381,-85.61633571561619
2017-08-18,0.0,0.1438366428438381,-85.61633571561619
2017-08-21,0.0,0.1438366428438381,-85.61633571561619
2017-08-22,0.0,0.1438366428438381,-85.61633571561619
2017-08-23,0.0,0.1438366428438381,-85.61633571561619
2017-08-24,0.0,0.1438366428438381,-85.61633571561619
2017-08-25,0.0,0.1438366428438381,-85.61633571561619
2017-08-28,0.0,0.1438366428438381,-85.61633571561619
2017-08-29,0.0,0.1438366428438381,-85.61633571561619
2017-08-30,0.0,0.1438366428438381,-85.61633571561619
2017-08-31,0.0,0.1438366428438381,-85.61633571561619
2017-09-01,0.0,0.1438366428438381,-85.61633571561619
2017-09-04,0.0,0.1438366428438381,-85.61633571561619
2017-09-05,0.0,0.1438366428438381,-85.61633571561619
2017-09-06,0.0,0.1438366428438381,-85.61633571561619
2017-09-07,0.0,0.1438366428438381,-85.61633571561619
2017-09-08,0.001,0.1439804794866819,-85.6019520513318
2017-09-11,-0.04223333333333334,0.13789970390302772,-86.21002960969723
2017-09-12,0.018699999999999998,0.14047842836601432,-85.95215716339857
2017-09-13,-0.027533333333333333,0.13661058897167005,-86.338941102833
2017-09-14,-0.017466666666666665,0.1342244573509649,-86.57755426490351
2017-09-15,0.04766666666666666,0.14062248981802755,-85.93775101819725
2017-09-18,0.0196,0.1433786906184609,-85.66213093815391
2017-09-19,0.0,0.1433786906184609,-85.66213093815391
2017-09-20,0.0,0.1433786906184609,-85.66213093815391
2017-09-21,0.0,0.1433786906184609,-85.66213093815391
2017-09-22,0.0,0.1433786906184609,-85.66213093815391
2017-09-25,0.0,0.1433786906184609,-85.66213093815391
2017-09-26,0.0,0.1433786906184609,-85.66213093815391
2017-09-27,0.0,0.1433786906184609,-85.66213093815391
2017-09-28,0.0,0.1433786906184609,-85.66213093815391
2017-09-29,0.0,0.1433786906184609,-85.66213093815391
2017-10-02,0.0,0.1433786906184609,-85.66213093815391
2017-10-03,0.0,0.1433786906184609,-85.66213093815391
2017-10-04,0.0,0.1433786906184609,-85.66213093815391
2017-10-05,0.0,0.1433786906184609,-85.66213093815391
2017-10-06,0.0,0.1433786906184609,-85.66213093815391
2017-10-09,0.0,0.1433786906184609,-85.66213093815391
2017-10-10,0.0,0.1433786906184609,-85.66213093815391
2017-10-11,0.0,0.1433786906184609,-85.66213093815391
2017-10-12,0.0,0.1433786906184609,-85.66213093815391
2017-10-13,0.0,0.1433786906184609,-85.66213093815391
2017-10-16,0.0,0.1433786906184609,-85.66213093815391
2017-10-17,0.0,0.1433786906184609,-85.66213093815391
2017-10-18,0.0,0.1433786906184609,-85.66213093815391
2017-10-19,0.0,0.1433786906184609,-85.66213093815391
2017-10-20,0.0,0.1433786906184609,-85.66213093815391
2017-10-23,0.0,0.1433786906184609,-85.66213093815391
2017-10-24,0.0,0.1433786906184609,-85.66213093815391
2017-10-25,0.0,0.1433786906184609,-85.66213093815391
2017-10-26,0.0,0.1433786906184609,-85.66213093815391
2017-10-27,0.0,0.1433786906184609,-85.66213093815391
2017-10-30,0.0,0.1433786906184609,-85.66213093815391
2017-10-31,0.0,0.1433786906184609,-85.66213093815391
2017-11-02,0.0,0.1433786906184609,-85.66213093815391
2017-11-03,0.0,0.1433786906184609,-85.66213093815391
2017-11-06,0.0,0.1433786906184609,-85.66213093815391
2017-11-07,0.0,0.1433786906184609,-85.66213093815391
2017-11-08,0.0,0.1433786906184609,-85.66213093815391
2017-11-09,0.0,0.1433786906184609,-85.66213093815391
2017-11-10,0.0,0.1433786906184609,-85.66213093815391
2017-11-13,0.0,0.1433786906184609,-85.66213093815391
2017-11-14,0.0,0.1433786906184609,-85.66213093815391
2017-11-15,0.0,0.1433786906184609,-85.66213093815391
2017-11-16,0.0,0.1433786906184609,-85.66213093815391
2017-11-17,0.0,0.1433786906184609,-85.66213093815391
2017-11-20,0.0,0.1433786906184609,-85.66213093815391
2017-11-21,0.0,0.1433786906184609,-85.66213093815391
2017-11-22,0.0,0.1433786906184609,-85.66213093815391
2017-11-23,0.0,0.1433786906184609,-85.66213093815391
2017-11-24,0.0,0.1433786906184609,-85.66213093815391
2017-11-27,0.0,0.1433786906184609,-85.66213093815391
2017-11-28,0.0,0.1433786906184609,-85.66213093815391
2017-11-29,0.0,0.1433786906184609,-85.66213093815391
2017-11-30,0.0,0.1433786906184609,-85.66213093815391
2017-12-01,0.0,0.1433786906184609,-85.66213093815391
2017-12-04,0.0,0.1433786906184609,-85.66213093815391
2017-12-05,0.0,0.1433786906184609,-85.66213093815391
2017-12-06,0.0,0.1433786906184609,-85.66213093815391
2017-12-07,0.0,0.1433786906184609,-85.66213093815391
2017-12-08,0.0,0.1433786906184609,-85.66213093815391
2017-12-11,0.0,0.1433786906184609,-85.66213093815391
2017-12-12,0.0,0.1433786906184609,-85.66213093815391
2017-12-13,0.0,0.1433786906184609,-85.66213093815391
2017-12-14,0.0,0.1433786906184609,-85.66213093815391
2017-12-15,0.0,0.1433786906184609,-85.66213093815391
2017-12-18,0.0,0.1433786906184609,-85.66213093815391
2017-12-19,0.0,0.1433786906184609,-85.66213093815391
2017-12-20,0.0,0.1433786906184609,-85.66213093815391
2017-12-21,0.0,0.1433786906184609,-85.66213093815391
2017-12-22,0.0,0.1433786906184609,-85.66213093815391
2017-12-27,0.0,0.1433786906184609,-85.66213093815391
2017-12-28,0.0,0.1433786906184609,-85.66213093815391
2017-12-29,0.0,0.1433786906184609,-85.66213093815391
2018-01-02,0.0,0.1433786906184609,-85.66213093815391
2018-01-03,0.0,0.1433786906184609,-85.66213093815391
2018-01-04,0.0,0.1433786906184609,-85.66213093815391
2018-01-05,0.0,0.1433786906184609,-85.66213093815391
2018-01-08,0.0,0.1433786906184609,-85.66213093815391
2018-01-09,0.0,0.1433786906184609,-85.66213093815391
2018-01-10,0.0,0.1433786906184609,-85.66213093815391
2018-01-11,0.0,0.1433786906184609,-85.66213093815391
2018-01-12,0.0,0.1433786906184609,-85.66213093815391
2018-01-15,0.0,0.1433786906184609,-85.66213093815391
2018-01-16,0.0,0.1433786906184609,-85.66213093815391
2018-01-17,0.0,0.1433786906184609,-85.66213093815391
2018-01-18,0.0,0.1433786906184609,-85.66213093815391
2018-01-19,0.0,0.1433786906184609,-85.66213093815391
2018-01-22,0.0,0.1433786906184609,-85.66213093815391
2018-01-23,0.0,0.1433786906184609,-85.66213093815391
2018-01-24,0.0,0.1433786906184609,-85.66213093815391
2018-01-25,0.0,0.1433786906184609,-85.66213093815391
2018-01-26,0.0,0.1433786906184609,-85.66213093815391
2018-01-29,0.0,0.1433786906184609,-85.66213093815391
2018-01-30,0.0,0.1433786906184609,-85.66213093815391
2018-01-31,0.0,0.1433786906184609,-85.66213093815391
2018-02-01,0.0,0.1433786906184609,-85.66213093815391
2018-02-02,0.0,0.1433786906184609,-85.66213093815391
2018-02-05,0.0,0.1433786906184609,-85.66213093815391
2018-02-06,0.0,0.1433786906184609,-85.66213093815391
2018-02-07,0.0,0.1433786906184609,-85.66213093815391
2018-02-08,0.0,0.1433786906184609,-85.66213093815391
2018-02-09,0.0,0.1433786906184609,-85.66213093815391
2018-02-12,0.0,0.1433786906184609,-85.66213093815391
2018-02-13,0.0,0.1433786906184609,-85.66213093815391
2018-02-14,0.0,0.1433786906184609,-85.66213093815391
2018-02-15,0.0,0.1433786906184609,-85.66213093815391
2018-02-16,0.0,0.1433786906184609,-85.66213093815391
2018-02-19,0.0,0.1433786906184609,-85.66213093815391
2018-02-20,0.0,0.1433786906184609,-85.66213093815391
2018-02-21,0.0,0.1433786906184609,-85.66213093815391
2018-02-22,0.0,0.1433786906184609,-85.66213093815391
2018-02-23,0.0,0.1433786906184609,-85.66213093815391
2018-02-26,0.0,0.1433786906184609,-85.66213093815391
2018-02-27,0.0,0.1433786906184609,-85.66213093815391
2018-02-28,0.0,0.1433786906184609,-85.66213093815391
2018-03-01,0.0,0.1433786906184609,-85.66213093815391
2018-03-02,0.0,0.1433786906184609,-85.66213093815391
2018-03-05,0.0,0.1433786906184609,-85.66213093815391
2018-03-06,0.0,0.1433786906184609,-85.66213093815391
2018-03-07,0.0163,0.1457157632755418,-85.42842367244582
2018-03-08,-0.02,0.14280144801003097,-85.7198551989969
2018-03-09,0.0082,0.14397241988371323,-85.60275801162868
2018-03-12,-0.0081,0.14280624328265515,-85.71937567173448
2018-03-13,0.0163,0.1451339850481624,-85.48660149518376
2018-03-14,0.0,0.1451339850481624,-85.48660149518376
2018-03-15,-0.0241,0.1416362560085017,-85.83637439914983
2018-03-16,-0.0041,0.14105554735886683,-85.89444526411332
2018-03-19,0.0,0.14105554735886683,-85.89444526411332
2018-03-20,0.0,0.14105554735886683,-85.89444526411332
2018-03-21,0.0,0.14105554735886683,-85.89444526411332
2018-03-22,0.0,0.14105554735886683,-85.89444526411332
2018-03-23,0.0,0.14105554735886683,-85.89444526411332
2018-03-26,0.0,0.14105554735886683,-85.89444526411332
2018-03-27,0.0,0.14105554735886683,-85.89444526411332
2018-03-28,0.0,0.14105554735886683,-85.89444526411332
2018-03-29,0.0,0.14105554735886683,-85.89444526411332
2018-04-03,0.0,0.14105554735886683,-85.89444526411332
2018-04-04,0.0,0.14105554735886683,-85.89444526411332
2018-04-05,0.0,0.14105554735886683,-85.89444526411332
2018-04-06,0.0,0.14105554735886683,-85.89444526411332
2018-04-09,0.0,0.14105554735886683,-85.89444526411332
2018-04-10,0.0,0.14105554735886683,-85.89444526411332
2018-04-11,0.0,0.14105554735886683,-85.89444526411332
2018-04-12,0.0,0.14105554735886683,-85.89444526411332
2018-04-13,0.0,0.14105554735886683,-85.89444526411332
2018-04-16,0.0,0.14105554735886683,-85.89444526411332
2018-04-17,0.0,0.14105554735886683,-85.89444526411332
2018-04-18,0.0,0.14105554735886683,-85.89444526411332
2018-04-19,0.0,0.14105554735886683,-85.89444526411332
2018-04-20,0.0,0.14105554735886683,-85.89444526411332
2018-04-23,0.0,0.14105554735886683,-85.89444526411332
2018-04-24,0.0,0.14105554735886683,-85.89444526411332
2018-04-25,0.0,0.14105554735886683,-85.89444526411332
2018-04-26,0.0,0.14105554735886683,-85.89444526411332
2018-04-27,0.0,0.14105554735886683,-85.89444526411332
2018-04-30,0.0,0.14105554735886683,-85.89444526411332
2018-05-02,0.0,0.14105554735886683,-85.89444526411332
2018-05-03,0.0,0.14105554735886683,-85.89444526411332
2018-05-04,0.0,0.14105554735886683,-85.89444526411332
2018-05-07,0.0,0.14105554735886683,-85.89444526411332
2018-05-08,0.0,0.14105554735886683,-85.89444526411332
2018-05-09,0.0,0.14105554735886683,-85.89444526411332
2018-05-10,0.0,0.14105554735886683,-85.89444526411332
2018-05-11,0.0,0.14105554735886683,-85.89444526411332
2018-05-14,0.0,0.14105554735886683,-85.89444526411332
2018-05-15,0.0,0.14105554735886683,-85.89444526411332
2018-05-16,0.0,0.14105554735886683,-85.89444526411332
2018-05-17,0.0,0.14105554735886683,-85.89444526411332
2018-05-18,0.0,0.14105554735886683,-85.89444526411332
2018-05-21,0.0,0.14105554735886683,-85.89444526411332
2018-05-22,0.0,0.14105554735886683,-85.89444526411332
2018-05-23,0.0,0.14105554735886683,-85.89444526411332
2018-05-24,0.0,0.14105554735886683,-85.89444526411332
2018-05-25,0.0,0.14105554735886683,-85.89444526411332
2018-05-28,0.0,0.14105554735886683,-85.89444526411332
2018-05-29,0.0,0.14105554735886683,-85.89444526411332
2018-05-30,0.0,0.14105554735886683,-85.89444526411332
2018-06-01,0.0,0.14105554735886683,-85.89444526411332
2018-06-04,0.0,0.14105554735886683,-85.89444526411332
2018-06-05,0.0,0.14105554735886683,-85.89444526411332
2018-06-06,0.0,0.14105554735886683,-85.89444526411332
2018-06-07,0.0,0.14105554735886683,-85.89444526411332
2018-06-08,0.0,0.14105554735886683,-85.89444526411332
2018-06-11,0.0,0.14105554735886683,-85.89444526411332
2018-06-12,0.0,0.14105554735886683,-85.89444526411332
2018-06-13,0.0,0.14105554735886683,-85.89444526411332
2018-06-14,0.0,0.14105554735886683,-85.89444526411332
2018-06-15,0.0,0.14105554735886683,-85.89444526411332
2018-06-18,0.0,0.14105554735886683,-85.89444526411332
2018-06-19,0.0,0.14105554735886683,-85.89444526411332
2018-06-20,0.0,0.14105554735886683,-85.89444526411332
2018-06-21,0.0,0.14105554735886683,-85.89444526411332
2018-06-26,0.0,0.14105554735886683,-85.89444526411332
2018-06-27,0.0,0.14105554735886683,-85.89444526411332
2018-06-28,0.0,0.14105554735886683,-85.89444526411332
2018-06-29,0.0,0.14105554735886683,-85.89444526411332
2018-07-02,0.0,0.14105554735886683,-85.89444526411332
2018-07-03,0.0,0.14105554735886683,-85.89444526411332
2018-07-04,0.0,0.14105554735886683,-85.89444526411332
2018-07-05,0.0,0.14105554735886683,-85.89444526411332
2018-07-06,0.0,0.14105554735886683,-85.89444526411332
2018-07-09,0.0,0.14105554735886683,-85.89444526411332
2018-07-10,0.0,0.14105554735886683,-85.89444526411332
2018-07-11,0.0,0.14105554735886683,-85.89444526411332
2018-07-12,0.0,0.14105554735886683,-85.89444526411332
2018-07-13,0.0,0.14105554735886683,-85.89444526411332
2018-07-16,0.0,0.14105554735886683,-85.89444526411332
2018-07-17,0.0,0.14105554735886683,-85.89444526411332
2018-07-18,0.0,0.14105554735886683,-85.89444526411332
2018-07-19,0.0,0.14105554735886683,-85.89444526411332
2018-07-20,0.0,0.14105554735886683,-85.89444526411332
2018-07-23,0.0,0.14105554735886683,-85.89444526411332
2018-07-24,0.0,0.14105554735886683,-85.89444526411332
2018-07-25,0.0,0.14105554735886683,-85.89444526411332
2018-07-26,0.0,0.14105554735886683,-85.89444526411332
2018-07-27,0.0,0.14105554735886683,-85.89444526411332
2018-07-30,0.0,0.14105554735886683,-85.89444526411332
2018-07-31,0.0,0.14105554735886683,-85.89444526411332
2018-08-01,0.0,0.14105554735886683,-85.89444526411332
2018-08-02,0.0,0.14105554735886683,-85.89444526411332
2018-08-03,0.0,0.14105554735886683,-85.89444526411332
2018-08-06,0.0,0.14105554735886683,-85.89444526411332
2018-08-07,0.0,0.14105554735886683,-85.89444526411332
2018-08-08,0.0,0.14105554735886683,-85.89444526411332
2018-08-09,0.0,0.14105554735886683,-85.89444526411332
2018-08-10,0.0,0.14105554735886683,-85.89444526411332
2018-08-13,0.0,0.14105554735886683,-85.89444526411332
2018-08-14,0.0,0.14105554735886683,-85.89444526411332
2018-08-16,0.0,0.14105554735886683,-85.89444526411332
2018-08-17,0.0,0.14105554735886683,-85.89444526411332
2018-08-20,0.0,0.14105554735886683,-85.89444526411332
2018-08-21,0.0,0.14105554735886683,-85.89444526411332
2018-08-22,0.0,0.14105554735886683,-85.89444526411332
2018-08-23,0.0,0.14105554735886683,-85.89444526411332
2018-08-24,0.0,0.14105554735886683,-85.89444526411332
2018-08-27,0.0,0.14105554735886683,-85.89444526411332
2018-08-28,0.0,0.14105554735886683,-85.89444526411332
2018-08-29,0.0,0.14105554735886683,-85.89444526411332
2018-08-30,0.0,0.14105554735886683,-85.89444526411332
2018-08-31,0.0,0.14105554735886683,-85.89444526411332
2018-09-03,0.0,0.14105554735886683,-85.89444526411332
2018-09-04,0.0,0.14105554735886683,-85.89444526411332
2018-09-05,0.0,0.14105554735886683,-85.89444526411332
2018-09-06,0.020625,0.14396481802314345,-85.60351819768566
2018-09-07,-0.01905,0.14122228823980257,-85.87777117601975
2018-09-10,0.003974999999999999,0.1417836468355558,-85.82163531644443
2018-09-11,-0.018149999999999996,0.13921027364549046,-86.07897263545095
2018-09-12,0.014000000000000002,0.14115921747652732,-85.88407825234728
2018-09-13,-0.00895,0.1398958424801124,-86.01041575198876
2018-09-14,-0.014775,0.13782888140746874,-86.21711185925312
2018-09-17,0.0162,0.14006170928626974,-85.99382907137303
2018-09-18,0.014124999999999999,0.14204008092993828,-85.79599190700617
2018-09-19,0.0221,0.1451791667184899,-85.48208332815102
2018-09-20,-0.03855,0.13958250984149212,-86.04174901585078
2018-09-21,0.011649999999999997,0.1412086460811455,-85.87913539188546
2018-09-24,0.005,0.1419146893115512,-85.80853106884487
2018-09-25,0.0,0.1419146893115512,-85.80853106884487
2018-09-26,0.0,0.1419146893115512,-85.80853106884487
2018-09-27,0.0,0.1419146893115512,-85.80853106884487
2018-09-28,0.0,0.1419146893115512,-85.80853106884487
2018-10-01,0.0,0.1419146893115512,-85.80853106884487
2018-10-02,0.0,0.1419146893115512,-85.80853106884487
2018-10-03,0.0,0.1419146893115512,-85.80853106884487
2018-10-04,0.0,0.1419146893115512,-85.80853106884487
2018-10-05,0.0,0.1419146893115512,-85.80853106884487
2018-10-09,0.0,0.1419146893115512,-85.80853106884487
2018-10-10,0.0,0.1419146893115512,-85.80853106884487
2018-10-11,0.0,0.1419146893115512,-85.80853106884487
2018-10-12,0.0,0.1419146893115512,-85.80853106884487
2018-10-15,0.0,0.1419146893115512,-85.80853106884487
2018-10-16,0.0,0.1419146893115512,-85.80853106884487
2018-10-17,0.0,0.1419146893115512,-85.80853106884487
2018-10-18,0.0,0.1419146893115512,-85.80853106884487
2018-10-19,0.0,0.1419146893115512,-85.80853106884487
2018-10-22,0.0,0.1419146893115512,-85.80853106884487
2018-10-23,0.0,0.1419146893115512,-85.80853106884487
2018-10-24,0.0,0.1419146893115512,-85.80853106884487
2018-10-25,0.0,0.1419146893115512,-85.80853106884487
2018-10-26,0.0,0.1419146893115512,-85.80853106884487
2018-10-29,0.0,0.1419146893115512,-85.80853106884487
2018-10-30,0.0,0.1419146893115512,-85.80853106884487
2018-10-31,0.0,0.1419146893115512,-85.80853106884487
2018-11-02,0.0,0.1419146893115512,-85.80853106884487
2018-11-05,0.0,0.1419146893115512,-85.80853106884487
2018-11-06,0.0,0.1419146893115512,-85.80853106884487
2018-11-07,0.0,0.1419146893115512,-85.80853106884487
2018-11-08,0.0,0.1419146893115512,-85.80853106884487
2018-11-09,0.0,0.1419146893115512,-85.80853106884487
2018-11-12,0.0,0.1419146893115512,-85.80853106884487
2018-11-13,0.0,0.1419146893115512,-85.80853106884487
2018-11-14,0.0,0.1419146893115512,-85.80853106884487
2018-11-15,0.0,0.1419146893115512,-85.80853106884487
2018-11-16,0.0,0.1419146893115512,-85.80853106884487
2018-11-19,0.0,0.1419146893115512,-85.80853106884487
2018-11-20,0.0,0.1419146893115512,-85.80853106884487
2018-11-21,0.0,0.1419146893115512,-85.80853106884487
2018-11-22,0.0,0.1419146893115512,-85.80853106884487
2018-11-23,0.0,0.1419146893115512,-85.80853106884487
2018-11-26,0.0,0.1419146893115512,-85.80853106884487
2018-11-27,0.0,0.1419146893115512,-85.80853106884487
2018-11-28,0.0,0.1419146893115512,-85.80853106884487
2018-11-29,0.0,0.1419146893115512,-85.80853106884487
2018-11-30,0.0,0.1419146893115512,-85.80853106884487
2018-12-03,0.0,0.1419146893115512,-85.80853106884487
2018-12-04,0.0,0.1419146893115512,-85.80853106884487
2018-12-05,0.0,0.1419146893115512,-85.80853106884487
2018-12-06,0.0,0.1419146893115512,-85.80853106884487
2018-12-07,0.0,0.1419146893115512,-85.80853106884487
2018-12-10,0.0,0.1419146893115512,-85.80853106884487
2018-12-11,0.0,0.1419146893115512,-85.80853106884487
2018-12-12,0.0,0.1419146893115512,-85.80853106884487
2018-12-13,0.0,0.1419146893115512,-85.80853106884487
2018-12-14,0.0,0.1419146893115512,-85.80853106884487
2018-12-17,0.0,0.1419146893115512,-85.80853106884487
2018-12-18,0.0,0.1419146893115512,-85.80853106884487
2018-12-19,0.0,0.1419146893115512,-85.80853106884487
2018-12-20,0.0,0.1419146893115512,-85.80853106884487
2018-12-21,0.0,0.1419146893115512,-85.80853106884487
2018-12-27,0.0,0.1419146893115512,-85.80853106884487
2018-12-28,0.0,0.1419146893115512,-85.80853106884487
2019-01-02,0.0,0.1419146893115512,-85.80853106884487
2019-01-03,0.0,0.1419146893115512,-85.80853106884487
2019-01-04,0.0,0.1419146893115512,-85.80853106884487
2019-01-07,0.0,0.1419146893115512,-85.80853106884487
2019-01-08,0.0,0.1419146893115512,-85.80853106884487
2019-01-09,0.0,0.1419146893115512,-85.80853106884487
2019-01-10,0.0,0.1419146893115512,-85.80853106884487
2019-01-11,0.0,0.1419146893115512,-85.80853106884487
2019-01-14,0.0,0.1419146893115512,-85.80853106884487
2019-01-15,0.0,0.1419146893115512,-85.80853106884487
2019-01-16,0.0,0.1419146893115512,-85.80853106884487
2019-01-17,0.0,0.1419146893115512,-85.80853106884487
2019-01-18,0.0,0.1419146893115512,-85.80853106884487
2019-01-21,0.0,0.1419146893115512,-85.80853106884487
2019-01-22,0.0,0.1419146893115512,-85.80853106884487
2019-01-23,0.0,0.1419146893115512,-85.80853106884487
2019-01-24,0.0,0.1419146893115512,-85.80853106884487
2019-01-25,0.0,0.1419146893115512,-85.80853106884487
2019-01-28,0.0,0.1419146893115512,-85.80853106884487
2019-01-29,0.0,0.1419146893115512,-85.80853106884487
2019-01-30,0.0,0.1419146893115512,-85.80853106884487
2019-01-31,0.0,0.1419146893115512,-85.80853106884487
2019-02-01,0.0,0.1419146893115512,-85.80853106884487
2019-02-04,0.0,0.1419146893115512,-85.80853106884487
2019-02-05,0.0,0.1419146893115512,-85.80853106884487
2019-02-06,0.0,0.1419146893115512,-85.80853106884487
2019-02-07,0.0,0.1419146893115512,-85.80853106884487
2019-02-08,0.0,0.1419146893115512,-85.80853106884487
2019-02-11,0.0,0.1419146893115512,-85.80853106884487
2019-02-12,0.0,0.1419146893115512,-85.80853106884487
2019-02-13,0.0,0.1419146893115512,-85.80853106884487
2019-02-14,0.0,0.1419146893115512,-85.80853106884487
2019-02-15,0.0,0.1419146893115512,-85.80853106884487
2019-02-18,0.0,0.1419146893115512,-85.80853106884487
2019-02-19,0.0,0.1419146893115512,-85.80853106884487
2019-02-20,0.0,0.1419146893115512,-85.80853106884487
2019-02-21,0.0,0.1419146893115512,-85.80853106884487
2019-02-22,0.0,0.1419146893115512,-85.80853106884487
2019-02-25,0.0,0.1419146893115512,-85.80853106884487
2019-02-26,0.0,0.1419146893115512,-85.80853106884487
2019-02-27,0.0,0.1419146893115512,-85.80853106884487
2019-02-28,0.0,0.1419146893115512,-85.80853106884487
2019-03-01,0.0,0.1419146893115512,-85.80853106884487
2019-03-04,0.0,0.1419146893115512,-85.80853106884487
2019-03-05,0.0,0.1419146893115512,-85.80853106884487
2019-03-06,0.0,0.1419146893115512,-85.80853106884487
2019-03-07,0.0,0.1419146893115512,-85.80853106884487
2019-03-08,-0.009366666666666667,0.14058542172166635,-85.94145782783336
2019-03-11,-0.0661,0.1312927253458642,-86.87072746541358
2019-03-12,0.02975,0.13519868392490364,-86.48013160750963
2019-03-13,0.025349999999999998,0.13862597056239995,-86.13740294376
2019-03-14,-0.007175,0.13763132922361473,-86.23686707763852
2019-03-15,-0.010825000000000001,0.1361414700847691,-86.3858529915231
2019-03-18,-0.021199999999999997,0.133255270918972,-86.6744729081028
2019-03-19,0.0,0.133255270918972,-86.6744729081028
2019-03-20,0.0,0.133255270918972,-86.6744729081028
2019-03-21,0.0,0.133255270918972,-86.6744729081028
2019-03-22,0.0,0.133255270918972,-86.6744729081028
2019-03-25,0.0,0.133255270918972,-86.6744729081028
2019-03-26,0.0,0.133255270918972,-86.6744729081028
2019-03-27,0.0,0.133255270918972,-86.6744729081028
2019-03-28,0.0,0.133255270918972,-86.6744729081028
2019-03-29,0.0,0.133255270918972,-86.6744729081028
2019-04-01,0.0,0.133255270918972,-86.6744729081028
2019-04-02,0.0,0.133255270918972,-86.6744729081028
2019-04-03,0.0,0.133255270918972,-86.6744729081028
2019-04-04,0.0,0.133255270918972,-86.6744729081028
2019-04-05,0.0,0.133255270918972,-86.6744729081028
2019-04-08,0.0,0.133255270918972,-86.6744729081028
2019-04-09,0.0,0.133255270918972,-86.6744729081028
2019-04-10,0.0,0.133255270918972,-86.6744729081028
2019-04-11,0.0,0.133255270918972,-86.6744729081028
2019-04-12,0.0,0.133255270918972,-86.6744729081028
2019-04-15,0.0,0.133255270918972,-86.6744729081028
2019-04-16,0.0,0.133255270918972,-86.6744729081028
2019-04-17,0.0,0.133255270918972,-86.6744729081028
2019-04-18,0.0,0.133255270918972,-86.6744729081028
2019-04-23,0.0,0.133255270918972,-86.6744729081028
2019-04-24,0.0,0.133255270918972,-86.6744729081028
2019-04-25,0.0,0.133255270918972,-86.6744729081028
2019-04-26,0.0,0.133255270918972,-86.6744729081028
2019-04-29,0.0,0.133255270918972,-86.6744729081028
2019-04-30,0.0,0.133255270918972,-86.6744729081028
2019-05-02,0.0,0.133255270918972,-86.6744729081028
2019-05-03,0.0,0.133255270918972,-86.6744729081028
2019-05-06,0.0,0.133255270918972,-86.6744729081028
2019-05-07,0.0,0.133255270918972,-86.6744729081028
2019-05-08,0.0,0.133255270918972,-86.6744729081028
2019-05-09,0.0,0.133255270918972,-86.6744729081028
2019-05-10,0.0,0.133255270918972,-86.6744729081028
2019-05-13,0.0,0.133255270918972,-86.6744729081028
2019-05-14,0.0,0.133255270918972,-86.6744729081028
2019-05-15,0.0,0.133255270918972,-86.6744729081028
2019-05-16,0.0,0.133255270918972,-86.6744729081028
2019-05-17,0.0,0.133255270918972,-86.6744729081028
2019-05-20,0.0,0.133255270918972,-86.6744729081028
2019-05-21,0.0,0.133255270918972,-86.6744729081028
2019-05-22,0.0,0.133255270918972,-86.6744729081028
2019-05-23,0.0,0.133255270918972,-86.6744729081028
2019-05-24,0.0,0.133255270918972,-86.6744729081028
2019-05-27,0.0,0.133255270918972,-86.6744729081028
2019-05-28,0.0,0.133255270918972,-86.6744729081028
2019-05-29,0.0,0.133255270918972,-86.6744729081028
2019-05-30,0.0,0.133255270918972,-86.6744729081028
2019-05-31,0.0,0.133255270918972,-86.6744729081028
2019-06-03,0.0,0.133255270918972,-86.6744729081028
2019-06-04,0.0,0.133255270918972,-86.6744729081028
2019-06-05,0.0,0.133255270918972,-86.6744729081028
2019-06-06,0.0,0.133255270918972,-86.6744729081028
2019-06-07,0.0,0.133255270918972,-86.6744729081028
2019-06-10,0.0,0.133255270918972,-86.6744729081028
2019-06-11,0.0,0.133255270918972,-86.6744729081028
2019-06-12,0.0,0.133255270918972,-86.6744729081028
2019-06-13,0.0,0.133255270918972,-86.6744729081028
2019-06-14,0.0,0.133255270918972,-86.6744729081028
2019-06-17,0.0,0.133255270918972,-86.6744729081028
2019-06-18,0.0,0.133255270918972,-86.6744729081028
2019-06-19,0.0,0.133255270918972,-86.6744729081028
2019-06-21,0.0,0.133255270918972,-86.6744729081028
2019-06-24,0.0,0.133255270918972,-86.6744729081028
2019-06-26,0.0,0.133255270918972,-86.6744729081028
2019-06-27,0.0,0.133255270918972,-86.6744729081028
2019-06-28,0.0,0.133255270918972,-86.6744729081028
2019-07-01,0.0,0.133255270918972,-86.6744729081028
2019-07-02,0.0,0.133255270918972,-86.6744729081028
2019-07-03,0.0,0.133255270918972,-86.6744729081028
2019-07-04,0.0,0.133255270918972,-86.6744729081028
2019-07-05,0.0,0.133255270918972,-86.6744729081028
2019-07-08,0.0,0.133255270918972,-86.6744729081028
2019-07-09,0.0,0.133255270918972,-86.6744729081028
2019-07-10,0.0,0.133255270918972,-86.6744729081028
2019-07-11,0.0,0.133255270918972,-86.6744729081028
2019-07-12,0.0,0.133255270918972,-86.6744729081028
2019-07-15,0.0,0.133255270918972,-86.6744729081028
2019-07-16,0.0,0.133255270918972,-86.6744729081028
2019-07-17,0.0,0.133255270918972,-86.6744729081028
2019-07-18,0.0,0.133255270918972,-86.6744729081028
2019-07-19,0.0,0.133255270918972,-86.6744729081028
2019-07-22,0.0,0.133255270918972,-86.6744729081028
2019-07-23,0.0,0.133255270918972,-86.6744729081028
2019-07-24,0.0,0.133255270918972,-86.6744729081028
2019-07-25,0.0,0.133255270918972,-86.6744729081028
2019-07-26,0.0,0.133255270918972,-86.6744729081028
2019-07-29,0.0,0.133255270918972,-86.6744729081028
2019-07-30,0.0,0.133255270918972,-86.6744729081028
2019-07-31,0.0,0.133255270918972,-86.6744729081028
2019-08-01,0.0,0.133255270918972,-86.6744729081028
2019-08-02,0.0,0.133255270918972,-86.6744729081028
2019-08-06,0.0,0.133255270918972,-86.6744729081028
2019-08-07,0.0,0.133255270918972,-86.6744729081028
2019-08-08,0.0,0.133255270918972,-86.6744729081028
2019-08-09,0.0,0.133255270918972,-86.6744729081028
2019-08-12,0.0,0.133255270918972,-86.6744729081028
2019-08-13,0.0,0.133255270918972,-86.6744729081028
2019-08-14,0.0,0.133255270918972,-86.6744729081028
2019-08-16,0.0,0.133255270918972,-86.6744729081028
2019-08-19,0.0,0.133255270918972,-86.6744729081028
2019-08-20,0.0,0.133255270918972,-86.6744729081028
2019-08-21,0.0,0.133255270918972,-86.6744729081028
2019-08-22,0.0,0.133255270918972,-86.6744729081028
2019-08-23,0.0,0.133255270918972,-86.6744729081028
2019-08-26,0.0,0.133255270918972,-86.6744729081028
2019-08-27,0.0,0.133255270918972,-86.6744729081028
2019-08-28,0.0,0.133255270918972,-86.6744729081028
2019-08-29,0.0,0.133255270918972,-86.6744729081028
2019-08-30,0.0,0.133255270918972,-86.6744729081028
2019-09-02,0.0,0.133255270918972,-86.6744729081028
2019-09-03,0.0,0.133255270918972,-86.6744729081028
2019-09-04,0.0,0.133255270918972,-86.6744729081028
2019-09-05,0.0,0.133255270918972,-86.6744729081028
2019-09-06,0.0,0.133255270918972,-86.6744729081028
2019-09-09,0.0,0.133255270918972,-86.6744729081028
2019-09-10,0.0,0.133255270918972,-86.6744729081028
2019-09-11,0.0131,0.13500091496801053,-86.49990850319895
2019-09-12,0.0129,0.13674242677109785,-86.32575732289021
2019-09-13,-0.0255,0.13325549488843486,-86.67445051115652
2019-09-16,-0.0196,0.13064368718862154,-86.93563128113784
2019-09-17,-0.02,0.12803081344484912,-87.19691865551509
2019-09-18,0.0034,0.12846611821056161,-87.15338817894384
2019-09-19,-0.0339,0.12411111680322356,-87.58888831967764
2019-09-20,0.0,0.12411111680322356,-87.58888831967764
2019-09-23,0.0491,0.13020497263826183,-86.97950273617381
2019-09-24,0.0,0.13020497263826183,-86.97950273617381
2019-09-25,0.0,0.13020497263826183,-86.97950273617381
2019-09-26,0.0,0.13020497263826183,-86.97950273617381
2019-09-27,0.0,0.13020497263826183,-86.97950273617381
2019-09-30,0.0,0.13020497263826183,-86.97950273617381
2019-10-01,0.0,0.13020497263826183,-86.97950273617381
2019-10-02,0.0,0.13020497263826183,-86.97950273617381
2019-10-03,0.0,0.13020497263826183,-86.97950273617381
2019-10-04,0.0,0.13020497263826183,-86.97950273617381
2019-10-07,0.0,0.13020497263826183,-86.97950273617381
2019-10-09,0.0,0.13020497263826183,-86.97950273617381
2019-10-10,0.0,0.13020497263826183,-86.97950273617381
2019-10-11,0.0,0.13020497263826183,-86.97950273617381
2019-10-14,0.0,0.13020497263826183,-86.97950273617381
2019-10-15,0.0,0.13020497263826183,-86.97950273617381
2019-10-16,0.0,0.13020497263826183,-86.97950273617381
2019-10-17,0.0,0.13020497263826183,-86.97950273617381
2019-10-18,0.0,0.13020497263826183,-86.97950273617381
2019-10-21,0.0,0.13020497263826183,-86.97950273617381
2019-10-22,0.0,0.13020497263826183,-86.97950273617381
2019-10-23,0.0,0.13020497263826183,-86.97950273617381
2019-10-24,0.0,0.13020497263826183,-86.97950273617381
2019-10-25,0.0,0.13020497263826183,-86.97950273617381
2019-10-28,0.0,0.13020497263826183,-86.97950273617381
2019-10-29,0.0,0.13020497263826183,-86.97950273617381
2019-10-30,0.0,0.13020497263826183,-86.97950273617381
2019-10-31,0.0,0.13020497263826183,-86.97950273617381
2019-11-04,0.0,0.13020497263826183,-86.97950273617381
2019-11-05,0.0,0.13020497263826183,-86.97950273617381
2019-11-06,0.0,0.13020497263826183,-86.97950273617381
2019-11-07,0.0,0.13020497263826183,-86.97950273617381
2019-11-08,0.0,0.13020497263826183,-86.97950273617381
2019-11-11,0.0,0.13020497263826183,-86.97950273617381
2019-11-12,0.0,0.13020497263826183,-86.97950273617381
2019-11-13,0.0,0.13020497263826183,-86.97950273617381
2019-11-14,0.0,0.13020497263826183,-86.97950273617381
2019-11-15,0.0,0.13020497263826183,-86.97950273617381
2019-11-18,0.0,0.13020497263826183,-86.97950273617381
2019-11-19,0.0,0.13020497263826183,-86.97950273617381
2019-11-20,0.0,0.13020497263826183,-86.97950273617381
2019-11-21,0.0,0.13020497263826183,-86.97950273617381
2019-11-22,0.0,0.13020497263826183,-86.97950273617381
2019-11-25,0.0,0.13020497263826183,-86.97950273617381
2019-11-26,0.0,0.13020497263826183,-86.97950273617381
2019-11-27,0.0,0.13020497263826183,-86.97950273617381
2019-11-28,0.0,0.13020497263826183,-86.97950273617381
2019-11-29,0.0,0.13020497263826183,-86.97950273617381
2019-12-02,0.0,0.13020497263826183,-86.97950273617381
2019-12-03,0.0,0.13020497263826183,-86.97950273617381
2019-12-04,0.0,0.13020497263826183,-86.97950273617381
2019-12-05,0.0,0.13020497263826183,-86.97950273617381
2019-12-06,0.0,0.13020497263826183,-86.97950273617381
2019-12-09,0.0,0.13020497263826183,-86.97950273617381
2019-12-10,0.0,0.13020497263826183,-86.97950273617381
2019-12-11,0.0,0.13020497263826183,-86.97950273617381
2019-12-12,0.0,0.13020497263826183,-86.97950273617381
2019-12-13,0.0,0.13020497263826183,-86.97950273617381
2019-12-16,0.0,0.13020497263826183,-86.97950273617381
2019-12-17,0.0,0.13020497263826183,-86.97950273617381
2019-12-18,0.0,0.13020497263826183,-86.97950273617381
2019-12-19,0.0,0.13020497263826183,-86.97950273617381
2019-12-20,0.0,0.13020497263826183,-86.97950273617381
2019-12-23,0.0,0.13020497263826183,-86.97950273617381
2019-12-27,0.0,0.13020497263826183,-86.97950273617381
2019-12-30,0.0,0.13020497263826183,-86.97950273617381
2020-01-02,0.0,0.13020497263826183,-86.97950273617381
2020-01-03,0.0,0.13020497263826183,-86.97950273617381
2020-01-07,0.0,0.13020497263826183,-86.97950273617381
2020-01-08,0.0,0.13020497263826183,-86.97950273617381
2020-01-09,0.0,0.13020497263826183,-86.97950273617381
2020-01-10,0.0,0.13020497263826183,-86.97950273617381
2020-01-13,0.0,0.13020497263826183,-86.97950273617381
2020-01-14,0.0,0.13020497263826183,-86.97950273617381
2020-01-15,0.0,0.13020497263826183,-86.97950273617381
2020-01-16,0.0,0.13020497263826183,-86.97950273617381
2020-01-17,0.0,0.13020497263826183,-86.97950273617381
2020-01-20,0.0,0.13020497263826183,-86.97950273617381
2020-01-21,0.0,0.13020497263826183,-86.97950273617381
2020-01-22,0.0,0.13020497263826183,-86.97950273617381
2020-01-23,0.0,0.13020497263826183,-86.97950273617381
2020-01-24,0.0,0.13020497263826183,-86.97950273617381
2020-01-27,0.0,0.13020497263826183,-86.97950273617381
2020-01-28,0.0,0.13020497263826183,-86.97950273617381
2020-01-29,0.0,0.13020497263826183,-86.97950273617381
2020-01-30,0.0,0.13020497263826183,-86.97950273617381
2020-01-31,0.0,0.13020497263826183,-86.97950273617381
2020-02-03,0.0,0.13020497263826183,-86.97950273617381
2020-02-04,0.0,0.13020497263826183,-86.97950273617381
2020-02-05,0.0,0.13020497263826183,-86.97950273617381
2020-02-06,0.0,0.13020497263826183,-86.97950273617381
2020-02-07,0.0,0.13020497263826183,-86.97950273617381
2020-02-10,0.0,0.13020497263826183,-86.97950273617381
2020-02-11,0.0,0.13020497263826183,-86.97950273617381
2020-02-12,0.0,0.13020497263826183,-86.97950273617381
2020-02-13,0.0,0.13020497263826183,-86.97950273617381
2020-02-14,0.0,0.13020497263826183,-86.97950273617381
2020-02-17,0.0,0.13020497263826183,-86.97950273617381
2020-02-18,0.0,0.13020497263826183,-86.97950273617381
2020-02-19,0.0,0.13020497263826183,-86.97950273617381
2020-02-20,0.0,0.13020497263826183,-86.97950273617381
2020-02-21,0.0,0.13020497263826183,-86.97950273617381
2020-02-24,0.0,0.13020497263826183,-86.97950273617381
2020-02-25,0.0,0.13020497263826183,-86.97950273617381
2020-02-26,0.0,0.13020497263826183,-86.97950273617381
2020-02-27,0.0,0.13020497263826183,-86.97950273617381
2020-02-28,0.0,0.13020497263826183,-86.97950273617381
2020-03-02,0.0,0.13020497263826183,-86.97950273617381
2020-03-03,0.0,0.13020497263826183,-86.97950273617381
2020-03-04,0.0,0.13020497263826183,-86.97950273617381
2020-03-05,0.0,0.13020497263826183,-86.97950273617381
2020-03-06,0.0,0.13020497263826183,-86.97950273617381
2020-03-09,0.0,0.13020497263826183,-86.97950273617381
2020-03-10,0.0,0.13020497263826183,-86.97950273617381
2020-03-11,-0.08315,0.11937842916339035,-88.06215708366096
2020-03-12,-0.1221,0.10480232296254038,-89.51976770374597
2020-03-13,0.02785,0.10772106765704713,-89.22789323429528
2020-03-16,-0.032,0.10427399349202161,-89.57260065079784
2020-03-17,0.00825,0.1051342539383308,-89.48657460616693
2020-03-18,-0.06665,0.09812705591334105,-90.18729440866589
2020-03-19,0.004299999999999998,0.0985490022537684,-90.14509977462316
2020-03-20,0.010799999999999999,0.0996133314781091,-90.03866685218908
2020-03-23,-0.03435,0.09619161354183604,-90.3808386458164
2020-03-24,0.0,0.09619161354183604,-90.3808386458164
2020-03-25,0.0,0.09619161354183604,-90.3808386458164
2020-03-26,0.0,0.09619161354183604,-90.3808386458164
2020-03-27,0.0,0.09619161354183604,-90.3808386458164
2020-03-30,0.0,0.09619161354183604,-90.3808386458164
2020-03-31,0.0,0.09619161354183604,-90.3808386458164
2020-04-01,0.0,0.09619161354183604,-90.3808386458164
2020-04-02,0.0,0.09619161354183604,-90.3808386458164
2020-04-03,0.0,0.09619161354183604,-90.3808386458164
2020-04-06,0.0,0.09619161354183604,-90.3808386458164
2020-04-07,0.0,0.09619161354183604,-90.3808386458164
2020-04-08,0.0,0.09619161354183604,-90.3808386458164
2020-04-09,0.0,0.09619161354183604,-90.3808386458164
2020-04-14,0.0,0.09619161354183604,-90.3808386458164
2020-04-15,0.0,0.09619161354183604,-90.3808386458164
2020-04-16,0.0,0.09619161354183604,-90.3808386458164
2020-04-17,0.0,0.09619161354183604,-90.3808386458164
2020-04-20,0.0,0.09619161354183604,-90.3808386458164
2020-04-21,0.0,0.09619161354183604,-90.3808386458164
2020-04-22,0.0,0.09619161354183604,-90.3808386458164
2020-04-23,0.0,0.09619161354183604,-90.3808386458164
2020-04-24,0.0,0.09619161354183604,-90.3808386458164
2020-04-27,0.0,0.09619161354183604,-90.3808386458164
2020-04-28,0.0,0.09619161354183604,-90.3808386458164
2020-04-29,0.0,0.09619161354183604,-90.3808386458164
2020-04-30,0.0,0.09619161354183604,-90.3808386458164
2020-05-04,0.0,0.09619161354183604,-90.3808386458164
2020-05-05,0.0,0.09619161354183604,-90.3808386458164
2020-05-06,0.0,0.09619161354183604,-90.3808386458164
2020-05-07,0.0,0.09619161354183604,-90.3808386458164
2020-05-08,0.0,0.09619161354183604,-90.3808386458164
2020-05-11,0.0,0.09619161354183604,-90.3808386458164
2020-05-12,0.0,0.09619161354183604,-90.3808386458164
2020-05-13,0.0,0.09619161354183604,-90.3808386458164
2020-05-14,0.0,0.09619161354183604,-90.3808386458164
2020-05-15,0.0,0.09619161354183604,-90.3808386458164
2020-05-18,0.0,0.09619161354183604,-90.3808386458164
2020-05-19,0.0,0.09619161354183604,-90.3808386458164
2020-05-20,0.0,0.09619161354183604,-90.3808386458164
2020-05-21,0.0,0.09619161354183604,-90.3808386458164
2020-05-22,0.0,0.09619161354183604,-90.3808386458164
2020-05-25,0.0,0.09619161354183604,-90.3808386458164
2020-05-26,0.0,0.09619161354183604,-90.3808386458164
2020-05-27,0.0,0.09619161354183604,-90.3808386458164
2020-05-28,0.0,0.09619161354183604,-90.3808386458164
2020-05-29,0.0,0.09619161354183604,-90.3808386458164
2020-06-01,0.0,0.09619161354183604,-90.3808386458164
2020-06-02,0.0,0.09619161354183604,-90.3808386458164
2020-06-03,0.0,0.09619161354183604,-90.3808386458164
2020-06-04,0.0,0.09619161354183604,-90.3808386458164
2020-06-05,0.0,0.09619161354183604,-90.3808386458164
2020-06-08,0.0,0.09619161354183604,-90.3808386458164
2020-06-09,0.0,0.09619161354183604,-90.3808386458164
2020-06-10,0.0,0.09619161354183604,-90.3808386458164
2020-06-12,0.0,0.09619161354183604,-90.3808386458164
2020-06-15,0.0,0.09619161354183604,-90.3808386458164
2020-06-16,0.0,0.09619161354183604,-90.3808386458164
2020-06-17,0.0,0.09619161354183604,-90.3808386458164
2020-06-18,0.0,0.09619161354183604,-90.3808386458164
2020-06-19,0.0,0.09619161354183604,-90.3808386458164
2020-06-23,0.0,0.09619161354183604,-90.3808386458164
2020-06-24,0.0,0.09619161354183604,-90.3808386458164
2020-06-25,0.0,0.09619161354183604,-90.3808386458164
2020-06-26,0.0,0.09619161354183604,-90.3808386458164
2020-06-29,0.0,0.09619161354183604,-90.3808386458164
2020-06-30,0.0,0.09619161354183604,-90.3808386458164
2020-07-01,0.0,0.09619161354183604,-90.3808386458164
2020-07-02,0.0,0.09619161354183604,-90.3808386458164
2020-07-03,0.0,0.09619161354183604,-90.3808386458164
2020-07-06,0.0,0.09619161354183604,-90.3808386458164
2020-07-07,0.0,0.09619161354183604,-90.3808386458164
2020-07-08,0.0,0.09619161354183604,-90.3808386458164
2020-07-09,0.0,0.09619161354183604,-90.3808386458164
2020-07-10,0.0,0.09619161354183604,-90.3808386458164
2020-07-13,0.0,0.09619161354183604,-90.3808386458164
2020-07-14,0.0,0.09619161354183604,-90.3808386458164
2020-07-15,0.0,0.09619161354183604,-90.3808386458164
2020-07-16,0.0,0.09619161354183604,-90.3808386458164
2020-07-17,0.0,0.09619161354183604,-90.3808386458164
2020-07-20,0.0,0.09619161354183604,-90.3808386458164
2020-07-21,0.0,0.09619161354183604,-90.3808386458164
2020-07-22,0.0,0.09619161354183604,-90.3808386458164
2020-07-23,0.0,0.09619161354183604,-90.3808386458164
2020-07-24,0.0,0.09619161354183604,-90.3808386458164
2020-07-27,0.0,0.09619161354183604,-90.3808386458164
2020-07-28,0.0,0.09619161354183604,-90.3808386458164
2020-07-29,0.0,0.09619161354183604,-90.3808386458164
2020-07-30,0.0,0.09619161354183604,-90.3808386458164
2020-07-31,0.0,0.09619161354183604,-90.3808386458164
2020-08-03,0.0,0.09619161354183604,-90.3808386458164
2020-08-04,0.0,0.09619161354183604,-90.3808386458164
2020-08-06,0.0,0.09619161354183604,-90.3808386458164
2020-08-07,0.0,0.09619161354183604,-90.3808386458164
2020-08-10,0.0,0.09619161354183604,-90.3808386458164
2020-08-11,0.0,0.09619161354183604,-90.3808386458164
2020-08-12,0.0,0.09619161354183604,-90.3808386458164
2020-08-13,0.0,0.09619161354183604,-90.3808386458164
2020-08-14,0.0,0.09619161354183604,-90.3808386458164
2020-08-17,0.0,0.09619161354183604,-90.3808386458164
2020-08-18,0.0,0.09619161354183604,-90.3808386458164
2020-08-19,0.0,0.09619161354183604,-90.3808386458164
2020-08-20,0.0,0.09619161354183604,-90.3808386458164
2020-08-21,0.0,0.09619161354183604,-90.3808386458164
2020-08-24,0.0,0.09619161354183604,-90.3808386458164
2020-08-25,0.0,0.09619161354183604,-90.3808386458164
2020-08-26,0.0,0.09619161354183604,-90.3808386458164
2020-08-27,0.0,0.09619161354183604,-90.3808386458164
2020-08-28,0.0,0.09619161354183604,-90.3808386458164
2020-08-31,0.0,0.09619161354183604,-90.3808386458164
2020-09-01,0.0,0.09619161354183604,-90.3808386458164
2020-09-02,0.0,0.09619161354183604,-90.3808386458164
2020-09-03,0.0,0.09619161354183604,-90.3808386458164
2020-09-04,0.0,0.09619161354183604,-90.3808386458164
2020-09-07,0.0,0.09619161354183604,-90.3808386458164
2020-09-08,0.009600000000000001,0.09711505303183768,-90.28849469681623
2020-09-09,0.001400000000000001,0.09725101410608225,-90.27489858939177
2020-09-10,-0.006019999999999999,0.09666556300116363,-90.33344369988363
2020-09-11,-0.0052,0.09616290207355759,-90.38370979264424
2020-09-14,0.00534,0.09667641197063037,-90.33235880293697
2020-09-15,-0.013400000000000002,0.09538094805022393,-90.4619051949776
2020-09-16,-0.01576,0.0938777443089524,-90.61222556910475
2020-09-17,0.014539999999999999,0.09524272671120457,-90.47572732887954
2020-09-18,0.00892,0.09609229183346851,-90.39077081665314
2020-09-21,-0.011440000000000002,0.09499299601489364,-90.50070039851063
2020-09-22,0.0,0.09499299601489364,-90.50070039851063
2020-09-23,0.0,0.09499299601489364,-90.50070039851063
2020-09-24,0.0,0.09499299601489364,-90.50070039851063
2020-09-25,0.0,0.09499299601489364,-90.50070039851063
2020-09-28,0.0,0.09499299601489364,-90.50070039851063
2020-09-29,0.0,0.09499299601489364,-90.50070039851063
2020-09-30,0.0,0.09499299601489364,-90.50070039851063
2020-10-01,0.0,0.09499299601489364,-90.50070039851063
2020-10-02,0.0,0.09499299601489364,-90.50070039851063
2020-10-05,0.0,0.09499299601489364,-90.50070039851063
2020-10-06,0.0,0.09499299601489364,-90.50070039851063
2020-10-07,0.0,0.09499299601489364,-90.50070039851063
2020-10-08,0.0,0.09499299601489364,-90.50070039851063
2020-10-09,0.0,0.09499299601489364,-90.50070039851063
2020-10-12,0.0,0.09499299601489364,-90.50070039851063
2020-10-13,0.0,0.09499299601489364,-90.50070039851063
2020-10-14,0.0,0.09499299601489364,-90.50070039851063
2020-10-15,0.0,0.09499299601489364,-90.50070039851063
2020-10-16,0.0,0.09499299601489364,-90.50070039851063
2020-10-19,0.0,0.09499299601489364,-90.50070039851063
2020-10-20,0.0,0.09499299601489364,-90.50070039851063
2020-10-21,0.0,0.09499299601489364,-90.50070039851063
2020-10-22,0.0,0.09499299601489364,-90.50070039851063
2020-10-23,0.0,0.09499299601489364,-90.50070039851063
2020-10-26,0.0,0.09499299601489364,-90.50070039851063
2020-10-27,0.0,0.09499299601489364,-90.50070039851063
2020-10-28,0.0,0.09499299601489364,-90.50070039851063
2020-10-29,0.0,0.09499299601489364,-90.50070039851063
2020-10-30,0.0,0.09499299601489364,-90.50070039851063
2020-11-02,0.0,0.09499299601489364,-90.50070039851063
2020-11-03,0.0,0.09499299601489364,-90.50070039851063
2020-11-04,0.0,0.09499299601489364,-90.50070039851063
2020-11-05,0.0,0.09499299601489364,-90.50070039851063
2020-11-06,0.0,0.09499299601489364,-90.50070039851063
2020-11-09,0.0,0.09499299601489364,-90.50070039851063
2020-11-10,0.0,0.09499299601489364,-90.50070039851063
2020-11-11,0.0,0.09499299601489364,-90.50070039851063
2020-11-12,0.0,0.09499299601489364,-90.50070039851063
2020-11-13,0.0,0.09499299601489364,-90.50070039851063
2020-11-16,0.0,0.09499299601489364,-90.50070039851063
2020-11-17,0.0,0.09499299601489364,-90.50070039851063
2020-11-19,0.0,0.09499299601489364,-90.50070039851063
2020-11-20,0.0,0.09499299601489364,-90.50070039851063
2020-11-23,0.0,0.09499299601489364,-90.50070039851063
2020-11-24,0.0,0.09499299601489364,-90.50070039851063
2020-11-25,0.0,0.09499299601489364,-90.50070039851063
2020-11-26,0.0,0.09499299601489364,-90.50070039851063
2020-11-27,0.0,0.09499299601489364,-90.50070039851063
2020-11-30,0.0,0.09499299601489364,-90.50070039851063
2020-12-01,0.0,0.09499299601489364,-90.50070039851063
2020-12-02,0.0,0.09499299601489364,-90.50070039851063
2020-12-03,0.0,0.09499299601489364,-90.50070039851063
2020-12-04,0.0,0.09499299601489364,-90.50070039851063
2020-12-07,0.0,0.09499299601489364,-90.50070039851063
2020-12-08,0.0,0.09499299601489364,-90.50070039851063
2020-12-09,0.0,0.09499299601489364,-90.50070039851063
2020-12-10,0.0,0.09499299601489364,-90.50070039851063
2020-12-11,0.0,0.09499299601489364,-90.50070039851063
2020-12-14,0.0,0.09499299601489364,-90.50070039851063
2020-12-15,0.0,0.09499299601489364,-90.50070039851063
2020-12-16,0.0,0.09499299601489364,-90.50070039851063
2020-12-17,0.0,0.09499299601489364,-90.50070039851063
2020-12-18,0.0,0.09499299601489364,-90.50070039851063
2020-12-21,0.0,0.09499299601489364,-90.50070039851063
2020-12-22,0.0,0.09499299601489364,-90.50070039851063
2020-12-23,0.0,0.09499299601489364,-90.50070039851063
2020-12-28,0.0,0.09499299601489364,-90.50070039851063
2020-12-29,0.0,0.09499299601489364,-90.50070039851063
2020-12-30,0.0,0.09499299601489364,-90.50070039851063
2021-01-04,0.0,0.09499299601489364,-90.50070039851063
2021-01-05,0.0,0.09499299601489364,-90.50070039851063
2021-01-07,0.0,0.09499299601489364,-90.50070039851063
2021-01-08,0.0,0.09499299601489364,-90.50070039851063
2021-01-11,0.0,0.09499299601489364,-90.50070039851063
2021-01-12,0.0,0.09499299601489364,-90.50070039851063
2021-01-13,0.0,0.09499299601489364,-90.50070039851063
2021-01-14,0.0,0.09499299601489364,-90.50070039851063
2021-01-15,0.0,0.09499299601489364,-90.50070039851063
2021-01-18,0.0,0.09499299601489364,-90.50070039851063
2021-01-19,0.0,0.09499299601489364,-90.50070039851063
2021-01-20,0.0,0.09499299601489364,-90.50070039851063
2021-01-21,0.0,0.09499299601489364,-90.50070039851063
2021-01-22,0.0,0.09499299601489364,-90.50070039851063
2021-01-25,0.0,0.09499299601489364,-90.50070039851063
2021-01-26,0.0,0.09499299601489364,-90.50070039851063
2021-01-27,0.0,0.09499299601489364,-90.50070039851063
2021-01-28,0.0,0.09499299601489364,-90.50070039851063
2021-01-29,0.0,0.09499299601489364,-90.50070039851063
2021-02-01,0.0,0.09499299601489364,-90.50070039851063
2021-02-02,0.0,0.09499299601489364,-90.50070039851063
2021-02-03,0.0,0.09499299601489364,-90.50070039851063
2021-02-04,0.0,0.09499299601489364,-90.50070039851063
2021-02-05,0.0,0.09499299601489364,-90.50070039851063
2021-02-08,0.0,0.09499299601489364,-90.50070039851063
2021-02-09,0.0,0.09499299601489364,-90.50070039851063
2021-02-10,0.0,0.09499299601489364,-90.50070039851063
2021-02-11,0.0,0.09499299601489364,-90.50070039851063
2021-02-12,0.0,0.09499299601489364,-90.50070039851063
2021-02-15,0.0,0.09499299601489364,-90.50070039851063
2021-02-16,0.0,0.09499299601489364,-90.50070039851063
2021-02-17,0.0,0.09499299601489364,-90.50070039851063
2021-02-18,0.0,0.09499299601489364,-90.50070039851063
2021-02-19,0.0,0.09499299601489364,-90.50070039851063
2021-02-22,0.0,0.09499299601489364,-90.50070039851063
2021-02-23,0.0,0.09499299601489364,-90.50070039851063
2021-02-24,0.0,0.09499299601489364,-90.50070039851063
2021-02-25,0.0,0.09499299601489364,-90.50070039851063
2021-02-26,0.0,0.09499299601489364,-90.50070039851063
2021-03-01,0.0,0.09499299601489364,-90.50070039851063
2021-03-02,0.0,0.09499299601489364,-90.50070039851063
2021-03-03,0.0,0.09499299601489364,-90.50070039851063
2021-03-04,0.0,0.09499299601489364,-90.50070039851063
2021-03-05,0.0,0.09499299601489364,-90.50070039851063
2021-03-08,0.0,0.09499299601489364,-90.50070039851063
2021-03-09,-0.00945,0.09409531220255289,-90.59046877974471
2021-03-10,0.02375,0.09633007586736352,-90.36699241326365
2021-03-11,0.029500000000000002,0.09917181310545074,-90.08281868945492
2021-03-12,-0.018750000000000003,0.09731234160972353,-90.26876583902764
2021-03-15,0.00995,0.09828059940874027,-90.17194005912597
2021-03-16,0.0201,0.10025603945685596,-89.97439605431441
2021-03-17,-0.01395,0.09885746770643282,-90.11425322935672
2021-03-18,0.0024,0.09909472562892825,-90.09052743710717
2021-03-19,-0.024149999999999998,0.09670158800498964,-90.32984119950103
2021-03-22,0.0122,0.09788134737865051,-90.21186526213495
2021-03-23,0.0,0.09788134737865051,-90.21186526213495
2021-03-24,0.0,0.09788134737865051,-90.21186526213495
2021-03-25,0.0,0.09788134737865051,-90.21186526213495
2021-03-26,0.0,0.09788134737865051,-90.21186526213495
2021-03-29,0.0,0.09788134737865051,-90.21186526213495
2021-03-30,0.0,0.09788134737865051,-90.21186526213495
2021-03-31,0.0,0.09788134737865051,-90.21186526213495
2021-04-01,0.0,0.09788134737865051,-90.21186526213495
2021-04-06,0.0,0.09788134737865051,-90.21186526213495
2021-04-07,0.0,0.09788134737865051,-90.21186526213495
2021-04-08,0.0,0.09788134737865051,-90.21186526213495
2021-04-09,0.0,0.09788134737865051,-90.21186526213495
2021-04-12,0.0,0.09788134737865051,-90.21186526213495
2021-04-13,0.0,0.09788134737865051,-90.21186526213495
2021-04-14,0.0,0.09788134737865051,-90.21186526213495
2021-04-15,0.0,0.09788134737865051,-90.21186526213495
2021-04-16,0.0,0.09788134737865051,-90.21186526213495
2021-04-19,0.0,0.09788134737865051,-90.21186526213495
2021-04-20,0.0,0.09788134737865051,-90.21186526213495
2021-04-21,0.0,0.09788134737865051,-90.21186526213495
2021-04-22,0.0,0.09788134737865051,-90.21186526213495
2021-04-23,0.0,0.09788134737865051,-90.21186526213495
2021-04-26,0.0,0.09788134737865051,-90.21186526213495
2021-04-27,0.0,0.09788134737865051,-90.21186526213495
2021-04-28,0.0,0.09788134737865051,-90.21186526213495
2021-04-29,0.0,0.09788134737865051,-90.21186526213495
2021-04-30,0.0,0.09788134737865051,-90.21186526213495
2021-05-03,0.0,0.09788134737865051,-90.21186526213495
2021-05-04,0.0,0.09788134737865051,-90.21186526213495
2021-05-05,0.0,0.09788134737865051,-90.21186526213495
2021-05-06,0.0,0.09788134737865051,-90.21186526213495
2021-05-07,0.0,0.09788134737865051,-90.21186526213495
2021-05-10,0.0,0.09788134737865051,-90.21186526213495
2021-05-11,0.0,0.09788134737865051,-90.21186526213495
2021-05-12,0.0,0.09788134737865051,-90.21186526213495
2021-05-13,0.0,0.09788134737865051,-90.21186526213495
2021-05-14,0.0,0.09788134737865051,-90.21186526213495
2021-05-17,0.0,0.09788134737865051,-90.21186526213495
2021-05-18,0.0,0.09788134737865051,-90.21186526213495
2021-05-19,0.0,0.09788134737865051,-90.21186526213495
2021-05-20,0.0,0.09788134737865051,-90.21186526213495
2021-05-21,0.0,0.09788134737865051,-90.21186526213495
2021-05-24,0.0,0.09788134737865051,-90.21186526213495
2021-05-25,0.0,0.09788134737865051,-90.21186526213495
2021-05-26,0.0,0.09788134737865051,-90.21186526213495
2021-05-27,0.0,0.09788134737865051,-90.21186526213495
2021-05-28,0.0,0.09788134737865051,-90.21186526213495
2021-05-31,0.0,0.09788134737865051,-90.21186526213495
2021-06-01,0.0,0.09788134737865051,-90.21186526213495
2021-06-02,0.0,0.09788134737865051,-90.21186526213495
2021-06-04,0.0,0.09788134737865051,-90.21186526213495
2021-06-07,0.0,0.09788134737865051,-90.21186526213495
2021-06-08,0.0,0.09788134737865051,-90.21186526213495
2021-06-09,0.0,0.09788134737865051,-90.21186526213495
2021-06-10,0.0,0.09788134737865051,-90.21186526213495
2021-06-11,0.0,0.09788134737865051,-90.21186526213495
2021-06-14,0.0,0.09788134737865051,-90.21186526213495
2021-06-15,0.0,0.09788134737865051,-90.21186526213495
2021-06-16,0.0,0.09788134737865051,-90.21186526213495
2021-06-17,0.0,0.09788134737865051,-90.21186526213495
2021-06-18,0.0,0.09788134737865051,-90.21186526213495
2021-06-21,0.0,0.09788134737865051,-90.21186526213495
2021-06-23,0.0,0.09788134737865051,-90.21186526213495
2021-06-24,0.0,0.09788134737865051,-90.21186526213495
2021-06-25,0.0,0.09788134737865051,-90.21186526213495
2021-06-28,0.0,0.09788134737865051,-90.21186526213495
2021-06-29,0.0,0.09788134737865051,-90.21186526213495
2021-06-30,0.0,0.09788134737865051,-90.21186526213495
2021-07-01,0.0,0.09788134737865051,-90.21186526213495
2021-07-02,0.0,0.09788134737865051,-90.21186526213495
2021-07-05,0.0,0.09788134737865051,-90.21186526213495
2021-07-06,0.0,0.09788134737865051,-90.21186526213495
2021-07-07,0.0,0.09788134737865051,-90.21186526213495
2021-07-08,0.0,0.09788134737865051,-90.21186526213495
2021-07-09,0.0,0.09788134737865051,-90.21186526213495
2021-07-12,0.0,0.09788134737865051,-90.21186526213495
2021-07-13,0.0,0.09788134737865051,-90.21186526213495
2021-07-14,0.0,0.09788134737865051,-90.21186526213495
2021-07-15,0.0,0.09788134737865051,-90.21186526213495
2021-07-16,0.0,0.09788134737865051,-90.21186526213495
2021-07-19,0.0,0.09788134737865051,-90.21186526213495
2021-07-20,0.0,0.09788134737865051,-90.21186526213495
2021-07-21,0.0,0.09788134737865051,-90.21186526213495
2021-07-22,0.0,0.09788134737865051,-90.21186526213495
2021-07-23,0.0,0.09788134737865051,-90.21186526213495
2021-07-26,0.0,0.09788134737865051,-90.21186526213495
2021-07-27,0.0,0.09788134737865051,-90.21186526213495
2021-07-28,0.0,0.09788134737865051,-90.21186526213495
2021-07-29,0.0,0.09788134737865051,-90.21186526213495
2021-07-30,0.0,0.09788134737865051,-90.21186526213495
2021-08-02,0.0,0.09788134737865051,-90.21186526213495
2021-08-03,0.0,0.09788134737865051,-90.21186526213495
2021-08-04,0.0,0.09788134737865051,-90.21186526213495
2021-08-06,0.0,0.09788134737865051,-90.21186526213495
2021-08-09,0.0,0.09788134737865051,-90.21186526213495
2021-08-10,0.0,0.09788134737865051,-90.21186526213495
2021-08-11,0.0,0.09788134737865051,-90.21186526213495
2021-08-12,0.0,0.09788134737865051,-90.21186526213495
2021-08-13,0.0,0.09788134737865051,-90.21186526213495
2021-08-16,0.0,0.09788134737865051,-90.21186526213495
2021-08-17,0.0,0.09788134737865051,-90.21186526213495
2021-08-18,0.0,0.09788134737865051,-90.21186526213495
2021-08-19,0.0,0.09788134737865051,-90.21186526213495
2021-08-20,0.0,0.09788134737865051,-90.21186526213495
2021-08-23,0.0,0.09788134737865051,-90.21186526213495
2021-08-24,0.0,0.09788134737865051,-90.21186526213495
2021-08-25,0.0,0.09788134737865051,-90.21186526213495
2021-08-26,0.0,0.09788134737865051,-90.21186526213495
2021-08-27,0.0,0.09788134737865051,-90.21186526213495
2021-08-30,0.0,0.09788134737865051,-90.21186526213495
2021-08-31,0.0,0.09788134737865051,-90.21186526213495
2021-09-01,0.0,0.09788134737865051,-90.21186526213495
2021-09-02,0.0,0.09788134737865051,-90.21186526213495
2021-09-03,0.0,0.09788134737865051,-90.21186526213495
2021-09-06,0.0,0.09788134737865051,-90.21186526213495
2021-09-07,0.0,0.09788134737865051,-90.21186526213495
2021-09-08,0.0,0.09788134737865051,-90.21186526213495
2021-09-09,-0.0683,0.09119605135268867,-90.88039486473113
2021-09-10,0.0,0.09119605135268867,-90.88039486473113
2021-09-13,0.0167,0.09271902541027857,-90.72809745897214
2021-09-14,-0.0164,0.09119843339355001,-90.880156660645
2021-09-15,0.0,0.09119843339355001,-90.880156660645
2021-09-16,0.0,0.09119843339355001,-90.880156660645
2021-09-17,-0.0233,0.0890735098954803,-91.09264901045198
2021-09-20,0.2594,0.11217917836236789,-88.7820821637632
2021-09-21,0.0,0.11217917836236789,-88.7820821637632
2021-09-22,0.0,0.11217917836236789,-88.7820821637632
2021-09-23,0.0,0.11217917836236789,-88.7820821637632
2021-09-24,0.0,0.11217917836236789,-88.7820821637632
2021-09-27,0.0,0.11217917836236789,-88.7820821637632
2021-09-28,0.0,0.11217917836236789,-88.7820821637632
2021-09-29,0.0,0.11217917836236789,-88.7820821637632
2021-09-30,0.0,0.11217917836236789,-88.7820821637632
2021-10-01,0.0,0.11217917836236789,-88.7820821637632
2021-10-04,0.0,0.11217917836236789,-88.7820821637632
2021-10-05,0.0,0.11217917836236789,-88.7820821637632
2021-10-06,0.0,0.11217917836236789,-88.7820821637632
2021-10-07,0.0,0.11217917836236789,-88.7820821637632
2021-10-08,0.0,0.11217917836236789,-88.7820821637632
2021-10-11,0.0,0.11217917836236789,-88.7820821637632
2021-10-12,0.0,0.11217917836236789,-88.7820821637632
2021-10-13,0.0,0.11217917836236789,-88.7820821637632
2021-10-14,0.0,0.11217917836236789,-88.7820821637632
2021-10-15,0.0,0.11217917836236789,-88.7820821637632
2021-10-18,0.0,0.11217917836236789,-88.7820821637632
2021-10-19,0.0,0.11217917836236789,-88.7820821637632
2021-10-20,0.0,0.11217917836236789,-88.7820821637632
2021-10-21,0.0,0.11217917836236789,-88.7820821637632
2021-10-22,0.0,0.11217917836236789,-88.7820821637632
2021-10-25,0.0,0.11217917836236789,-88.7820821637632
2021-10-26,0.0,0.11217917836236789,-88.7820821637632
2021-10-27,0.0,0.11217917836236789,-88.7820821637632
2021-10-28,0.0,0.11217917836236789,-88.7820821637632
2021-10-29,0.0,0.11217917836236789,-88.7820821637632
2021-11-02,0.0,0.11217917836236789,-88.7820821637632
2021-11-03,0.0,0.11217917836236789,-88.7820821637632
2021-11-04,0.0,0.11217917836236789,-88.7820821637632
2021-11-05,0.0,0.11217917836236789,-88.7820821637632
2021-11-08,0.0,0.11217917836236789,-88.7820821637632
2021-11-09,0.0,0.11217917836236789,-88.7820821637632
2021-11-10,0.0,0.11217917836236789,-88.7820821637632
2021-11-11,0.0,0.11217917836236789,-88.7820821637632
2021-11-12,0.0,0.11217917836236789,-88.7820821637632
2021-11-15,0.0,0.11217917836236789,-88.7820821637632
2021-11-16,0.0,0.11217917836236789,-88.7820821637632
2021-11-17,0.0,0.11217917836236789,-88.7820821637632
2021-11-19,0.0,0.11217917836236789,-88.7820821637632
2021-11-22,0.0,0.11217917836236789,-88.7820821637632
2021-11-23,0.0,0.11217917836236789,-88.7820821637632
2021-11-24,0.0,0.11217917836236789,-88.7820821637632
2021-11-25,0.0,0.11217917836236789,-88.7820821637632
2021-11-26,0.0,0.11217917836236789,-88.7820821637632
2021-11-29,0.0,0.11217917836236789,-88.7820821637632
2021-11-30,0.0,0.11217917836236789,-88.7820821637632
2021-12-01,0.0,0.11217917836236789,-88.7820821637632
2021-12-02,0.0,0.11217917836236789,-88.7820821637632
2021-12-03,0.0,0.11217917836236789,-88.7820821637632
2021-12-06,0.0,0.11217917836236789,-88.7820821637632
2021-12-07,0.0,0.11217917836236789,-88.7820821637632
2021-12-08,0.0,0.11217917836236789,-88.7820821637632
2021-12-09,0.0,0.11217917836236789,-88.7820821637632
2021-12-10,0.0,0.11217917836236789,-88.7820821637632
2021-12-13,0.0,0.11217917836236789,-88.7820821637632
2021-12-14,0.0,0.11217917836236789,-88.7820821637632
2021-12-15,0.0,0.11217917836236789,-88.7820821637632
2021-12-16,0.0,0.11217917836236789,-88.7820821637632
2021-12-17,0.0,0.11217917836236789,-88.7820821637632
2021-12-20,0.0,0.11217917836236789,-88.7820821637632
2021-12-21,0.0,0.11217917836236789,-88.7820821637632
2021-12-22,0.0,0.11217917836236789,-88.7820821637632
2021-12-23,0.0,0.11217917836236789,-88.7820821637632
2021-12-27,0.0,0.11217917836236789,-88.7820821637632
2021-12-28,0.0,0.11217917836236789,-88.7820821637632
2021-12-29,0.0,0.11217917836236789,-88.7820821637632
2021-12-30,0.0,0.11217917836236789,-88.7820821637632
2022-01-03,0.0,0.11217917836236789,-88.7820821637632
2022-01-04,0.0,0.11217917836236789,-88.7820821637632
2022-01-05,0.0,0.11217917836236789,-88.7820821637632
2022-01-07,0.0,0.11217917836236789,-88.7820821637632
2022-01-10,0.0,0.11217917836236789,-88.7820821637632
2022-01-11,0.0,0.11217917836236789,-88.7820821637632
2022-01-12,0.0,0.11217917836236789,-88.7820821637632
2022-01-13,0.0,0.11217917836236789,-88.7820821637632
2022-01-14,0.0,0.11217917836236789,-88.7820821637632
2022-01-17,0.0,0.11217917836236789,-88.7820821637632
2022-01-18,0.0,0.11217917836236789,-88.7820821637632
2022-01-19,0.0,0.11217917836236789,-88.7820821637632
2022-01-20,0.0,0.11217917836236789,-88.7820821637632
2022-01-21,0.0,0.11217917836236789,-88.7820821637632
2022-01-24,0.0,0.11217917836236789,-88.7820821637632
2022-01-25,0.0,0.11217917836236789,-88.7820821637632
2022-01-26,0.0,0.11217917836236789,-88.7820821637632
2022-01-27,0.0,0.11217917836236789,-88.7820821637632
2022-01-28,0.0,0.11217917836236789,-88.7820821637632
2022-01-31,0.0,0.11217917836236789,-88.7820821637632
2022-02-01,0.0,0.11217917836236789,-88.7820821637632
2022-02-02,0.0,0.11217917836236789,-88.7820821637632
2022-02-03,0.0,0.11217917836236789,-88.7820821637632
2022-02-04,0.0,0.11217917836236789,-88.7820821637632
2022-02-07,0.0,0.11217917836236789,-88.7820821637632
2022-02-08,0.0,0.11217917836236789,-88.7820821637632
2022-02-09,0.0,0.11217917836236789,-88.7820821637632
2022-02-10,0.0,0.11217917836236789,-88.7820821637632
2022-02-11,0.0,0.11217917836236789,-88.7820821637632
2022-02-14,0.0,0.11217917836236789,-88.7820821637632
2022-02-15,0.0,0.11217917836236789,-88.7820821637632
2022-02-16,0.0,0.11217917836236789,-88.7820821637632
2022-02-17,0.0,0.11217917836236789,-88.7820821637632
2022-02-18,0.0,0.11217917836236789,-88.7820821637632
2022-02-21,0.0,0.11217917836236789,-88.7820821637632
2022-02-22,0.0,0.11217917836236789,-88.7820821637632
2022-02-23,0.0,0.11217917836236789,-88.7820821637632
2022-02-24,0.0,0.11217917836236789,-88.7820821637632
2022-02-25,0.0,0.11217917836236789,-88.7820821637632
2022-02-28,0.0,0.11217917836236789,-88.7820821637632
2022-03-01,-0.0726,0.10403497001325998,-89.596502998674
2022-03-02,-0.2348,0.07960755905414654,-92.03924409458534
2022-03-03,-0.0341,0.07689294129040014,-92.31070587095999
2022-03-04,0.0176,0.07824625705711119,-92.17537429428889
2022-03-07,-0.052,0.07417745169014141,-92.58225483098586
2022-03-08,0.0,0.07417745169014141,-92.58225483098586
2022-03-09,0.0318,0.0765362946538879,-92.34637053461121
2022-03-10,-0.02455,0.07465732862013497,-92.5342671379865
2022-03-11,0.01685,0.07591530460738424,-92.40846953926157
2022-03-14,0.0,0.07591530460738424,-92.40846953926157
2022-03-15,-0.00215,0.07575208670247836,-92.42479132975217
2022-03-16,0.0066,0.07625205047471471,-92.37479495252853
2022-03-17,0.00325,0.07649986963875753,-92.35001303612424
2022-03-18,-0.03015,0.07419339856914899,-92.5806601430851
2022-03-21,0.0264,0.07615210429137452,-92.38478957086255
2022-03-22,0.0,0.07615210429137452,-92.38478957086255
2022-03-23,0.0,0.07615210429137452,-92.38478957086255
2022-03-24,0.0,0.07615210429137452,-92.38478957086255
2022-03-25,0.0,0.07615210429137452,-92.38478957086255
2022-03-28,0.0,0.07615210429137452,-92.38478957086255
2022-03-29,0.0,0.07615210429137452,-92.38478957086255
2022-03-30,0.0,0.07615210429137452,-92.38478957086255
2022-03-31,0.0,0.07615210429137452,-92.38478957086255
2022-04-01,0.0,0.07615210429137452,-92.38478957086255
2022-04-04,0.0,0.07615210429137452,-92.38478957086255
2022-04-05,0.0,0.07615210429137452,-92.38478957086255
2022-04-06,0.0,0.07615210429137452,-92.38478957086255
2022-04-07,0.0,0.07615210429137452,-92.38478957086255
2022-04-08,0.0985,0.08365308656407491,-91.63469134359251
2022-04-11,0.0076,0.08428885002196189,-91.57111499780382
2022-04-12,-0.0038,0.08396855239187843,-91.60314476081216
2022-04-13,0.0038,0.08428763289096758,-91.57123671090324
2022-04-14,0.0,0.08428763289096758,-91.57123671090324
2022-04-19,0.0,0.08428763289096758,-91.57123671090324
2022-04-20,0.0,0.08428763289096758,-91.57123671090324
2022-04-21,0.0,0.08428763289096758,-91.57123671090324
2022-04-22,0.0,0.08428763289096758,-91.57123671090324
2022-04-25,0.0,0.08428763289096758,-91.57123671090324
2022-04-26,0.0,0.08428763289096758,-91.57123671090324
2022-04-27,0.0,0.08428763289096758,-91.57123671090324
2022-04-28,0.0,0.08428763289096758,-91.57123671090324
2022-04-29,0.0,0.08428763289096758,-91.57123671090324
2022-05-02,0.0,0.08428763289096758,-91.57123671090324
2022-05-03,0.0,0.08428763289096758,-91.57123671090324
2022-05-04,0.0,0.08428763289096758,-91.57123671090324
2022-05-05,0.0,0.08428763289096758,-91.57123671090324
2022-05-06,0.0,0.08428763289096758,-91.57123671090324
2022-05-09,0.0,0.08428763289096758,-91.57123671090324
2022-05-10,0.0,0.08428763289096758,-91.57123671090324
2022-05-11,0.0,0.08428763289096758,-91.57123671090324
2022-05-12,0.0,0.08428763289096758,-91.57123671090324
2022-05-13,0.0,0.08428763289096758,-91.57123671090324
2022-05-16,0.0,0.08428763289096758,-91.57123671090324
2022-05-17,0.0,0.08428763289096758,-91.57123671090324
2022-05-18,0.0,0.08428763289096758,-91.57123671090324
2022-05-19,0.0,0.08428763289096758,-91.57123671090324
2022-05-20,0.0,0.08428763289096758,-91.57123671090324
2022-05-23,0.0,0.08428763289096758,-91.57123671090324
2022-05-24,0.0,0.08428763289096758,-91.57123671090324
2022-05-25,0.0,0.08428763289096758,-91.57123671090324
2022-05-26,0.0,0.08428763289096758,-91.57123671090324
2022-05-27,0.0,0.08428763289096758,-91.57123671090324
2022-05-31,0.0,0.08428763289096758,-91.57123671090324
2022-06-01,0.0,0.08428763289096758,-91.57123671090324
2022-06-02,0.0,0.08428763289096758,-91.57123671090324
2022-06-03,0.0,0.08428763289096758,-91.57123671090324
2022-06-06,0.0,0.08428763289096758,-91.57123671090324
2022-06-07,0.0,0.08428763289096758,-91.57123671090324
2022-06-08,0.0,0.08428763289096758,-91.57123671090324
2022-06-09,0.0,0.08428763289096758,-91.57123671090324
2022-06-10,0.0,0.08428763289096758,-91.57123671090324
2022-06-13,0.0,0.08428763289096758,-91.57123671090324
2022-06-14,0.0,0.08428763289096758,-91.57123671090324
2022-06-15,0.0,0.08428763289096758,-91.57123671090324
2022-06-17,0.0,0.08428763289096758,-91.57123671090324
2022-06-20,0.0,0.08428763289096758,-91.57123671090324
2022-06-21,0.0,0.08428763289096758,-91.57123671090324
2022-06-23,0.0,0.08428763289096758,-91.57123671090324
2022-06-24,0.0,0.08428763289096758,-91.57123671090324
2022-06-27,0.0,0.08428763289096758,-91.57123671090324
2022-06-28,0.0,0.08428763289096758,-91.57123671090324
2022-06-29,0.0,0.08428763289096758,-91.57123671090324
2022-06-30,0.0,0.08428763289096758,-91.57123671090324
2022-07-01,0.0,0.08428763289096758,-91.57123671090324
2022-07-04,0.0,0.08428763289096758,-91.57123671090324
2022-07-05,0.0,0.08428763289096758,-91.57123671090324
2022-07-06,0.0,0.08428763289096758,-91.57123671090324
2022-07-07,0.0,0.08428763289096758,-91.57123671090324
2022-07-08,0.0,0.08428763289096758,-91.57123671090324
2022-07-11,0.0,0.08428763289096758,-91.57123671090324
2022-07-12,-0.2135,0.066292223268746,-93.3707776731254
2022-07-13,-0.1357,0.05729636857117717,-94.27036314288229
2022-07-14,-0.8347,0.009471089724815586,-99.05289102751844
2022-07-15,0.0,0.009471089724815586,-99.05289102751844
2022-07-18,0.0,0.009471089724815586,-99.05289102751844
2022-07-19,0.0,0.009471089724815586,-99.05289102751844
2022-07-20,0.0,0.009471089724815586,-99.05289102751844
2022-07-21,0.0,0.009471089724815586,-99.05289102751844
2022-07-22,0.0,0.009471089724815586,-99.05289102751844
2022-07-25,0.0,0.009471089724815586,-99.05289102751844
2022-07-26,0.0,0.009471089724815586,-99.05289102751844
2022-07-27,0.0,0.009471089724815586,-99.05289102751844
2022-07-28,0.0,0.009471089724815586,-99.05289102751844
2022-07-29,0.0,0.009471089724815586,-99.05289102751844
2022-08-01,0.0,0.009471089724815586,-99.05289102751844
2022-08-02,0.0,0.009471089724815586,-99.05289102751844
2022-08-03,0.0,0.009471089724815586,-99.05289102751844
2022-08-04,0.0,0.009471089724815586,-99.05289102751844
2022-08-08,0.0,0.009471089724815586,-99.05289102751844
2022-08-09,0.0,0.009471089724815586,-99.05289102751844
2022-08-10,0.0,0.009471089724815586,-99.05289102751844
2022-08-11,0.0,0.009471089724815586,-99.05289102751844
2022-08-12,0.0,0.009471089724815586,-99.05289102751844
2022-08-16,0.0,0.009471089724815586,-99.05289102751844
2022-08-17,0.0,0.009471089724815586,-99.05289102751844
2022-08-18,0.0,0.009471089724815586,-99.05289102751844
2022-08-19,0.0,0.009471089724815586,-99.05289102751844
2022-08-22,0.0,0.009471089724815586,-99.05289102751844
2022-08-23,0.0,0.009471089724815586,-99.05289102751844
2022-08-24,0.0,0.009471089724815586,-99.05289102751844
2022-08-25,0.0,0.009471089724815586,-99.05289102751844
2022-08-26,0.0,0.009471089724815586,-99.05289102751844
2022-08-29,0.0,0.009471089724815586,-99.05289102751844
2022-08-30,0.0,0.009471089724815586,-99.05289102751844
2022-08-31,0.0,0.009471089724815586,-99.05289102751844
2022-09-01,0.0,0.009471089724815586,-99.05289102751844
2022-09-02,0.0,0.009471089724815586,-99.05289102751844
2022-09-05,0.0,0.009471089724815586,-99.05289102751844
2022-09-06,0.0,0.009471089724815586,-99.05289102751844
2022-09-07,0.0,0.009471089724815586,-99.05289102751844
2022-09-08,-0.019575,0.00928569314345232,-99.07143068565478
2022-09-09,0.016300000000000002,0.009437049941690593,-99.05629500583095
2022-09-12,0.00735,0.00950641225876202,-99.0493587741238
2022-09-13,0.01325,0.009632372221190616,-99.03676277788094
2022-09-14,0.0,0.009632372221190616,-99.03676277788094
2022-09-15,0.01585,0.009785045320896487,-99.02149546791034
2022-09-16,-0.028525,0.009505926903117915,-99.0494073096882
2022-09-19,-0.014674999999999999,0.00936642742581466,-99.06335725741855
2022-09-20,0.0,0.00936642742581466,-99.06335725741855
2022-09-21,0.0,0.00936642742581466,-99.06335725741855
2022-09-22,0.0,0.00936642742581466,-99.06335725741855
2022-09-23,0.0,0.00936642742581466,-99.06335725741855
2022-09-26,0.0,0.00936642742581466,-99.06335725741855
2022-09-27,0.0,0.00936642742581466,-99.06335725741855
2022-09-28,0.0,0.00936642742581466,-99.06335725741855
2022-09-29,0.0,0.00936642742581466,-99.06335725741855
2022-09-30,0.0,0.00936642742581466,-99.06335725741855
2022-10-03,0.0,0.00936642742581466,-99.06335725741855
2022-10-04,0.0,0.00936642742581466,-99.06335725741855
2022-10-05,0.0,0.00936642742581466,-99.06335725741855
2022-10-06,0.0,0.00936642742581466,-99.06335725741855
2022-10-07,0.0,0.00936642742581466,-99.06335725741855
2022-10-10,0.0,0.00936642742581466,-99.06335725741855
2022-10-11,0.0,0.00936642742581466,-99.06335725741855
2022-10-12,0.0,0.00936642742581466,-99.06335725741855
2022-10-13,0.0,0.00936642742581466,-99.06335725741855
2022-10-14,0.0,0.00936642742581466,-99.06335725741855
2022-10-17,0.0,0.00936642742581466,-99.06335725741855
2022-10-18,0.0,0.00936642742581466,-99.06335725741855
2022-10-19,0.0,0.00936642742581466,-99.06335725741855
2022-10-20,0.0,0.00936642742581466,-99.06335725741855
2022-10-21,0.0,0.00936642742581466,-99.06335725741855
2022-10-24,0.0,0.00936642742581466,-99.06335725741855
2022-10-25,0.0,0.00936642742581466,-99.06335725741855
2022-10-26,0.0,0.00936642742581466,-99.06335725741855
2022-10-27,0.0,0.00936642742581466,-99.06335725741855
2022-10-28,0.0,0.00936642742581466,-99.06335725741855
2022-10-31,0.0,0.00936642742581466,-99.06335725741855
2022-11-02,0.0,0.00936642742581466,-99.06335725741855
2022-11-03,0.0,0.00936642742581466,-99.06335725741855
2022-11-04,0.0,0.00936642742581466,-99.06335725741855
2022-11-07,0.0,0.00936642742581466,-99.06335725741855
2022-11-08,0.0,0.00936642742581466,-99.06335725741855
2022-11-09,0.0,0.00936642742581466,-99.06335725741855
2022-11-10,0.0,0.00936642742581466,-99.06335725741855
2022-11-11,0.0,0.00936642742581466,-99.06335725741855
2022-11-14,0.0,0.00936642742581466,-99.06335725741855
2022-11-15,0.0,0.00936642742581466,-99.06335725741855
2022-11-16,0.0,0.00936642742581466,-99.06335725741855
2022-11-17,0.0,0.00936642742581466,-99.06335725741855
2022-11-21,0.0,0.00936642742581466,-99.06335725741855
2022-11-22,0.0,0.00936642742581466,-99.06335725741855
2022-11-23,0.0,0.00936642742581466,-99.06335725741855
2022-11-24,0.0,0.00936642742581466,-99.06335725741855
2022-11-25,0.0,0.00936642742581466,-99.06335725741855
2022-11-28,0.0,0.00936642742581466,-99.06335725741855
2022-11-29,0.0,0.00936642742581466,-99.06335725741855
2022-11-30,0.0,0.00936642742581466,-99.06335725741855
2022-12-01,0.0,0.00936642742581466,-99.06335725741855
2022-12-02,0.0,0.00936642742581466,-99.06335725741855
2022-12-05,0.0,0.00936642742581466,-99.06335725741855
2022-12-06,0.0,0.00936642742581466,-99.06335725741855
2022-12-07,0.0,0.00936642742581466,-99.06335725741855
2022-12-08,0.0,0.00936642742581466,-99.06335725741855
2022-12-09,0.0932,0.010239378461900586,-98.97606215380993
2022-12-12,0.0,0.010239378461900586,-98.97606215380993
2022-12-13,0.0,0.010239378461900586,-98.97606215380993
2022-12-14,0.0026,0.010266000845901527,-98.97339991540984
2022-12-15,0.0,0.010266000845901527,-98.97339991540984
2022-12-16,0.0,0.010266000845901527,-98.97339991540984
2022-12-19,0.0,0.010266000845901527,-98.97339991540984
2022-12-20,0.0,0.010266000845901527,-98.97339991540984
2022-12-21,0.0,0.010266000845901527,-98.97339991540984
2022-12-22,0.0,0.010266000845901527,-98.97339991540984
2022-12-23,0.0,0.010266000845901527,-98.97339991540984
2022-12-27,0.0,0.010266000845901527,-98.97339991540984
2022-12-28,0.0,0.010266000845901527,-98.97339991540984
2023-01-02,0.0,0.010266000845901527,-98.97339991540984
2023-01-03,0.0,0.010266000845901527,-98.97339991540984
2023-01-04,0.0,0.010266000845901527,-98.97339991540984
2023-01-05,0.0,0.010266000845901527,-98.97339991540984
2023-01-09,0.0,0.010266000845901527,-98.97339991540984
2023-01-10,0.0,0.010266000845901527,-98.97339991540984
2023-01-11,0.0,0.010266000845901527,-98.97339991540984
2023-01-12,0.0,0.010266000845901527,-98.97339991540984
2023-01-13,0.0,0.010266000845901527,-98.97339991540984
2023-01-16,0.0,0.010266000845901527,-98.97339991540984
2023-01-17,0.0,0.010266000845901527,-98.97339991540984
2023-01-18,0.0,0.010266000845901527,-98.97339991540984
2023-01-19,0.0,0.010266000845901527,-98.97339991540984
2023-01-20,0.0,0.010266000845901527,-98.97339991540984
2023-01-23,0.0,0.010266000845901527,-98.97339991540984
2023-01-24,0.0,0.010266000845901527,-98.97339991540984
2023-01-25,0.0,0.010266000845901527,-98.97339991540984
2023-01-26,0.0,0.010266000845901527,-98.97339991540984
2023-01-27,0.0,0.010266000845901527,-98.97339991540984
2023-01-30,0.0,0.010266000845901527,-98.97339991540984
2023-01-31,0.0,0.010266000845901527,-98.97339991540984
2023-02-01,0.0,0.010266000845901527,-98.97339991540984
2023-02-02,0.0,0.010266000845901527,-98.97339991540984
2023-02-03,0.0,0.010266000845901527,-98.97339991540984
2023-02-06,0.0,0.010266000845901527,-98.97339991540984
2023-02-07,0.0,0.010266000845901527,-98.97339991540984
2023-02-08,0.0,0.010266000845901527,-98.97339991540984
2023-02-09,0.0,0.010266000845901527,-98.97339991540984
2023-02-10,0.0,0.010266000845901527,-98.97339991540984
2023-02-13,0.0,0.010266000845901527,-98.97339991540984
2023-02-14,0.0,0.010266000845901527,-98.97339991540984
2023-02-15,0.0,0.010266000845901527,-98.97339991540984
2023-02-16,0.0,0.010266000845901527,-98.97339991540984
2023-02-17,0.0,0.010266000845901527,-98.97339991540984
2023-02-20,0.0,0.010266000845901527,-98.97339991540984
2023-02-21,0.0,0.010266000845901527,-98.97339991540984
2023-02-22,0.0,0.010266000845901527,-98.97339991540984
2023-02-23,0.0,0.010266000845901527,-98.97339991540984
2023-02-24,0.0,0.010266000845901527,-98.97339991540984
2023-02-27,0.0,0.010266000845901527,-98.97339991540984
2023-02-28,0.0,0.010266000845901527,-98.97339991540984
2023-03-01,0.0,0.010266000845901527,-98.97339991540984
2023-03-02,0.0,0.010266000845901527,-98.97339991540984
2023-03-03,0.0,0.010266000845901527,-98.97339991540984
2023-03-06,0.0,0.010266000845901527,-98.97339991540984
2023-03-07,-0.014575000000000001,0.010116373883572512,-98.98836261164274
2023-03-08,0.006675,0.010183900679245359,-98.98160993207547
2023-03-09,-0.004525,0.010137818528671773,-98.98621814713282
2023-03-10,-0.035025,0.009782741434705044,-99.0217258565295
2023-03-13,-0.01825,0.009604206403521677,-99.03957935964783
2023-03-14,0.014249999999999997,0.009741066344771862,-99.0258933655228
2023-03-15,-0.02895,0.009459062474090715,-99.05409375259093
2023-03-16,0.011175000000000001,0.009564767497238679,-99.04352325027614
2023-03-17,0.0,0.009564767497238679,-99.04352325027614
2023-03-20,-0.014825000000000001,0.009422969819092115,-99.05770301809079
2023-03-21,0.0,0.009422969819092115,-99.05770301809079
2023-03-22,0.0,0.009422969819092115,-99.05770301809079
2023-03-23,0.0,0.009422969819092115,-99.05770301809079
2023-03-24,0.0,0.009422969819092115,-99.05770301809079
2023-03-27,0.0,0.009422969819092115,-99.05770301809079
2023-03-28,0.0,0.009422969819092115,-99.05770301809079
2023-03-29,0.0,0.009422969819092115,-99.05770301809079
2023-03-30,0.0,0.009422969819092115,-99.05770301809079
2023-03-31,0.0,0.009422969819092115,-99.05770301809079
2023-04-03,0.0,0.009422969819092115,-99.05770301809079
2023-04-04,0.0,0.009422969819092115,-99.05770301809079
2023-04-05,0.0,0.009422969819092115,-99.05770301809079
2023-04-06,0.0,0.009422969819092115,-99.05770301809079
2023-04-11,0.0,0.009422969819092115,-99.05770301809079
2023-04-12,0.0,0.009422969819092115,-99.05770301809079
2023-04-13,0.0,0.009422969819092115,-99.05770301809079
2023-04-14,0.0,0.009422969819092115,-99.05770301809079
2023-04-17,0.0,0.009422969819092115,-99.05770301809079
2023-04-18,0.0,0.009422969819092115,-99.05770301809079
2023-04-19,0.0,0.009422969819092115,-99.05770301809079
2023-04-20,0.0,0.009422969819092115,-99.05770301809079
2023-04-21,0.0,0.009422969819092115,-99.05770301809079
2023-04-24,0.0,0.009422969819092115,-99.05770301809079
2023-04-25,0.0,0.009422969819092115,-99.05770301809079
2023-04-26,0.0,0.009422969819092115,-99.05770301809079
2023-04-27,0.0,0.009422969819092115,-99.05770301809079
2023-04-28,0.0,0.009422969819092115,-99.05770301809079
2023-05-02,0.0,0.009422969819092115,-99.05770301809079
2023-05-03,0.0,0.009422969819092115,-99.05770301809079
2023-05-04,0.0,0.009422969819092115,-99.05770301809079
2023-05-05,0.0,0.009422969819092115,-99.05770301809079
2023-05-08,0.0,0.009422969819092115,-99.05770301809079
2023-05-09,0.0,0.009422969819092115,-99.05770301809079
2023-05-10,0.0,0.009422969819092115,-99.05770301809079
2023-05-11,0.0,0.009422969819092115,-99.05770301809079
2023-05-12,0.0,0.009422969819092115,-99.05770301809079
2023-05-15,0.0,0.009422969819092115,-99.05770301809079
2023-05-16,0.0,0.009422969819092115,-99.05770301809079
2023-05-17,0.0,0.009422969819092115,-99.05770301809079
2023-05-18,0.0,0.009422969819092115,-99.05770301809079
2023-05-19,0.0,0.009422969819092115,-99.05770301809079
2023-05-22,0.0,0.009422969819092115,-99.05770301809079
2023-05-23,0.0,0.009422969819092115,-99.05770301809079
2023-05-24,0.0,0.009422969819092115,-99.05770301809079
2023-05-25,0.0,0.009422969819092115,-99.05770301809079
2023-05-26,0.0,0.009422969819092115,-99.05770301809079
2023-05-29,0.0,0.009422969819092115,-99.05770301809079
2023-05-31,0.0,0.009422969819092115,-99.05770301809079
2023-06-01,0.0,0.009422969819092115,-99.05770301809079
2023-06-02,0.0,0.009422969819092115,-99.05770301809079
2023-06-05,0.0,0.009422969819092115,-99.05770301809079
2023-06-06,0.0,0.009422969819092115,-99.05770301809079
2023-06-07,0.0,0.009422969819092115,-99.05770301809079
2023-06-09,0.0,0.009422969819092115,-99.05770301809079
2023-06-12,0.0,0.009422969819092115,-99.05770301809079
2023-06-13,0.0,0.009422969819092115,-99.05770301809079
2023-06-14,0.0,0.009422969819092115,-99.05770301809079
2023-06-15,0.0,0.009422969819092115,-99.05770301809079
2023-06-16,0.0,0.009422969819092115,-99.05770301809079
2023-06-19,0.0,0.009422969819092115,-99.05770301809079
2023-06-20,0.0,0.009422969819092115,-99.05770301809079
2023-06-21,0.0,0.009422969819092115,-99.05770301809079
2023-06-23,0.0,0.009422969819092115,-99.05770301809079
2023-06-26,0.0,0.009422969819092115,-99.05770301809079
2023-06-27,0.0,0.009422969819092115,-99.05770301809079
2023-06-28,0.0,0.009422969819092115,-99.05770301809079
2023-06-29,0.0,0.009422969819092115,-99.05770301809079
2023-06-30,0.0,0.009422969819092115,-99.05770301809079
2023-07-03,0.0,0.009422969819092115,-99.05770301809079
2023-07-04,0.0,0.009422969819092115,-99.05770301809079
2023-07-05,0.0,0.009422969819092115,-99.05770301809079
2023-07-06,0.0,0.009422969819092115,-99.05770301809079
2023-07-07,0.0,0.009422969819092115,-99.05770301809079
2023-07-10,0.0,0.009422969819092115,-99.05770301809079
2023-07-11,0.0,0.009422969819092115,-99.05770301809079
2023-07-12,0.0,0.009422969819092115,-99.05770301809079
2023-07-13,0.0,0.009422969819092115,-99.05770301809079
2023-07-14,0.0,0.009422969819092115,-99.05770301809079
2023-07-17,0.0,0.009422969819092115,-99.05770301809079
2023-07-18,0.0,0.009422969819092115,-99.05770301809079
2023-07-19,0.0,0.009422969819092115,-99.05770301809079
2023-07-20,0.0,0.009422969819092115,-99.05770301809079
2023-07-21,0.0,0.009422969819092115,-99.05770301809079
2023-07-24,0.0,0.009422969819092115,-99.05770301809079
2023-07-25,0.0,0.009422969819092115,-99.05770301809079
2023-07-26,0.0,0.009422969819092115,-99.05770301809079
2023-07-27,0.0,0.009422969819092115,-99.05770301809079
2023-07-28,0.0,0.009422969819092115,-99.05770301809079
2023-07-31,0.0,0.009422969819092115,-99.05770301809079
2023-08-01,0.0,0.009422969819092115,-99.05770301809079
2023-08-02,0.0,0.009422969819092115,-99.05770301809079
2023-08-03,0.0,0.009422969819092115,-99.05770301809079
2023-08-04,0.0,0.009422969819092115,-99.05770301809079
2023-08-07,0.0,0.009422969819092115,-99.05770301809079
2023-08-08,0.0,0.009422969819092115,-99.05770301809079
2023-08-09,0.0,0.009422969819092115,-99.05770301809079
2023-08-10,0.0,0.009422969819092115,-99.05770301809079
2023-08-11,0.0,0.009422969819092115,-99.05770301809079
2023-08-14,0.0,0.009422969819092115,-99.05770301809079
2023-08-16,0.0,0.009422969819092115,-99.05770301809079
2023-08-17,0.0,0.009422969819092115,-99.05770301809079
2023-08-18,0.0,0.009422969819092115,-99.05770301809079
2023-08-21,0.0,0.009422969819092115,-99.05770301809079
2023-08-22,0.0,0.009422969819092115,-99.05770301809079
2023-08-23,0.0,0.009422969819092115,-99.05770301809079
2023-08-24,0.0,0.009422969819092115,-99.05770301809079
2023-08-25,0.0,0.009422969819092115,-99.05770301809079
2023-08-28,0.0,0.009422969819092115,-99.05770301809079
2023-08-29,0.0,0.009422969819092115,-99.05770301809079
2023-08-30,0.0,0.009422969819092115,-99.05770301809079
2023-08-31,0.0,0.009422969819092115,-99.05770301809079
2023-09-01,0.0,0.009422969819092115,-99.05770301809079
2023-09-04,0.0,0.009422969819092115,-99.05770301809079
2023-09-05,0.0,0.009422969819092115,-99.05770301809079
2023-09-06,-0.024,0.009196818543433904,-99.0803181456566
2023-09-07,0.0041,0.009234525499461983,-99.0765474500538
2023-09-08,0.0,0.009234525499461983,-99.0765474500538
2023-09-11,0.0,0.009234525499461983,-99.0765474500538
2023-09-12,-0.0163,0.009084002733820753,-99.09159972661793
2023-09-13,0.0,0.009084002733820753,-99.09159972661793
2023-09-14,0.0,0.009084002733820753,-99.09159972661793
2023-09-15,0.0,0.009084002733820753,-99.09159972661793
2023-09-18,0.0,0.009084002733820753,-99.09159972661793
2023-09-19,0.0,0.009084002733820753,-99.09159972661793
2023-09-20,0.0,0.009084002733820753,-99.09159972661793
2023-09-21,0.0,0.009084002733820753,-99.09159972661793
2023-09-22,0.0,0.009084002733820753,-99.09159972661793
2023-09-25,0.0,0.009084002733820753,-99.09159972661793
2023-09-26,0.0,0.009084002733820753,-99.09159972661793
2023-09-27,0.0,0.009084002733820753,-99.09159972661793
2023-09-28,0.0,0.009084002733820753,-99.09159972661793
2023-09-29,0.0,0.009084002733820753,-99.09159972661793
2023-10-02,0.0,0.009084002733820753,-99.09159972661793
2023-10-03,0.0,0.009084002733820753,-99.09159972661793
2023-10-04,0.0,0.009084002733820753,-99.09159972661793
2023-10-05,0.0,0.009084002733820753,-99.09159972661793
2023-10-06,0.0,0.009084002733820753,-99.09159972661793
2023-10-09,0.0,0.009084002733820753,-99.09159972661793
2023-10-10,0.0,0.009084002733820753,-99.09159972661793
2023-10-11,0.0,0.009084002733820753,-99.09159972661793
2023-10-12,0.0,0.009084002733820753,-99.09159972661793
2023-10-13,0.0,0.009084002733820753,-99.09159972661793
2023-10-16,0.0,0.009084002733820753,-99.09159972661793
2023-10-17,0.0,0.009084002733820753,-99.09159972661793
2023-10-18,0.0,0.009084002733820753,-99.09159972661793
2023-10-19,0.0,0.009084002733820753,-99.09159972661793
2023-10-20,0.0,0.009084002733820753,-99.09159972661793
2023-10-23,0.0,0.009084002733820753,-99.09159972661793
2023-10-24,0.0,0.009084002733820753,-99.09159972661793
2023-10-25,0.0,0.009084002733820753,-99.09159972661793
2023-10-26,0.0,0.009084002733820753,-99.09159972661793
2023-10-27,0.0,0.009084002733820753,-99.09159972661793
2023-10-30,0.0,0.009084002733820753,-99.09159972661793
2023-10-31,0.0,0.009084002733820753,-99.09159972661793
2023-11-02,0.0,0.009084002733820753,-99.09159972661793
2023-11-03,0.0,0.009084002733820753,-99.09159972661793
2023-11-06,0.0,0.009084002733820753,-99.09159972661793
2023-11-07,0.0,0.009084002733820753,-99.09159972661793
2023-11-08,0.0,0.009084002733820753,-99.09159972661793
2023-11-09,0.0,0.009084002733820753,-99.09159972661793
2023-11-10,0.0,0.009084002733820753,-99.09159972661793
2023-11-13,0.0,0.009084002733820753,-99.09159972661793
2023-11-14,0.0,0.009084002733820753,-99.09159972661793
2023-11-15,0.0,0.009084002733820753,-99.09159972661793
2023-11-16,0.0,0.009084002733820753,-99.09159972661793
2023-11-17,0.0,0.009084002733820753,-99.09159972661793
2023-11-20,0.0,0.009084002733820753,-99.09159972661793
2023-11-21,0.0,0.009084002733820753,-99.09159972661793
2023-11-22,0.0,0.009084002733820753,-99.09159972661793
2023-11-23,0.0,0.009084002733820753,-99.09159972661793
2023-11-24,0.0,0.009084002733820753,-99.09159972661793
2023-11-27,0.0,0.009084002733820753,-99.09159972661793
2023-11-28,0.0,0.009084002733820753,-99.09159972661793
2023-11-29,0.0,0.009084002733820753,-99.09159972661793
2023-11-30,0.0,0.009084002733820753,-99.09159972661793
2023-12-01,0.0,0.009084002733820753,-99.09159972661793
2023-12-04,0.0,0.009084002733820753,-99.09159972661793
2023-12-05,0.0,0.009084002733820753,-99.09159972661793
2023-12-06,0.0,0.009084002733820753,-99.09159972661793
2023-12-07,0.0,0.009084002733820753,-99.09159972661793
2023-12-08,0.0,0.009084002733820753,-99.09159972661793
2023-12-11,0.0,0.009084002733820753,-99.09159972661793
2023-12-12,0.0,0.009084002733820753,-99.09159972661793
2023-12-13,0.0,0.009084002733820753,-99.09159972661793
2023-12-14,0.0,0.009084002733820753,-99.09159972661793
2023-12-15,0.0,0.009084002733820753,-99.09159972661793
2023-12-18,0.0,0.009084002733820753,-99.09159972661793
2023-12-19,0.0,0.009084002733820753,-99.09159972661793
2023-12-20,0.0,0.009084002733820753,-99.09159972661793
2023-12-21,0.0,0.009084002733820753,-99.09159972661793
2023-12-22,0.0,0.009084002733820753,-99.09159972661793
2023-12-27,0.0,0.009084002733820753,-99.09159972661793
2023-12-28,0.0,0.009084002733820753,-99.09159972661793
2023-12-29,0.0,0.009084002733820753,-99.09159972661793
2024-01-02,0.0,0.009084002733820753,-99.09159972661793
2024-01-03,0.0,0.009084002733820753,-99.09159972661793
2024-01-04,0.0,0.009084002733820753,-99.09159972661793
2024-01-05,0.0,0.009084002733820753,-99.09159972661793
2024-01-08,0.0,0.009084002733820753,-99.09159972661793
2024-01-09,0.0,0.009084002733820753,-99.09159972661793
2024-01-10,0.0,0.009084002733820753,-99.09159972661793
2024-01-11,0.0,0.009084002733820753,-99.09159972661793
2024-01-12,0.0,0.009084002733820753,-99.09159972661793
2024-01-15,0.0,0.009084002733820753,-99.09159972661793
2024-01-16,0.0,0.009084002733820753,-99.09159972661793
2024-01-17,0.0,0.009084002733820753,-99.09159972661793
2024-01-18,0.0,0.009084002733820753,-99.09159972661793
2024-01-19,0.0,0.009084002733820753,-99.09159972661793
2024-01-22,0.0,0.009084002733820753,-99.09159972661793
2024-01-23,0.0,0.009084002733820753,-99.09159972661793
2024-01-24,0.0,0.009084002733820753,-99.09159972661793
2024-01-25,0.0,0.009084002733820753,-99.09159972661793
2024-01-26,0.0,0.009084002733820753,-99.09159972661793
2024-01-29,0.0,0.009084002733820753,-99.09159972661793
2024-01-30,0.0,0.009084002733820753,-99.09159972661793
2024-01-31,0.0,0.009084002733820753,-99.09159972661793
2024-02-01,0.0,0.009084002733820753,-99.09159972661793
2024-02-02,0.0,0.009084002733820753,-99.09159972661793
2024-02-05,0.0,0.009084002733820753,-99.09159972661793
2024-02-06,0.0,0.009084002733820753,-99.09159972661793
2024-02-07,0.0,0.009084002733820753,-99.09159972661793
2024-02-08,0.0,0.009084002733820753,-99.09159972661793
2024-02-09,0.0,0.009084002733820753,-99.09159972661793
2024-02-12,0.0,0.009084002733820753,-99.09159972661793
2024-02-13,0.0,0.009084002733820753,-99.09159972661793
2024-02-14,0.0,0.009084002733820753,-99.09159972661793
2024-02-15,0.0,0.009084002733820753,-99.09159972661793
2024-02-16,0.0,0.009084002733820753,-99.09159972661793
2024-02-19,0.0,0.009084002733820753,-99.09159972661793
2024-02-20,0.0,0.009084002733820753,-99.09159972661793
2024-02-21,0.0,0.009084002733820753,-99.09159972661793
2024-02-22,0.0,0.009084002733820753,-99.09159972661793
2024-02-23,0.0,0.009084002733820753,-99.09159972661793
2024-02-26,0.0,0.009084002733820753,-99.09159972661793
2024-02-27,0.0,0.009084002733820753,-99.09159972661793
2024-02-28,0.0,0.009084002733820753,-99.09159972661793
2024-02-29,0.0,0.009084002733820753,-99.09159972661793
2024-03-01,0.0,0.009084002733820753,-99.09159972661793
2024-03-04,0.0,0.009084002733820753,-99.09159972661793
2024-03-05,0.0,0.009084002733820753,-99.09159972661793
2024-03-06,0.0,0.009084002733820753,-99.09159972661793
2024-03-07,0.0224,0.009287484395058337,-99.07125156049416
2024-03-08,0.0144,0.009421224170347176,-99.05787758296528
2024-03-11,0.028399999999999998,0.009688786936785036,-99.0311213063215
2024-03-12,0.0,0.009688786936785036,-99.0311213063215
2024-03-13,0.0,0.009688786936785036,-99.0311213063215
2024-03-14,0.0,0.009688786936785036,-99.0311213063215
2024-03-15,-0.0403,0.0092983288232326,-99.07016711767675
2024-03-18,-0.0329,0.008992413804948246,-99.10075861950519
2024-03-19,0.0,0.008992413804948246,-99.10075861950519
2024-03-20,0.0,0.008992413804948246,-99.10075861950519
2024-03-21,0.0,0.008992413804948246,-99.10075861950519
2024-03-22,0.0,0.008992413804948246,-99.10075861950519
2024-03-25,0.0,0.008992413804948246,-99.10075861950519
2024-03-26,0.0,0.008992413804948246,-99.10075861950519
2024-03-27,0.0,0.008992413804948246,-99.10075861950519
2024-03-28,0.0,0.008992413804948246,-99.10075861950519
2024-04-02,0.0,0.008992413804948246,-99.10075861950519
2024-04-03,0.0,0.008992413804948246,-99.10075861950519
2024-04-04,0.0,0.008992413804948246,-99.10075861950519
2024-04-05,0.0,0.008992413804948246,-99.10075861950519
2024-04-08,0.0,0.008992413804948246,-99.10075861950519
2024-04-09,0.0,0.008992413804948246,-99.10075861950519
2024-04-10,0.0,0.008992413804948246,-99.10075861950519
2024-04-11,0.0,0.008992413804948246,-99.10075861950519
2024-04-12,0.0,0.008992413804948246,-99.10075861950519
2024-04-15,0.0,0.008992413804948246,-99.10075861950519
2024-04-16,0.0,0.008992413804948246,-99.10075861950519
2024-04-18,0.0,0.008992413804948246,-99.10075861950519
2024-04-19,0.0,0.008992413804948246,-99.10075861950519
2024-04-22,0.0,0.008992413804948246,-99.10075861950519
2024-04-23,0.0,0.008992413804948246,-99.10075861950519
2024-04-24,0.0,0.008992413804948246,-99.10075861950519
2024-04-25,0.0,0.008992413804948246,-99.10075861950519
2024-04-26,0.0,0.008992413804948246,-99.10075861950519
2024-04-29,0.0,0.008992413804948246,-99.10075861950519
2024-04-30,0.0,0.008992413804948246,-99.10075861950519
2024-05-02,0.0,0.008992413804948246,-99.10075861950519
2024-05-03,0.0,0.008992413804948246,-99.10075861950519
2024-05-06,0.0,0.008992413804948246,-99.10075861950519
2024-05-07,0.0,0.008992413804948246,-99.10075861950519
2024-05-08,0.0,0.008992413804948246,-99.10075861950519
2024-05-09,0.0,0.008992413804948246,-99.10075861950519
2024-05-10,0.0,0.008992413804948246,-99.10075861950519
2024-05-13,0.0,0.008992413804948246,-99.10075861950519
2024-05-14,0.0,0.008992413804948246,-99.10075861950519
2024-05-15,0.0,0.008992413804948246,-99.10075861950519
2024-05-16,0.0,0.008992413804948246,-99.10075861950519
2024-05-17,0.0,0.008992413804948246,-99.10075861950519
2024-05-20,0.0,0.008992413804948246,-99.10075861950519
2024-05-21,0.0,0.008992413804948246,-99.10075861950519
2024-05-22,0.0,0.008992413804948246,-99.10075861950519
2024-05-23,0.0,0.008992413804948246,-99.10075861950519
2024-05-24,0.0,0.008992413804948246,-99.10075861950519
2024-05-27,0.0,0.008992413804948246,-99.10075861950519
2024-05-28,0.0,0.008992413804948246,-99.10075861950519
2024-05-29,0.0,0.008992413804948246,-99.10075861950519
2024-05-31,0.0,0.008992413804948246,-99.10075861950519
2024-06-03,0.0,0.008992413804948246,-99.10075861950519
2024-06-04,0.0,0.008992413804948246,-99.10075861950519
2024-06-05,0.0,0.008992413804948246,-99.10075861950519
2024-06-06,0.0,0.008992413804948246,-99.10075861950519
2024-06-07,0.0,0.008992413804948246,-99.10075861950519
2024-06-10,0.0,0.008992413804948246,-99.10075861950519
2024-06-11,0.0,0.008992413804948246,-99.10075861950519
2024-06-12,0.0,0.008992413804948246,-99.10075861950519
2024-06-13,0.0,0.008992413804948246,-99.10075861950519
2024-06-14,0.0,0.008992413804948246,-99.10075861950519
2024-06-17,0.0,0.008992413804948246,-99.10075861950519
2024-06-18,0.0,0.008992413804948246,-99.10075861950519
2024-06-19,0.0,0.008992413804948246,-99.10075861950519
2024-06-20,0.0,0.008992413804948246,-99.10075861950519
2024-06-21,0.0,0.008992413804948246,-99.10075861950519
2024-06-24,0.0,0.008992413804948246,-99.10075861950519
2024-06-25,0.0,0.008992413804948246,-99.10075861950519
2024-06-26,0.0,0.008992413804948246,-99.10075861950519
2024-06-27,0.0,0.008992413804948246,-99.10075861950519
2024-06-28,0.0,0.008992413804948246,-99.10075861950519
2024-07-01,0.0,0.008992413804948246,-99.10075861950519
2024-07-02,0.0,0.008992413804948246,-99.10075861950519
2024-07-03,0.0,0.008992413804948246,-99.10075861950519
2024-07-04,0.0,0.008992413804948246,-99.10075861950519
2024-07-05,0.0,0.008992413804948246,-99.10075861950519
2024-07-08,0.0,0.008992413804948246,-99.10075861950519
2024-07-09,0.0,0.008992413804948246,-99.10075861950519
2024-07-10,0.0,0.008992413804948246,-99.10075861950519
2024-07-11,0.0,0.008992413804948246,-99.10075861950519
2024-07-12,0.0,0.008992413804948246,-99.10075861950519
2024-07-15,0.0,0.008992413804948246,-99.10075861950519
2024-07-16,0.0,0.008992413804948246,-99.10075861950519
2024-07-17,0.0,0.008992413804948246,-99.10075861950519
2024-07-18,0.0,0.008992413804948246,-99.10075861950519
2024-07-19,0.0,0.008992413804948246,-99.10075861950519
2024-07-22,0.0,0.008992413804948246,-99.10075861950519
2024-07-23,0.0,0.008992413804948246,-99.10075861950519
2024-07-24,0.0,0.008992413804948246,-99.10075861950519
2024-07-25,0.0,0.008992413804948246,-99.10075861950519
2024-07-26,0.0,0.008992413804948246,-99.10075861950519
2024-07-29,0.0,0.008992413804948246,-99.10075861950519
2024-07-30,0.0,0.008992413804948246,-99.10075861950519
2024-07-31,0.0,0.008992413804948246,-99.10075861950519
2024-08-01,0.0,0.008992413804948246,-99.10075861950519
2024-08-02,0.0,0.008992413804948246,-99.10075861950519
2024-08-06,0.0,0.008992413804948246,-99.10075861950519
2024-08-07,0.0,0.008992413804948246,-99.10075861950519
2024-08-08,0.0,0.008992413804948246,-99.10075861950519
2024-08-09,0.0,0.008992413804948246,-99.10075861950519
2024-08-12,0.0,0.008992413804948246,-99.10075861950519
2024-08-13,0.0,0.008992413804948246,-99.10075861950519
2024-08-14,0.0,0.008992413804948246,-99.10075861950519
2024-08-16,0.0,0.008992413804948246,-99.10075861950519
2024-08-19,0.0,0.008992413804948246,-99.10075861950519
2024-08-20,0.0,0.008992413804948246,-99.10075861950519
2024-08-21,0.0,0.008992413804948246,-99.10075861950519
2024-08-22,0.0,0.008992413804948246,-99.10075861950519
2024-08-23,0.0,0.008992413804948246,-99.10075861950519
2024-08-26,0.0,0.008992413804948246,-99.10075861950519
2024-08-27,0.0,0.008992413804948246,-99.10075861950519
2024-08-28,0.0,0.008992413804948246,-99.10075861950519
2024-08-29,0.0,0.008992413804948246,-99.10075861950519
2024-08-30,0.0,0.008992413804948246,-99.10075861950519
2024-09-02,0.0,0.008992413804948246,-99.10075861950519
2024-09-03,0.0,0.008992413804948246,-99.10075861950519
2024-09-04,0.0,0.008992413804948246,-99.10075861950519
2024-09-05,0.0,0.008992413804948246,-99.10075861950519
2024-09-06,0.0,0.008992413804948246,-99.10075861950519
2024-09-09,0.0,0.008992413804948246,-99.10075861950519
2024-09-10,0.0,0.008992413804948246,-99.10075861950519
2024-09-11,0.00305,0.009019840667053339,-99.09801593329468
2024-09-12,-0.0122,0.008909798610915289,-99.10902013890846
2024-09-13,0.00625,0.00896548485223351,-99.10345151477665
2024-09-16,-0.007,0.008902726458267876,-99.10972735417322
2024-09-17,0.0,0.008902726458267876,-99.10972735417322
2024-09-18,0.0016000000000000003,0.008916970820601106,-99.1083029179399
2024-09-19,0.0,0.008916970820601106,-99.1083029179399
2024-09-20,0.00855,0.008993210921117246,-99.10067890788827
2024-09-23,0.0,0.008993210921117246,-99.10067890788827
2024-09-24,0.0,0.008993210921117246,-99.10067890788827
2024-09-25,0.0,0.008993210921117246,-99.10067890788827
2024-09-26,0.0,0.008993210921117246,-99.10067890788827
2024-09-27,0.0,0.008993210921117246,-99.10067890788827
2024-09-30,0.0,0.008993210921117246,-99.10067890788827
2024-10-01,0.0,0.008993210921117246,-99.10067890788827
2024-10-02,0.0,0.008993210921117246,-99.10067890788827
2024-10-03,0.0,0.008993210921117246,-99.10067890788827
2024-10-04,0.0,0.008993210921117246,-99.10067890788827
2024-10-07,0.0,0.008993210921117246,-99.10067890788827
2024-10-08,0.0,0.008993210921117246,-99.10067890788827
2024-10-09,0.0,0.008993210921117246,-99.10067890788827
2024-10-10,0.0,0.008993210921117246,-99.10067890788827
2024-10-11,0.0,0.008993210921117246,-99.10067890788827
2024-10-14,0.0,0.008993210921117246,-99.10067890788827
2024-10-15,0.0,0.008993210921117246,-99.10067890788827
2024-10-16,0.0,0.008993210921117246,-99.10067890788827
2024-10-17,0.0,0.008993210921117246,-99.10067890788827
2024-10-18,0.0,0.008993210921117246,-99.10067890788827
2024-10-21,0.0,0.008993210921117246,-99.10067890788827
2024-10-22,0.0,0.008993210921117246,-99.10067890788827
2024-10-23,0.0,0.008993210921117246,-99.10067890788827
2024-10-24,0.0,0.008993210921117246,-99.10067890788827
2024-10-25,0.0,0.008993210921117246,-99.10067890788827
2024-10-28,0.0,0.008993210921117246,-99.10067890788827
2024-10-29,0.0,0.008993210921117246,-99.10067890788827
2024-10-30,0.0,0.008993210921117246,-99.10067890788827
2024-10-31,0.0,0.008993210921117246,-99.10067890788827
2024-11-04,0.0,0.008993210921117246,-99.10067890788827
2024-11-05,0.0,0.008993210921117246,-99.10067890788827
2024-11-06,0.0,0.008993210921117246,-99.10067890788827
2024-11-07,0.0,0.008993210921117246,-99.10067890788827
2024-11-08,0.0,0.008993210921117246,-99.10067890788827
2024-11-11,0.0,0.008993210921117246,-99.10067890788827
2024-11-12,0.0,0.008993210921117246,-99.10067890788827
2024-11-13,0.0,0.008993210921117246,-99.10067890788827
2024-11-14,0.0,0.008993210921117246,-99.10067890788827
2024-11-15,0.0,0.008993210921117246,-99.10067890788827
2024-11-19,0.0,0.008993210921117246,-99.10067890788827
2024-11-20,0.0,0.008993210921117246,-99.10067890788827
2024-11-21,0.0,0.008993210921117246,-99.10067890788827
2024-11-22,0.0,0.008993210921117246,-99.10067890788827
2024-11-25,0.0,0.008993210921117246,-99.10067890788827
2024-11-26,0.0,0.008993210921117246,-99.10067890788827
2024-11-27,0.0,0.008993210921117246,-99.10067890788827
2024-11-28,0.0,0.008993210921117246,-99.10067890788827
2024-11-29,0.0,0.008993210921117246,-99.10067890788827
2024-12-02,0.0,0.008993210921117246,-99.10067890788827
2024-12-03,0.0,0.008993210921117246,-99.10067890788827
2024-12-04,0.0,0.008993210921117246,-99.10067890788827
2024-12-05,0.0,0.008993210921117246,-99.10067890788827
2024-12-06,0.0,0.008993210921117246,-99.10067890788827
2024-12-09,0.0,0.008993210921117246,-99.10067890788827
2024-12-10,0.0,0.008993210921117246,-99.10067890788827
2024-12-11,0.0,0.008993210921117246,-99.10067890788827
2024-12-12,0.0,0.008993210921117246,-99.10067890788827
2024-12-13,-0.0044,0.008953640793064332,-99.10463592069357
2024-12-16,-0.011,0.008855150744340625,-99.11448492556593
2024-12-17,-0.0556,0.008362804362955285,-99.16371956370446
2024-12-18,-0.0024,0.008342733632484193,-99.16572663675159
2024-12-19,0.0142,0.008461200450065468,-99.15387995499346
2024-12-20,0.0,0.008461200450065468,-99.15387995499346
2024-12-23,0.0,0.008461200450065468,-99.15387995499346
2024-12-27,0.0,0.008461200450065468,-99.15387995499346
2024-12-30,0.0,0.008461200450065468,-99.15387995499346
2025-01-02,0.0,0.008461200450065468,-99.15387995499346
2025-01-03,0.0,0.008461200450065468,-99.15387995499346
2025-01-07,0.0,0.008461200450065468,-99.15387995499346
2025-01-08,0.0,0.008461200450065468,-99.15387995499346
2025-01-09,0.0,0.008461200450065468,-99.15387995499346
2025-01-10,0.0,0.008461200450065468,-99.15387995499346
2025-01-13,0.0,0.008461200450065468,-99.15387995499346
2025-01-14,0.0,0.008461200450065468,-99.15387995499346
2025-01-15,0.0,0.008461200450065468,-99.15387995499346
2025-01-16,0.0,0.008461200450065468,-99.15387995499346
2025-01-17,0.0,0.008461200450065468,-99.15387995499346
2025-01-20,0.0,0.008461200450065468,-99.15387995499346
2025-01-21,0.0,0.008461200450065468,-99.15387995499346
2025-01-22,0.0,0.008461200450065468,-99.15387995499346
2025-01-23,0.0,0.008461200450065468,-99.15387995499346
2025-01-24,0.0,0.008461200450065468,-99.15387995499346
2025-01-27,0.0,0.008461200450065468,-99.15387995499346
2025-01-28,0.0,0.008461200450065468,-99.15387995499346
2025-01-29,0.0,0.008461200450065468,-99.15387995499346
2025-01-30,0.0,0.008461200450065468,-99.15387995499346
2025-01-31,0.0,0.008461200450065468,-99.15387995499346
2025-02-03,0.0,0.008461200450065468,-99.15387995499346
2025-02-04,0.0,0.008461200450065468,-99.15387995499346
2025-02-05,0.0,0.008461200450065468,-99.15387995499346
2025-02-06,0.0,0.008461200450065468,-99.15387995499346
2025-02-07,0.0,0.008461200450065468,-99.15387995499346
2025-02-10,0.0,0.008461200450065468,-99.15387995499346
2025-02-11,0.0,0.008461200450065468,-99.15387995499346
2025-02-12,0.0,0.008461200450065468,-99.15387995499346
2025-02-13,0.0,0.008461200450065468,-99.15387995499346
2025-02-14,0.0,0.008461200450065468,-99.15387995499346
2025-02-17,0.0,0.008461200450065468,-99.15387995499346
2025-02-18,0.0,0.008461200450065468,-99.15387995499346
2025-02-19,0.0,0.008461200450065468,-99.15387995499346
2025-02-20,0.0,0.008461200450065468,-99.15387995499346
2025-02-21,0.0,0.008461200450065468,-99.15387995499346
2025-02-24,0.0,0.008461200450065468,-99.15387995499346
2025-02-25,0.0,0.008461200450065468,-99.15387995499346
2025-02-26,0.0,0.008461200450065468,-99.15387995499346
2025-02-27,0.0,0.008461200450065468,-99.15387995499346
2025-02-28,0.0,0.008461200450065468,-99.15387995499346
2025-03-03,0.0,0.008461200450065468,-99.15387995499346
2025-03-04,0.0,0.008461200450065468,-99.15387995499346
2025-03-05,0.0,0.008461200450065468,-99.15387995499346
2025-03-06,0.0,0.008461200450065468,-99.15387995499346
2025-03-07,0.0,0.008461200450065468,-99.15387995499346
2025-03-10,0.0,0.008461200450065468,-99.15387995499346
2025-03-11,0.0,0.008461200450065468,-99.15387995499346
2025-03-12,0.0049,0.008502660332270788,-99.14973396677293
2025-03-13,-0.0036,0.008472050755074612,-99.15279492449254
2025-03-14,0.0,0.008472050755074612,-99.15279492449254
2025-03-17,0.0,0.008472050755074612,-99.15279492449254
2025-03-18,0.0,0.008472050755074612,-99.15279492449254
2025-03-19,-0.00485,0.0084309613089125,-99.15690386910875
2025-03-20,0.0049,0.008472273019326172,-99.15277269806738
2025-03-21,0.0,0.008472273019326172,-99.15277269806738
2025-03-24,0.0,0.008472273019326172,-99.15277269806738
2025-03-25,0.0,0.008472273019326172,-99.15277269806738
2025-03-26,0.0,0.008472273019326172,-99.15277269806738
2025-03-27,0.0,0.008472273019326172,-99.15277269806738
2025-03-28,0.0,0.008472273019326172,-99.15277269806738
2025-03-31,0.0,0.008472273019326172,-99.15277269806738
2025-04-01,0.0,0.008472273019326172,-99.15277269806738
2025-04-02,0.0,0.008472273019326172,-99.15277269806738
2025-04-03,0.0,0.008472273019326172,-99.15277269806738
2025-04-04,0.0,0.008472273019326172,-99.15277269806738
2025-04-07,0.0,0.008472273019326172,-99.15277269806738
2025-04-08,0.0,0.008472273019326172,-99.15277269806738
2025-04-09,0.0,0.008472273019326172,-99.15277269806738
2025-04-10,0.0,0.008472273019326172,-99.15277269806738
2025-04-11,0.0,0.008472273019326172,-99.15277269806738
2025-04-14,0.0,0.008472273019326172,-99.15277269806738
2025-04-15,0.0,0.008472273019326172,-99.15277269806738
2025-04-16,0.0,0.008472273019326172,-99.15277269806738
2025-04-17,0.0,0.008472273019326172,-99.15277269806738
2025-04-22,0.0,0.008472273019326172,-99.15277269806738
2025-04-23,0.0,0.008472273019326172,-99.15277269806738
2025-04-24,0.0,0.008472273019326172,-99.15277269806738
2025-04-25,0.0,0.008472273019326172,-99.15277269806738
2025-04-28,0.0,0.008472273019326172,-99.15277269806738
2025-04-29,0.0,0.008472273019326172,-99.15277269806738
2025-04-30,0.0,0.008472273019326172,-99.15277269806738
2025-05-02,0.0,0.008472273019326172,-99.15277269806738
2025-05-05,0.0,0.008472273019326172,-99.15277269806738
2025-05-06,0.0,0.008472273019326172,-99.15277269806738
2025-05-07,0.0,0.008472273019326172,-99.15277269806738
2025-05-08,0.0,0.008472273019326172,-99.15277269806738
2025-05-09,0.0,0.008472273019326172,-99.15277269806738
2025-05-12,0.0,0.008472273019326172,-99.15277269806738
2025-05-13,0.0,0.008472273019326172,-99.15277269806738
2025-05-14,0.0,0.008472273019326172,-99.15277269806738
2025-05-15,0.0,0.008472273019326172,-99.15277269806738
2025-05-16,0.0,0.008472273019326172,-99.15277269806738
2025-05-19,0.0,0.008472273019326172,-99.15277269806738
2025-05-20,0.0,0.008472273019326172,-99.15277269806738
2025-05-21,0.0,0.008472273019326172,-99.15277269806738
2025-05-22,0.0,0.008472273019326172,-99.15277269806738
2025-05-23,0.0,0.008472273019326172,-99.15277269806738
2025-05-26,0.0,0.008472273019326172,-99.15277269806738
2025-05-27,0.0,0.008472273019326172,-99.15277269806738
2025-05-28,0.0,0.008472273019326172,-99.15277269806738
2025-05-29,0.0,0.008472273019326172,-99.15277269806738
2025-06-02,0.0,0.008472273019326172,-99.15277269806738
2025-06-03,0.0,0.008472273019326172,-99.15277269806738
2025-06-04,0.0,0.008472273019326172,-99.15277269806738
2025-06-05,0.0,0.008472273019326172,-99.15277269806738
2025-06-06,0.0,0.008472273019326172,-99.15277269806738
2025-06-09,0.0,0.008472273019326172,-99.15277269806738
2025-06-10,0.0,0.008472273019326172,-99.15277269806738
2025-06-11,0.0,0.008472273019326172,-99.15277269806738
2025-06-12,0.0,0.008472273019326172,-99.15277269806738
2025-06-13,0.0,0.008472273019326172,-99.15277269806738
2025-06-16,0.0,0.008472273019326172,-99.15277269806738
2025-06-17,0.0,0.008472273019326172,-99.15277269806738
2025-06-18,0.0,0.008472273019326172,-99.15277269806738
2025-06-20,0.0,0.008472273019326172,-99.15277269806738
2025-06-23,0.0,0.008472273019326172,-99.15277269806738
2025-06-24,0.0,0.008472273019326172,-99.15277269806738
2025-06-25,0.0,0.008472273019326172,-99.15277269806738
2025-06-26,0.0,0.008472273019326172,-99.15277269806738
2025-06-27,0.0,0.008472273019326172,-99.15277269806738
2025-06-30,0.0,0.008472273019326172,-99.15277269806738
2025-07-01,0.0,0.008472273019326172,-99.15277269806738
2025-07-02,0.0,0.008472273019326172,-99.15277269806738
2025-07-03,0.0,0.008472273019326172,-99.15277269806738
2025-07-04,0.0,0.008472273019326172,-99.15277269806738
2025-07-07,0.0,0.008472273019326172,-99.15277269806738
2025-07-08,0.0,0.008472273019326172,-99.15277269806738
2025-07-09,0.0,0.008472273019326172,-99.15277269806738
2025-07-10,0.0,0.008472273019326172,-99.15277269806738
2025-07-11,0.0,0.008472273019326172,-99.15277269806738
2025-07-14,0.0,0.008472273019326172,-99.15277269806738
2025-07-15,0.0,0.008472273019326172,-99.15277269806738
2025-07-16,0.0,0.008472273019326172,-99.15277269806738
2025-07-17,0.0,0.008472273019326172,-99.15277269806738
2025-07-18,0.0,0.008472273019326172,-99.15277269806738
2025-07-21,0.0,0.008472273019326172,-99.15277269806738
2025-07-22,0.0,0.008472273019326172,-99.15277269806738
2025-07-23,0.0,0.008472273019326172,-99.15277269806738
2025-07-24,0.0,0.008472273019326172,-99.15277269806738
2025-07-25,0.0,0.008472273019326172,-99.15277269806738
2025-07-28,0.0,0.008472273019326172,-99.15277269806738
2025-07-29,0.0,0.008472273019326172,-99.15277269806738
2025-07-30,0.0,0.008472273019326172,-99.15277269806738
2025-07-31,0.0,0.008472273019326172,-99.15277269806738
2025-08-01,0.0,0.008472273019326172,-99.15277269806738
2025-08-04,0.0,0.008472273019326172,-99.15277269806738
2025-08-06,0.0,0.008472273019326172,-99.15277269806738
2025-08-07,0.0,0.008472273019326172,-99.15277269806738
2025-08-08,0.0,0.008472273019326172,-99.15277269806738
2025-08-11,0.0,0.008472273019326172,-99.15277269806738
2025-08-12,0.0,0.008472273019326172,-99.15277269806738
2025-08-13,0.0,0.008472273019326172,-99.15277269806738
2025-08-14,0.0,0.008472273019326172,-99.15277269806738
2025-08-18,0.0,0.008472273019326172,-99.15277269806738
2025-08-19,0.0,0.008472273019326172,-99.15277269806738
2025-08-20,0.0,0.008472273019326172,-99.15277269806738
2025-08-21,0.0,0.008472273019326172,-99.15277269806738
2025-08-22,0.0,0.008472273019326172,-99.15277269806738
2025-08-25,0.0,0.008472273019326172,-99.15277269806738
2025-08-26,0.0,0.008472273019326172,-99.15277269806738
2025-08-27,0.0,0.008472273019326172,-99.15277269806738
2025-08-28,0.0,0.008472273019326172,-99.15277269806738
2025-08-29,0.0,0.008472273019326172,-99.15277269806738
2025-09-01,0.0,0.008472273019326172,-99.15277269806738
2025-09-02,0.0,0.008472273019326172,-99.15277269806738
2025-09-03,0.0,0.008472273019326172,-99.15277269806738
2025-09-04,0.0,0.008472273019326172,-99.15277269806738
2025-09-05,0.0,0.008472273019326172,-99.15277269806738
2025-09-08,0.0,0.008472273019326172,-99.15277269806738
2025-09-09,0.0,0.008472273019326172,-99.15277269806738
2025-09-10,0.0,0.008472273019326172,-99.15277269806738
2025-09-11,0.0,0.008472273019326172,-99.15277269806738
2025-09-12,0.0,0.008472273019326172,-99.15277269806738
2025-09-15,0.0,0.008472273019326172,-99.15277269806738
2025-09-16,0.0,0.008472273019326172,-99.15277269806738
2025-09-17,0.0,0.008472273019326172,-99.15277269806738
2025-09-18,0.0,0.008472273019326172,-99.15277269806738
2025-09-19,-0.0042,0.008436689472645002,-99.1563310527355
2025-09-22,0.0128,0.008544679097894857,-99.14553209021052
2025-09-23,0.0,0.008544679097894857,-99.14553209021052
2025-09-24,0.0,0.008544679097894857,-99.14553209021052
2025-09-25,0.0,0.008544679097894857,-99.14553209021052
2025-09-26,0.0,0.008544679097894857,-99.14553209021052
2025-09-29,0.0,0.008544679097894857,-99.14553209021052
2025-09-30,0.0,0.008544679097894857,-99.14553209021052
2025-10-01,0.0,0.008544679097894857,-99.14553209021052
2025-10-02,0.0,0.008544679097894857,-99.14553209021052
2025-10-03,0.0,0.008544679097894857,-99.14553209021052
2025-10-06,0.0,0.008544679097894857,-99.14553209021052
2025-10-07,0.0,0.008544679097894857,-99.14553209021052
2025-10-08,0.0,0.008544679097894857,-99.14553209021052
2025-10-09,0.0,0.008544679097894857,-99.14553209021052
2025-10-10,0.0,0.008544679097894857,-99.14553209021052
2025-10-13,0.0,0.008544679097894857,-99.14553209021052
2025-10-14,0.0,0.008544679097894857,-99.14553209021052
2025-10-15,0.0,0.008544679097894857,-99.14553209021052
2025-10-16,0.0,0.008544679097894857,-99.14553209021052
2025-10-17,0.0,0.008544679097894857,-99.14553209021052
2025-10-20,0.0,0.008544679097894857,-99.14553209021052
2025-10-21,0.0,0.008544679097894857,-99.14553209021052
2025-10-22,0.0,0.008544679097894857,-99.14553209021052
2025-10-23,0.0,0.008544679097894857,-99.14553209021052
2025-10-24,0.0,0.008544679097894857,-99.14553209021052
2025-10-27,0.0,0.008544679097894857,-99.14553209021052
2025-10-28,0.0,0.008544679097894857,-99.14553209021052
2025-10-29,0.0,0.008544679097894857,-99.14553209021052
2025-10-30,0.0,0.008544679097894857,-99.14553209021052
2025-10-31,0.0,0.008544679097894857,-99.14553209021052
