Date,daily_ret,Value,Return_Pct
2010-01-04,0.0,1.0,0.0
2010-01-05,0.0,1.0,0.0
2010-01-07,0.0,1.0,0.0
2010-01-08,0.0,1.0,0.0
2010-01-11,0.0,1.0,0.0
2010-01-12,0.0,1.0,0.0
2010-01-13,0.0,1.0,0.0
2010-01-14,0.0,1.0,0.0
2010-01-15,0.0,1.0,0.0
2010-01-18,0.0,1.0,0.0
2010-01-19,0.0,1.0,0.0
2010-01-20,0.0,1.0,0.0
2010-01-21,0.0,1.0,0.0
2010-01-22,0.0,1.0,0.0
2010-01-25,0.0,1.0,0.0
2010-01-26,0.0,1.0,0.0
2010-01-27,0.0,1.0,0.0
2010-01-28,0.0,1.0,0.0
2010-01-29,0.0,1.0,0.0
2010-02-01,0.0,1.0,0.0
2010-02-02,0.0,1.0,0.0
2010-02-03,0.0,1.0,0.0
2010-02-04,0.0,1.0,0.0
2010-02-05,0.0,1.0,0.0
2010-02-08,0.0,1.0,0.0
2010-02-09,0.0,1.0,0.0
2010-02-10,0.0,1.0,0.0
2010-02-11,0.0,1.0,0.0
2010-02-12,0.0,1.0,0.0
2010-02-15,0.0,1.0,0.0
2010-02-16,0.0,1.0,0.0
2010-02-17,0.0,1.0,0.0
2010-02-18,0.0,1.0,0.0
2010-02-19,0.0,1.0,0.0
2010-02-22,0.0,1.0,0.0
2010-02-23,0.0,1.0,0.0
2010-02-24,0.0,1.0,0.0
2010-02-25,0.0,1.0,0.0
2010-02-26,0.0,1.0,0.0
2010-03-01,0.0,1.0,0.0
2010-03-02,0.0,1.0,0.0
2010-03-03,0.0,1.0,0.0
2010-03-04,0.0,1.0,0.0
2010-03-05,0.0,1.0,0.0
2010-03-08,0.0,1.0,0.0
2010-03-09,0.0,1.0,0.0
2010-03-10,0.0,1.0,0.0
2010-03-11,0.0,1.0,0.0
2010-03-12,0.0,1.0,0.0
2010-03-15,0.0,1.0,0.0
2010-03-16,0.0,1.0,0.0
2010-03-17,0.0,1.0,0.0
2010-03-18,0.0,1.0,0.0
2010-03-19,0.0,1.0,0.0
2010-03-22,0.0,1.0,0.0
2010-03-23,0.0,1.0,0.0
2010-03-24,0.0,1.0,0.0
2010-03-25,0.0,1.0,0.0
2010-03-26,0.0,1.0,0.0
2010-03-29,0.0,1.0,0.0
2010-03-30,0.0,1.0,0.0
2010-03-31,0.0,1.0,0.0
2010-04-01,0.0,1.0,0.0
2010-04-06,0.0,1.0,0.0
2010-04-07,0.0,1.0,0.0
2010-04-08,0.0,1.0,0.0
2010-04-09,0.0,1.0,0.0
2010-04-12,0.0,1.0,0.0
2010-04-13,0.0,1.0,0.0
2010-04-14,0.0,1.0,0.0
2010-04-15,0.0,1.0,0.0
2010-04-16,0.0,1.0,0.0
2010-04-19,0.0,1.0,0.0
2010-04-20,0.0,1.0,0.0
2010-04-21,0.0,1.0,0.0
2010-04-22,0.0,1.0,0.0
2010-04-23,0.0,1.0,0.0
2010-04-26,0.0,1.0,0.0
2010-04-27,0.0,1.0,0.0
2010-04-28,0.0,1.0,0.0
2010-04-29,0.0,1.0,0.0
2010-04-30,0.0,1.0,0.0
2010-05-03,0.0,1.0,0.0
2010-05-04,0.0,1.0,0.0
2010-05-05,0.0,1.0,0.0
2010-05-06,0.0,1.0,0.0
2010-05-07,0.0,1.0,0.0
2010-05-10,0.0,1.0,0.0
2010-05-11,0.0,1.0,0.0
2010-05-12,0.0,1.0,0.0
2010-05-13,0.0,1.0,0.0
2010-05-14,0.0,1.0,0.0
2010-05-17,0.0,1.0,0.0
2010-05-18,0.0,1.0,0.0
2010-05-19,0.0,1.0,0.0
2010-05-20,0.0,1.0,0.0
2010-05-21,0.0,1.0,0.0
2010-05-24,0.0,1.0,0.0
2010-05-25,0.0,1.0,0.0
2010-05-26,0.0,1.0,0.0
2010-05-27,0.0,1.0,0.0
2010-05-28,0.0,1.0,0.0
2010-05-31,0.0,1.0,0.0
2010-06-01,0.0,1.0,0.0
2010-06-02,0.0,1.0,0.0
2010-06-04,0.0,1.0,0.0
2010-06-07,0.0,1.0,0.0
2010-06-08,0.0,1.0,0.0
2010-06-09,0.0,1.0,0.0
2010-06-10,0.0,1.0,0.0
2010-06-11,0.0,1.0,0.0
2010-06-14,0.0,1.0,0.0
2010-06-15,0.0,1.0,0.0
2010-06-16,0.0,1.0,0.0
2010-06-17,0.0,1.0,0.0
2010-06-18,0.0,1.0,0.0
2010-06-21,0.0,1.0,0.0
2010-06-23,0.0,1.0,0.0
2010-06-24,0.0,1.0,0.0
2010-06-28,0.0,1.0,0.0
2010-06-29,0.0,1.0,0.0
2010-06-30,0.0,1.0,0.0
2010-07-01,0.0,1.0,0.0
2010-07-02,0.0,1.0,0.0
2010-07-05,0.0,1.0,0.0
2010-07-06,0.0,1.0,0.0
2010-07-07,0.0,1.0,0.0
2010-07-08,0.0,1.0,0.0
2010-07-09,0.0,1.0,0.0
2010-07-12,0.0,1.0,0.0
2010-07-13,0.0,1.0,0.0
2010-07-14,0.0,1.0,0.0
2010-07-15,0.0,1.0,0.0
2010-07-16,0.0,1.0,0.0
2010-07-19,0.0,1.0,0.0
2010-07-20,0.0,1.0,0.0
2010-07-21,0.0,1.0,0.0
2010-07-22,0.0,1.0,0.0
2010-07-23,0.0,1.0,0.0
2010-07-26,0.0,1.0,0.0
2010-07-27,0.0,1.0,0.0
2010-07-28,0.0,1.0,0.0
2010-07-29,0.0,1.0,0.0
2010-07-30,0.0,1.0,0.0
2010-08-02,0.0,1.0,0.0
2010-08-03,0.0,1.0,0.0
2010-08-04,0.0,1.0,0.0
2010-08-09,0.0,1.0,0.0
2010-08-10,0.0,1.0,0.0
2010-08-11,0.0,1.0,0.0
2010-08-12,0.0,1.0,0.0
2010-08-13,0.0,1.0,0.0
2010-08-16,0.0,1.0,0.0
2010-08-17,0.0,1.0,0.0
2010-08-18,0.0,1.0,0.0
2010-08-19,0.0,1.0,0.0
2010-08-20,0.0,1.0,0.0
2010-08-23,0.0,1.0,0.0
2010-08-24,0.0,1.0,0.0
2010-08-25,0.0,1.0,0.0
2010-08-26,0.0,1.0,0.0
2010-08-27,0.0,1.0,0.0
2010-08-30,0.0,1.0,0.0
2010-08-31,0.0,1.0,0.0
2010-09-01,0.0,1.0,0.0
2010-09-02,0.0,1.0,0.0
2010-09-03,0.0,1.0,0.0
2010-09-06,0.0,1.0,0.0
2010-09-07,0.0,1.0,0.0
2010-09-08,-0.0028,0.9972,-0.28000000000000247
2010-09-09,0.006233333333333334,1.00341588,0.3415879999999927
2010-09-10,-0.010066666666666666,0.9933148268079999,-0.6685173192000127
2010-09-13,0.0025,0.9957981138750198,-0.4201886124980181
2010-09-14,-0.027266666666666668,0.9686460186366943,-3.1353981363305694
2010-09-15,0.014433333333333333,0.9826268095056839,-1.737319049431607
2010-09-16,0.0088,0.9912739254293339,-0.8726074570666098
2010-09-17,-0.0008999999999999998,0.9903817788964475,-0.9618221103552482
2010-09-20,0.005733333333333333,0.9960599677621205,-0.39400322378795316
2010-09-21,0.0,0.9960599677621205,-0.39400322378795316
2010-09-22,0.0,0.9960599677621205,-0.39400322378795316
2010-09-23,0.0,0.9960599677621205,-0.39400322378795316
2010-09-24,0.0,0.9960599677621205,-0.39400322378795316
2010-09-27,0.0,0.9960599677621205,-0.39400322378795316
2010-09-28,0.0,0.9960599677621205,-0.39400322378795316
2010-09-29,0.0,0.9960599677621205,-0.39400322378795316
2010-09-30,0.0,0.9960599677621205,-0.39400322378795316
2010-10-01,0.0,0.9960599677621205,-0.39400322378795316
2010-10-04,0.0,0.9960599677621205,-0.39400322378795316
2010-10-05,0.0,0.9960599677621205,-0.39400322378795316
2010-10-06,0.0,0.9960599677621205,-0.39400322378795316
2010-10-07,0.0,0.9960599677621205,-0.39400322378795316
2010-10-11,0.0,0.9960599677621205,-0.39400322378795316
2010-10-12,0.0,0.9960599677621205,-0.39400322378795316
2010-10-13,0.0,0.9960599677621205,-0.39400322378795316
2010-10-14,0.0,0.9960599677621205,-0.39400322378795316
2010-10-15,0.0,0.9960599677621205,-0.39400322378795316
2010-10-18,0.0,0.9960599677621205,-0.39400322378795316
2010-10-19,0.0,0.9960599677621205,-0.39400322378795316
2010-10-20,0.0,0.9960599677621205,-0.39400322378795316
2010-10-21,0.0,0.9960599677621205,-0.39400322378795316
2010-10-22,0.0,0.9960599677621205,-0.39400322378795316
2010-10-25,0.0,0.9960599677621205,-0.39400322378795316
2010-10-26,0.0,0.9960599677621205,-0.39400322378795316
2010-10-27,0.0,0.9960599677621205,-0.39400322378795316
2010-10-28,0.0,0.9960599677621205,-0.39400322378795316
2010-10-29,0.0,0.9960599677621205,-0.39400322378795316
2010-11-02,0.0,0.9960599677621205,-0.39400322378795316
2010-11-03,0.0,0.9960599677621205,-0.39400322378795316
2010-11-04,0.0,0.9960599677621205,-0.39400322378795316
2010-11-05,0.0,0.9960599677621205,-0.39400322378795316
2010-11-08,0.0,0.9960599677621205,-0.39400322378795316
2010-11-09,0.0,0.9960599677621205,-0.39400322378795316
2010-11-10,0.0,0.9960599677621205,-0.39400322378795316
2010-11-11,0.0,0.9960599677621205,-0.39400322378795316
2010-11-12,0.0,0.9960599677621205,-0.39400322378795316
2010-11-15,0.0,0.9960599677621205,-0.39400322378795316
2010-11-16,0.0,0.9960599677621205,-0.39400322378795316
2010-11-17,0.0,0.9960599677621205,-0.39400322378795316
2010-11-18,0.0,0.9960599677621205,-0.39400322378795316
2010-11-19,0.0,0.9960599677621205,-0.39400322378795316
2010-11-22,0.0,0.9960599677621205,-0.39400322378795316
2010-11-23,0.0,0.9960599677621205,-0.39400322378795316
2010-11-24,0.0,0.9960599677621205,-0.39400322378795316
2010-11-25,0.0,0.9960599677621205,-0.39400322378795316
2010-11-26,0.0,0.9960599677621205,-0.39400322378795316
2010-11-29,0.0,0.9960599677621205,-0.39400322378795316
2010-11-30,0.0,0.9960599677621205,-0.39400322378795316
2010-12-01,0.0,0.9960599677621205,-0.39400322378795316
2010-12-02,0.0,0.9960599677621205,-0.39400322378795316
2010-12-03,0.0,0.9960599677621205,-0.39400322378795316
2010-12-06,0.0,0.9960599677621205,-0.39400322378795316
2010-12-07,0.0,0.9960599677621205,-0.39400322378795316
2010-12-08,0.0,0.9960599677621205,-0.39400322378795316
2010-12-09,0.0,0.9960599677621205,-0.39400322378795316
2010-12-10,0.0,0.9960599677621205,-0.39400322378795316
2010-12-13,0.0,0.9960599677621205,-0.39400322378795316
2010-12-14,0.0,0.9960599677621205,-0.39400322378795316
2010-12-15,0.0,0.9960599677621205,-0.39400322378795316
2010-12-16,0.0,0.9960599677621205,-0.39400322378795316
2010-12-17,0.0,0.9960599677621205,-0.39400322378795316
2010-12-20,0.0,0.9960599677621205,-0.39400322378795316
2010-12-21,0.0,0.9960599677621205,-0.39400322378795316
2010-12-22,0.0,0.9960599677621205,-0.39400322378795316
2010-12-23,0.0,0.9960599677621205,-0.39400322378795316
2010-12-24,0.0,0.9960599677621205,-0.39400322378795316
2010-12-27,0.0,0.9960599677621205,-0.39400322378795316
2010-12-28,0.0,0.9960599677621205,-0.39400322378795316
2010-12-29,0.0,0.9960599677621205,-0.39400322378795316
2010-12-30,0.0,0.9960599677621205,-0.39400322378795316
2010-12-31,0.0,0.9960599677621205,-0.39400322378795316
2011-01-03,0.0,0.9960599677621205,-0.39400322378795316
2011-01-04,0.0,0.9960599677621205,-0.39400322378795316
2011-01-05,0.0,0.9960599677621205,-0.39400322378795316
2011-01-07,0.0,0.9960599677621205,-0.39400322378795316
2011-01-10,0.0,0.9960599677621205,-0.39400322378795316
2011-01-11,0.0,0.9960599677621205,-0.39400322378795316
2011-01-12,0.0,0.9960599677621205,-0.39400322378795316
2011-01-13,0.0,0.9960599677621205,-0.39400322378795316
2011-01-14,0.0,0.9960599677621205,-0.39400322378795316
2011-01-17,0.0,0.9960599677621205,-0.39400322378795316
2011-01-18,0.0,0.9960599677621205,-0.39400322378795316
2011-01-19,0.0,0.9960599677621205,-0.39400322378795316
2011-01-20,0.0,0.9960599677621205,-0.39400322378795316
2011-01-21,0.0,0.9960599677621205,-0.39400322378795316
2011-01-24,0.0,0.9960599677621205,-0.39400322378795316
2011-01-25,0.0,0.9960599677621205,-0.39400322378795316
2011-01-26,0.0,0.9960599677621205,-0.39400322378795316
2011-01-27,0.0,0.9960599677621205,-0.39400322378795316
2011-01-28,0.0,0.9960599677621205,-0.39400322378795316
2011-01-31,0.0,0.9960599677621205,-0.39400322378795316
2011-02-01,0.0,0.9960599677621205,-0.39400322378795316
2011-02-02,0.0,0.9960599677621205,-0.39400322378795316
2011-02-03,0.0,0.9960599677621205,-0.39400322378795316
2011-02-04,0.0,0.9960599677621205,-0.39400322378795316
2011-02-07,0.0,0.9960599677621205,-0.39400322378795316
2011-02-08,0.0,0.9960599677621205,-0.39400322378795316
2011-02-09,0.0,0.9960599677621205,-0.39400322378795316
2011-02-10,0.0,0.9960599677621205,-0.39400322378795316
2011-02-11,0.0,0.9960599677621205,-0.39400322378795316
2011-02-14,0.0,0.9960599677621205,-0.39400322378795316
2011-02-15,0.0,0.9960599677621205,-0.39400322378795316
2011-02-16,0.0,0.9960599677621205,-0.39400322378795316
2011-02-17,0.0,0.9960599677621205,-0.39400322378795316
2011-02-18,0.0,0.9960599677621205,-0.39400322378795316
2011-02-21,0.0,0.9960599677621205,-0.39400322378795316
2011-02-22,0.0,0.9960599677621205,-0.39400322378795316
2011-02-23,0.0,0.9960599677621205,-0.39400322378795316
2011-02-24,0.0,0.9960599677621205,-0.39400322378795316
2011-02-25,0.0,0.9960599677621205,-0.39400322378795316
2011-02-28,0.0,0.9960599677621205,-0.39400322378795316
2011-03-01,0.0,0.9960599677621205,-0.39400322378795316
2011-03-02,0.0,0.9960599677621205,-0.39400322378795316
2011-03-03,0.0,0.9960599677621205,-0.39400322378795316
2011-03-04,0.003366666666666668,0.9994133696535863,-0.05866303464137079
2011-03-07,0.0067,1.0061094392302652,0.610943923026519
2011-03-08,0.004966666666666667,1.0111064494451087,1.1106449445108746
2011-03-09,0.0013,1.0124208878293874,1.242088782938744
2011-03-10,0.002466666666666667,1.0149181926860331,1.4918192686033116
2011-03-11,-0.0033,1.0115689626501692,1.1568962650169157
2011-03-14,-0.009899999999999999,1.0015544299199324,0.15544299199323763
2011-03-15,-0.0049,0.9966468132133247,-0.33531867866752885
2011-03-16,0.01633333333333333,1.0129253778291423,1.292537782914227
2011-03-17,0.012933333333333333,1.026025879382399,2.6025879382399086
2011-03-18,0.03836666666666667,1.065391072288037,6.539107228803709
2011-03-21,0.0014666666666666667,1.0669536458607263,6.695364586072627
2011-03-22,0.0,1.0669536458607263,6.695364586072627
2011-03-23,0.0,1.0669536458607263,6.695364586072627
2011-03-24,0.0,1.0669536458607263,6.695364586072627
2011-03-25,0.0,1.0669536458607263,6.695364586072627
2011-03-28,0.0,1.0669536458607263,6.695364586072627
2011-03-29,0.0,1.0669536458607263,6.695364586072627
2011-03-30,0.0,1.0669536458607263,6.695364586072627
2011-03-31,0.0,1.0669536458607263,6.695364586072627
2011-04-01,0.0,1.0669536458607263,6.695364586072627
2011-04-04,0.0,1.0669536458607263,6.695364586072627
2011-04-05,0.0,1.0669536458607263,6.695364586072627
2011-04-06,0.0,1.0669536458607263,6.695364586072627
2011-04-07,0.0,1.0669536458607263,6.695364586072627
2011-04-08,0.0,1.0669536458607263,6.695364586072627
2011-04-11,0.0,1.0669536458607263,6.695364586072627
2011-04-12,0.0,1.0669536458607263,6.695364586072627
2011-04-13,0.0,1.0669536458607263,6.695364586072627
2011-04-14,0.0,1.0669536458607263,6.695364586072627
2011-04-15,0.0,1.0669536458607263,6.695364586072627
2011-04-18,0.0,1.0669536458607263,6.695364586072627
2011-04-19,0.0,1.0669536458607263,6.695364586072627
2011-04-20,0.0,1.0669536458607263,6.695364586072627
2011-04-21,0.0,1.0669536458607263,6.695364586072627
2011-04-22,0.0,1.0669536458607263,6.695364586072627
2011-04-26,0.0,1.0669536458607263,6.695364586072627
2011-04-27,0.0,1.0669536458607263,6.695364586072627
2011-04-28,0.0,1.0669536458607263,6.695364586072627
2011-04-29,0.0,1.0669536458607263,6.695364586072627
2011-05-02,0.0,1.0669536458607263,6.695364586072627
2011-05-03,0.0,1.0669536458607263,6.695364586072627
2011-05-04,0.0,1.0669536458607263,6.695364586072627
2011-05-05,0.0,1.0669536458607263,6.695364586072627
2011-05-06,0.0,1.0669536458607263,6.695364586072627
2011-05-09,0.0,1.0669536458607263,6.695364586072627
2011-05-10,0.0,1.0669536458607263,6.695364586072627
2011-05-11,0.0,1.0669536458607263,6.695364586072627
2011-05-12,0.0,1.0669536458607263,6.695364586072627
2011-05-13,0.0,1.0669536458607263,6.695364586072627
2011-05-16,0.0,1.0669536458607263,6.695364586072627
2011-05-17,0.0,1.0669536458607263,6.695364586072627
2011-05-18,0.0,1.0669536458607263,6.695364586072627
2011-05-19,0.0,1.0669536458607263,6.695364586072627
2011-05-20,0.0,1.0669536458607263,6.695364586072627
2011-05-23,0.0,1.0669536458607263,6.695364586072627
2011-05-24,0.0,1.0669536458607263,6.695364586072627
2011-05-25,0.0,1.0669536458607263,6.695364586072627
2011-05-26,0.0,1.0669536458607263,6.695364586072627
2011-05-27,0.0,1.0669536458607263,6.695364586072627
2011-05-30,0.0,1.0669536458607263,6.695364586072627
2011-05-31,0.0,1.0669536458607263,6.695364586072627
2011-06-01,0.0,1.0669536458607263,6.695364586072627
2011-06-02,0.0,1.0669536458607263,6.695364586072627
2011-06-03,0.0,1.0669536458607263,6.695364586072627
2011-06-06,0.0,1.0669536458607263,6.695364586072627
2011-06-07,0.0,1.0669536458607263,6.695364586072627
2011-06-08,0.0,1.0669536458607263,6.695364586072627
2011-06-09,0.0,1.0669536458607263,6.695364586072627
2011-06-10,0.0,1.0669536458607263,6.695364586072627
2011-06-13,0.0,1.0669536458607263,6.695364586072627
2011-06-14,0.0,1.0669536458607263,6.695364586072627
2011-06-15,0.0,1.0669536458607263,6.695364586072627
2011-06-16,0.0,1.0669536458607263,6.695364586072627
2011-06-17,0.0,1.0669536458607263,6.695364586072627
2011-06-20,0.0,1.0669536458607263,6.695364586072627
2011-06-21,0.0,1.0669536458607263,6.695364586072627
2011-06-24,0.0,1.0669536458607263,6.695364586072627
2011-06-27,0.0,1.0669536458607263,6.695364586072627
2011-06-28,0.0,1.0669536458607263,6.695364586072627
2011-06-29,0.0,1.0669536458607263,6.695364586072627
2011-06-30,0.0,1.0669536458607263,6.695364586072627
2011-07-01,0.0,1.0669536458607263,6.695364586072627
2011-07-04,0.0,1.0669536458607263,6.695364586072627
2011-07-05,0.0,1.0669536458607263,6.695364586072627
2011-07-06,0.0,1.0669536458607263,6.695364586072627
2011-07-07,0.0,1.0669536458607263,6.695364586072627
2011-07-08,0.0,1.0669536458607263,6.695364586072627
2011-07-11,0.0,1.0669536458607263,6.695364586072627
2011-07-12,0.0,1.0669536458607263,6.695364586072627
2011-07-13,0.0,1.0669536458607263,6.695364586072627
2011-07-14,0.0,1.0669536458607263,6.695364586072627
2011-07-15,0.0,1.0669536458607263,6.695364586072627
2011-07-18,0.0,1.0669536458607263,6.695364586072627
2011-07-19,0.0,1.0669536458607263,6.695364586072627
2011-07-20,0.0,1.0669536458607263,6.695364586072627
2011-07-21,0.0,1.0669536458607263,6.695364586072627
2011-07-22,0.0,1.0669536458607263,6.695364586072627
2011-07-25,0.0,1.0669536458607263,6.695364586072627
2011-07-26,0.0,1.0669536458607263,6.695364586072627
2011-07-27,0.0,1.0669536458607263,6.695364586072627
2011-07-28,0.0,1.0669536458607263,6.695364586072627
2011-07-29,0.0,1.0669536458607263,6.695364586072627
2011-08-01,0.0,1.0669536458607263,6.695364586072627
2011-08-02,0.0,1.0669536458607263,6.695364586072627
2011-08-03,0.0,1.0669536458607263,6.695364586072627
2011-08-04,0.0,1.0669536458607263,6.695364586072627
2011-08-08,0.0,1.0669536458607263,6.695364586072627
2011-08-09,0.0,1.0669536458607263,6.695364586072627
2011-08-10,0.0,1.0669536458607263,6.695364586072627
2011-08-11,0.0,1.0669536458607263,6.695364586072627
2011-08-12,0.0,1.0669536458607263,6.695364586072627
2011-08-16,0.0,1.0669536458607263,6.695364586072627
2011-08-17,0.0,1.0669536458607263,6.695364586072627
2011-08-18,0.0,1.0669536458607263,6.695364586072627
2011-08-19,0.0,1.0669536458607263,6.695364586072627
2011-08-22,0.0,1.0669536458607263,6.695364586072627
2011-08-23,0.0,1.0669536458607263,6.695364586072627
2011-08-24,0.0,1.0669536458607263,6.695364586072627
2011-08-25,0.0,1.0669536458607263,6.695364586072627
2011-08-26,0.0,1.0669536458607263,6.695364586072627
2011-08-29,0.0,1.0669536458607263,6.695364586072627
2011-08-30,0.0,1.0669536458607263,6.695364586072627
2011-08-31,0.0,1.0669536458607263,6.695364586072627
2011-09-01,0.0,1.0669536458607263,6.695364586072627
2011-09-02,0.0,1.0669536458607263,6.695364586072627
2011-09-05,0.0,1.0669536458607263,6.695364586072627
2011-09-06,0.0172,1.085305248569531,8.530524856953093
2011-09-07,-0.0008750000000000008,1.0843556064770326,8.435560647703255
2011-09-08,-0.00265,1.0814820641198684,8.148206411986836
2011-09-09,-0.00625,1.0747228012191192,7.472280121911923
2011-09-12,-0.029025000000000002,1.0435289719137344,4.352897191373439
2011-09-13,0.019375,1.063747345744563,6.374734574456298
2011-09-14,0.015275,1.0799960864508111,7.999608645081113
2011-09-15,0.013025,1.094063035476833,9.406303547683304
2011-09-16,0.058625,1.1582024809316622,15.820248093166223
2011-09-19,0.0,1.1582024809316622,15.820248093166223
2011-09-20,0.0,1.1582024809316622,15.820248093166223
2011-09-21,0.0,1.1582024809316622,15.820248093166223
2011-09-22,0.0,1.1582024809316622,15.820248093166223
2011-09-23,0.0,1.1582024809316622,15.820248093166223
2011-09-26,0.0,1.1582024809316622,15.820248093166223
2011-09-27,0.0,1.1582024809316622,15.820248093166223
2011-09-28,0.0,1.1582024809316622,15.820248093166223
2011-09-29,0.0,1.1582024809316622,15.820248093166223
2011-09-30,0.0,1.1582024809316622,15.820248093166223
2011-10-03,0.0,1.1582024809316622,15.820248093166223
2011-10-04,0.0,1.1582024809316622,15.820248093166223
2011-10-05,0.0,1.1582024809316622,15.820248093166223
2011-10-06,0.0,1.1582024809316622,15.820248093166223
2011-10-07,0.0,1.1582024809316622,15.820248093166223
2011-10-10,0.0,1.1582024809316622,15.820248093166223
2011-10-11,0.0,1.1582024809316622,15.820248093166223
2011-10-12,0.0,1.1582024809316622,15.820248093166223
2011-10-13,0.0,1.1582024809316622,15.820248093166223
2011-10-14,0.0,1.1582024809316622,15.820248093166223
2011-10-17,0.0,1.1582024809316622,15.820248093166223
2011-10-18,0.0,1.1582024809316622,15.820248093166223
2011-10-19,0.0,1.1582024809316622,15.820248093166223
2011-10-20,0.0,1.1582024809316622,15.820248093166223
2011-10-21,0.0,1.1582024809316622,15.820248093166223
2011-10-24,0.0,1.1582024809316622,15.820248093166223
2011-10-25,0.0,1.1582024809316622,15.820248093166223
2011-10-26,0.0,1.1582024809316622,15.820248093166223
2011-10-27,0.0,1.1582024809316622,15.820248093166223
2011-10-28,0.0,1.1582024809316622,15.820248093166223
2011-10-31,0.0,1.1582024809316622,15.820248093166223
2011-11-02,0.0,1.1582024809316622,15.820248093166223
2011-11-03,0.0,1.1582024809316622,15.820248093166223
2011-11-04,0.0,1.1582024809316622,15.820248093166223
2011-11-07,0.0,1.1582024809316622,15.820248093166223
2011-11-08,0.0,1.1582024809316622,15.820248093166223
2011-11-09,0.0,1.1582024809316622,15.820248093166223
2011-11-10,0.0,1.1582024809316622,15.820248093166223
2011-11-11,0.0,1.1582024809316622,15.820248093166223
2011-11-14,0.0,1.1582024809316622,15.820248093166223
2011-11-15,0.0,1.1582024809316622,15.820248093166223
2011-11-16,0.0,1.1582024809316622,15.820248093166223
2011-11-17,0.0,1.1582024809316622,15.820248093166223
2011-11-18,0.0,1.1582024809316622,15.820248093166223
2011-11-21,0.0,1.1582024809316622,15.820248093166223
2011-11-22,0.0,1.1582024809316622,15.820248093166223
2011-11-23,0.0,1.1582024809316622,15.820248093166223
2011-11-24,0.0,1.1582024809316622,15.820248093166223
2011-11-25,0.0,1.1582024809316622,15.820248093166223
2011-11-28,0.0,1.1582024809316622,15.820248093166223
2011-11-29,0.0,1.1582024809316622,15.820248093166223
2011-11-30,0.0,1.1582024809316622,15.820248093166223
2011-12-01,0.0,1.1582024809316622,15.820248093166223
2011-12-02,0.0,1.1582024809316622,15.820248093166223
2011-12-05,0.0,1.1582024809316622,15.820248093166223
2011-12-06,0.0,1.1582024809316622,15.820248093166223
2011-12-07,0.0,1.1582024809316622,15.820248093166223
2011-12-08,0.0,1.1582024809316622,15.820248093166223
2011-12-09,0.0,1.1582024809316622,15.820248093166223
2011-12-12,0.0,1.1582024809316622,15.820248093166223
2011-12-13,0.0,1.1582024809316622,15.820248093166223
2011-12-14,0.0,1.1582024809316622,15.820248093166223
2011-12-15,0.0,1.1582024809316622,15.820248093166223
2011-12-16,0.0,1.1582024809316622,15.820248093166223
2011-12-19,0.0,1.1582024809316622,15.820248093166223
2011-12-20,0.0,1.1582024809316622,15.820248093166223
2011-12-21,0.0,1.1582024809316622,15.820248093166223
2011-12-22,0.0,1.1582024809316622,15.820248093166223
2011-12-23,0.0,1.1582024809316622,15.820248093166223
2011-12-27,0.0,1.1582024809316622,15.820248093166223
2011-12-28,0.0,1.1582024809316622,15.820248093166223
2011-12-29,0.0,1.1582024809316622,15.820248093166223
2011-12-30,0.0,1.1582024809316622,15.820248093166223
2012-01-02,0.0,1.1582024809316622,15.820248093166223
2012-01-03,0.0,1.1582024809316622,15.820248093166223
2012-01-04,0.0,1.1582024809316622,15.820248093166223
2012-01-05,0.0,1.1582024809316622,15.820248093166223
2012-01-09,0.0,1.1582024809316622,15.820248093166223
2012-01-10,0.0,1.1582024809316622,15.820248093166223
2012-01-11,0.0,1.1582024809316622,15.820248093166223
2012-01-12,0.0,1.1582024809316622,15.820248093166223
2012-01-13,0.0,1.1582024809316622,15.820248093166223
2012-01-16,0.0,1.1582024809316622,15.820248093166223
2012-01-17,0.0,1.1582024809316622,15.820248093166223
2012-01-18,0.0,1.1582024809316622,15.820248093166223
2012-01-19,0.0,1.1582024809316622,15.820248093166223
2012-01-20,0.0,1.1582024809316622,15.820248093166223
2012-01-23,0.0,1.1582024809316622,15.820248093166223
2012-01-24,0.0,1.1582024809316622,15.820248093166223
2012-01-25,0.0,1.1582024809316622,15.820248093166223
2012-01-26,0.0,1.1582024809316622,15.820248093166223
2012-01-27,0.0,1.1582024809316622,15.820248093166223
2012-01-30,0.0,1.1582024809316622,15.820248093166223
2012-01-31,0.0,1.1582024809316622,15.820248093166223
2012-02-01,0.0,1.1582024809316622,15.820248093166223
2012-02-02,0.0,1.1582024809316622,15.820248093166223
2012-02-03,0.0,1.1582024809316622,15.820248093166223
2012-02-06,0.0,1.1582024809316622,15.820248093166223
2012-02-07,0.0,1.1582024809316622,15.820248093166223
2012-02-08,0.0,1.1582024809316622,15.820248093166223
2012-02-09,0.0,1.1582024809316622,15.820248093166223
2012-02-10,0.0,1.1582024809316622,15.820248093166223
2012-02-13,0.0,1.1582024809316622,15.820248093166223
2012-02-14,0.0,1.1582024809316622,15.820248093166223
2012-02-15,0.0,1.1582024809316622,15.820248093166223
2012-02-16,0.0,1.1582024809316622,15.820248093166223
2012-02-17,0.0,1.1582024809316622,15.820248093166223
2012-02-20,0.0,1.1582024809316622,15.820248093166223
2012-02-21,0.0,1.1582024809316622,15.820248093166223
2012-02-22,0.0,1.1582024809316622,15.820248093166223
2012-02-23,0.0,1.1582024809316622,15.820248093166223
2012-02-24,0.0,1.1582024809316622,15.820248093166223
2012-02-27,0.0,1.1582024809316622,15.820248093166223
2012-02-28,0.0,1.1582024809316622,15.820248093166223
2012-02-29,0.0,1.1582024809316622,15.820248093166223
2012-03-01,0.0,1.1582024809316622,15.820248093166223
2012-03-02,0.0,1.1582024809316622,15.820248093166223
2012-03-05,0.0,1.1582024809316622,15.820248093166223
2012-03-06,-0.004033333333333333,1.1535310642585712,15.35310642585712
2012-03-07,-0.0005333333333333344,1.1529158476909667,15.291584769096666
2012-03-08,0.007666666666666667,1.1617548691899309,16.175486918993087
2012-03-09,0.014533333333333336,1.1786390399554911,17.863903995549112
2012-03-12,-0.007899999999999999,1.1693277915398428,16.932779153984278
2012-03-13,0.011899999999999999,1.1832427922591668,18.324279225916683
2012-03-14,0.032766666666666666,1.2220137144188588,22.201371441885875
2012-03-15,0.04153333333333333,1.272768017357722,27.276801735772203
2012-03-16,0.049466666666666666,1.3357276086163508,33.572760861635075
2012-03-19,0.04956666666666667,1.4019351737501013,40.19351737501013
2012-03-20,0.0,1.4019351737501013,40.19351737501013
2012-03-21,0.0,1.4019351737501013,40.19351737501013
2012-03-22,0.0,1.4019351737501013,40.19351737501013
2012-03-23,0.0,1.4019351737501013,40.19351737501013
2012-03-26,0.0,1.4019351737501013,40.19351737501013
2012-03-27,0.0,1.4019351737501013,40.19351737501013
2012-03-28,0.0,1.4019351737501013,40.19351737501013
2012-03-29,0.0,1.4019351737501013,40.19351737501013
2012-03-30,0.0,1.4019351737501013,40.19351737501013
2012-04-02,0.0,1.4019351737501013,40.19351737501013
2012-04-03,0.0,1.4019351737501013,40.19351737501013
2012-04-04,0.0,1.4019351737501013,40.19351737501013
2012-04-05,0.0,1.4019351737501013,40.19351737501013
2012-04-06,0.0,1.4019351737501013,40.19351737501013
2012-04-10,0.0,1.4019351737501013,40.19351737501013
2012-04-11,0.0,1.4019351737501013,40.19351737501013
2012-04-12,0.0,1.4019351737501013,40.19351737501013
2012-04-13,0.0,1.4019351737501013,40.19351737501013
2012-04-16,0.0,1.4019351737501013,40.19351737501013
2012-04-17,0.0,1.4019351737501013,40.19351737501013
2012-04-18,0.0,1.4019351737501013,40.19351737501013
2012-04-19,0.0,1.4019351737501013,40.19351737501013
2012-04-20,0.0,1.4019351737501013,40.19351737501013
2012-04-23,0.0,1.4019351737501013,40.19351737501013
2012-04-24,0.0,1.4019351737501013,40.19351737501013
2012-04-25,0.0,1.4019351737501013,40.19351737501013
2012-04-26,0.0,1.4019351737501013,40.19351737501013
2012-04-27,0.0,1.4019351737501013,40.19351737501013
2012-04-30,0.0,1.4019351737501013,40.19351737501013
2012-05-02,0.0,1.4019351737501013,40.19351737501013
2012-05-03,0.0,1.4019351737501013,40.19351737501013
2012-05-04,0.0,1.4019351737501013,40.19351737501013
2012-05-07,0.0,1.4019351737501013,40.19351737501013
2012-05-08,0.0,1.4019351737501013,40.19351737501013
2012-05-09,0.0,1.4019351737501013,40.19351737501013
2012-05-10,0.0,1.4019351737501013,40.19351737501013
2012-05-11,0.0,1.4019351737501013,40.19351737501013
2012-05-14,0.0,1.4019351737501013,40.19351737501013
2012-05-15,0.0,1.4019351737501013,40.19351737501013
2012-05-16,0.0,1.4019351737501013,40.19351737501013
2012-05-17,0.0,1.4019351737501013,40.19351737501013
2012-05-18,0.0,1.4019351737501013,40.19351737501013
2012-05-21,0.0,1.4019351737501013,40.19351737501013
2012-05-22,0.0,1.4019351737501013,40.19351737501013
2012-05-23,0.0,1.4019351737501013,40.19351737501013
2012-05-24,0.0,1.4019351737501013,40.19351737501013
2012-05-25,0.0,1.4019351737501013,40.19351737501013
2012-05-28,0.0,1.4019351737501013,40.19351737501013
2012-05-29,0.0,1.4019351737501013,40.19351737501013
2012-05-30,0.0,1.4019351737501013,40.19351737501013
2012-05-31,0.0,1.4019351737501013,40.19351737501013
2012-06-01,0.0,1.4019351737501013,40.19351737501013
2012-06-04,0.0,1.4019351737501013,40.19351737501013
2012-06-05,0.0,1.4019351737501013,40.19351737501013
2012-06-06,0.0,1.4019351737501013,40.19351737501013
2012-06-08,0.0,1.4019351737501013,40.19351737501013
2012-06-11,0.0,1.4019351737501013,40.19351737501013
2012-06-12,0.0,1.4019351737501013,40.19351737501013
2012-06-13,0.0,1.4019351737501013,40.19351737501013
2012-06-14,0.0,1.4019351737501013,40.19351737501013
2012-06-15,0.0,1.4019351737501013,40.19351737501013
2012-06-18,0.0,1.4019351737501013,40.19351737501013
2012-06-19,0.0,1.4019351737501013,40.19351737501013
2012-06-20,0.0,1.4019351737501013,40.19351737501013
2012-06-21,0.0,1.4019351737501013,40.19351737501013
2012-06-26,0.0,1.4019351737501013,40.19351737501013
2012-06-27,0.0,1.4019351737501013,40.19351737501013
2012-06-28,0.0,1.4019351737501013,40.19351737501013
2012-06-29,0.0,1.4019351737501013,40.19351737501013
2012-07-02,0.0,1.4019351737501013,40.19351737501013
2012-07-03,0.0,1.4019351737501013,40.19351737501013
2012-07-04,0.0,1.4019351737501013,40.19351737501013
2012-07-05,0.0,1.4019351737501013,40.19351737501013
2012-07-06,0.0,1.4019351737501013,40.19351737501013
2012-07-09,0.0,1.4019351737501013,40.19351737501013
2012-07-10,0.0,1.4019351737501013,40.19351737501013
2012-07-11,0.0,1.4019351737501013,40.19351737501013
2012-07-12,0.0,1.4019351737501013,40.19351737501013
2012-07-13,0.0,1.4019351737501013,40.19351737501013
2012-07-16,0.0,1.4019351737501013,40.19351737501013
2012-07-17,0.0,1.4019351737501013,40.19351737501013
2012-07-18,0.0,1.4019351737501013,40.19351737501013
2012-07-19,0.0,1.4019351737501013,40.19351737501013
2012-07-20,0.0,1.4019351737501013,40.19351737501013
2012-07-23,0.0,1.4019351737501013,40.19351737501013
2012-07-24,0.0,1.4019351737501013,40.19351737501013
2012-07-25,0.0,1.4019351737501013,40.19351737501013
2012-07-26,0.0,1.4019351737501013,40.19351737501013
2012-07-27,0.0,1.4019351737501013,40.19351737501013
2012-07-30,0.0,1.4019351737501013,40.19351737501013
2012-07-31,0.0,1.4019351737501013,40.19351737501013
2012-08-01,0.0,1.4019351737501013,40.19351737501013
2012-08-02,0.0,1.4019351737501013,40.19351737501013
2012-08-03,0.0,1.4019351737501013,40.19351737501013
2012-08-06,0.0,1.4019351737501013,40.19351737501013
2012-08-07,0.0,1.4019351737501013,40.19351737501013
2012-08-08,0.0,1.4019351737501013,40.19351737501013
2012-08-09,0.0,1.4019351737501013,40.19351737501013
2012-08-10,0.0,1.4019351737501013,40.19351737501013
2012-08-13,0.0,1.4019351737501013,40.19351737501013
2012-08-14,0.0,1.4019351737501013,40.19351737501013
2012-08-16,0.0,1.4019351737501013,40.19351737501013
2012-08-17,0.0,1.4019351737501013,40.19351737501013
2012-08-20,0.0,1.4019351737501013,40.19351737501013
2012-08-21,0.0,1.4019351737501013,40.19351737501013
2012-08-22,0.0,1.4019351737501013,40.19351737501013
2012-08-23,0.0,1.4019351737501013,40.19351737501013
2012-08-24,0.0,1.4019351737501013,40.19351737501013
2012-08-27,0.0,1.4019351737501013,40.19351737501013
2012-08-28,0.0,1.4019351737501013,40.19351737501013
2012-08-29,0.0,1.4019351737501013,40.19351737501013
2012-08-30,0.0,1.4019351737501013,40.19351737501013
2012-08-31,0.0,1.4019351737501013,40.19351737501013
2012-09-03,0.0,1.4019351737501013,40.19351737501013
2012-09-04,0.0,1.4019351737501013,40.19351737501013
2012-09-05,-0.0039499999999999995,1.3963975298137885,39.63975298137885
2012-09-06,0.0172,1.420415567326586,42.04155673265859
2012-09-07,0.0036499999999999996,1.4256000841473278,42.56000841473278
2012-09-10,-0.00705,1.415549603554089,41.55496035540891
2012-09-11,-0.00125,1.4137801665496466,41.378016654964654
2012-09-12,0.0136,1.433007576814722,43.30075768147219
2012-09-13,-0.00275,1.4290668059784815,42.906680597848144
2012-09-14,0.0018,1.4316391262292427,43.16391262292427
2012-09-17,-0.01905,1.4043664008745755,40.436640087457555
2012-09-18,0.01145,1.4204463961645895,42.044639616458944
2012-09-19,0.00355,1.4254889808709736,42.54889808709736
2012-09-20,0.001850000000000001,1.4281261354855848,42.812613548558474
2012-09-21,0.011349999999999999,1.444335367123346,44.43353671233461
2012-09-24,-0.007,1.4342250195534827,43.42250195534827
2012-09-25,0.0,1.4342250195534827,43.42250195534827
2012-09-26,0.0,1.4342250195534827,43.42250195534827
2012-09-27,0.0,1.4342250195534827,43.42250195534827
2012-09-28,0.0,1.4342250195534827,43.42250195534827
2012-10-01,0.0,1.4342250195534827,43.42250195534827
2012-10-02,0.0,1.4342250195534827,43.42250195534827
2012-10-03,0.0,1.4342250195534827,43.42250195534827
2012-10-04,0.0,1.4342250195534827,43.42250195534827
2012-10-05,0.0,1.4342250195534827,43.42250195534827
2012-10-09,0.0,1.4342250195534827,43.42250195534827
2012-10-10,0.0,1.4342250195534827,43.42250195534827
2012-10-11,0.0,1.4342250195534827,43.42250195534827
2012-10-12,0.0,1.4342250195534827,43.42250195534827
2012-10-15,0.0,1.4342250195534827,43.42250195534827
2012-10-16,0.0,1.4342250195534827,43.42250195534827
2012-10-17,0.0,1.4342250195534827,43.42250195534827
2012-10-18,0.0,1.4342250195534827,43.42250195534827
2012-10-19,0.0,1.4342250195534827,43.42250195534827
2012-10-22,0.0,1.4342250195534827,43.42250195534827
2012-10-23,0.0,1.4342250195534827,43.42250195534827
2012-10-24,0.0,1.4342250195534827,43.42250195534827
2012-10-25,0.0,1.4342250195534827,43.42250195534827
2012-10-26,0.0,1.4342250195534827,43.42250195534827
2012-10-29,0.0,1.4342250195534827,43.42250195534827
2012-10-30,0.0,1.4342250195534827,43.42250195534827
2012-10-31,0.0,1.4342250195534827,43.42250195534827
2012-11-02,0.0,1.4342250195534827,43.42250195534827
2012-11-05,0.0,1.4342250195534827,43.42250195534827
2012-11-06,0.0,1.4342250195534827,43.42250195534827
2012-11-07,0.0,1.4342250195534827,43.42250195534827
2012-11-08,0.0,1.4342250195534827,43.42250195534827
2012-11-09,0.0,1.4342250195534827,43.42250195534827
2012-11-12,0.0,1.4342250195534827,43.42250195534827
2012-11-13,0.0,1.4342250195534827,43.42250195534827
2012-11-14,0.0,1.4342250195534827,43.42250195534827
2012-11-15,0.0,1.4342250195534827,43.42250195534827
2012-11-16,0.0,1.4342250195534827,43.42250195534827
2012-11-19,0.0,1.4342250195534827,43.42250195534827
2012-11-20,0.0,1.4342250195534827,43.42250195534827
2012-11-21,0.0,1.4342250195534827,43.42250195534827
2012-11-22,0.0,1.4342250195534827,43.42250195534827
2012-11-23,0.0,1.4342250195534827,43.42250195534827
2012-11-26,0.0,1.4342250195534827,43.42250195534827
2012-11-27,0.0,1.4342250195534827,43.42250195534827
2012-11-28,0.0,1.4342250195534827,43.42250195534827
2012-11-29,0.0,1.4342250195534827,43.42250195534827
2012-11-30,0.0,1.4342250195534827,43.42250195534827
2012-12-03,0.0,1.4342250195534827,43.42250195534827
2012-12-04,0.0,1.4342250195534827,43.42250195534827
2012-12-05,0.0,1.4342250195534827,43.42250195534827
2012-12-06,0.0,1.4342250195534827,43.42250195534827
2012-12-07,0.0,1.4342250195534827,43.42250195534827
2012-12-10,0.0,1.4342250195534827,43.42250195534827
2012-12-11,0.0,1.4342250195534827,43.42250195534827
2012-12-12,0.0,1.4342250195534827,43.42250195534827
2012-12-13,0.0,1.4342250195534827,43.42250195534827
2012-12-14,0.0,1.4342250195534827,43.42250195534827
2012-12-17,0.0,1.4342250195534827,43.42250195534827
2012-12-18,0.0,1.4342250195534827,43.42250195534827
2012-12-19,0.0,1.4342250195534827,43.42250195534827
2012-12-20,0.0,1.4342250195534827,43.42250195534827
2012-12-21,0.0,1.4342250195534827,43.42250195534827
2012-12-24,0.0,1.4342250195534827,43.42250195534827
2012-12-27,0.0,1.4342250195534827,43.42250195534827
2012-12-28,0.0,1.4342250195534827,43.42250195534827
2012-12-31,0.0,1.4342250195534827,43.42250195534827
2013-01-02,0.0,1.4342250195534827,43.42250195534827
2013-01-03,0.0,1.4342250195534827,43.42250195534827
2013-01-04,0.0,1.4342250195534827,43.42250195534827
2013-01-07,0.0,1.4342250195534827,43.42250195534827
2013-01-08,0.0,1.4342250195534827,43.42250195534827
2013-01-09,0.0,1.4342250195534827,43.42250195534827
2013-01-10,0.0,1.4342250195534827,43.42250195534827
2013-01-11,0.0,1.4342250195534827,43.42250195534827
2013-01-14,0.0,1.4342250195534827,43.42250195534827
2013-01-15,0.0,1.4342250195534827,43.42250195534827
2013-01-16,0.0,1.4342250195534827,43.42250195534827
2013-01-17,0.0,1.4342250195534827,43.42250195534827
2013-01-18,0.0,1.4342250195534827,43.42250195534827
2013-01-21,0.0,1.4342250195534827,43.42250195534827
2013-01-22,0.0,1.4342250195534827,43.42250195534827
2013-01-23,0.0,1.4342250195534827,43.42250195534827
2013-01-24,0.0,1.4342250195534827,43.42250195534827
2013-01-25,0.0,1.4342250195534827,43.42250195534827
2013-01-28,0.0,1.4342250195534827,43.42250195534827
2013-01-29,0.0,1.4342250195534827,43.42250195534827
2013-01-30,0.0,1.4342250195534827,43.42250195534827
2013-01-31,0.0,1.4342250195534827,43.42250195534827
2013-02-01,0.0,1.4342250195534827,43.42250195534827
2013-02-04,0.0,1.4342250195534827,43.42250195534827
2013-02-05,0.0,1.4342250195534827,43.42250195534827
2013-02-06,0.0,1.4342250195534827,43.42250195534827
2013-02-07,0.0,1.4342250195534827,43.42250195534827
2013-02-08,0.0,1.4342250195534827,43.42250195534827
2013-02-11,0.0,1.4342250195534827,43.42250195534827
2013-02-12,0.0,1.4342250195534827,43.42250195534827
2013-02-13,0.0,1.4342250195534827,43.42250195534827
2013-02-14,0.0,1.4342250195534827,43.42250195534827
2013-02-15,0.0,1.4342250195534827,43.42250195534827
2013-02-18,0.0,1.4342250195534827,43.42250195534827
2013-02-19,0.0,1.4342250195534827,43.42250195534827
2013-02-20,0.0,1.4342250195534827,43.42250195534827
2013-02-21,0.0,1.4342250195534827,43.42250195534827
2013-02-22,0.0,1.4342250195534827,43.42250195534827
2013-02-25,0.0,1.4342250195534827,43.42250195534827
2013-02-26,0.0,1.4342250195534827,43.42250195534827
2013-02-27,0.0,1.4342250195534827,43.42250195534827
2013-02-28,0.0,1.4342250195534827,43.42250195534827
2013-03-01,0.0,1.4342250195534827,43.42250195534827
2013-03-04,0.0,1.4342250195534827,43.42250195534827
2013-03-05,0.0,1.4342250195534827,43.42250195534827
2013-03-06,-0.0125,1.4162972068090642,41.62972068090642
2013-03-07,-0.0158,1.393919710941481,39.39197109414809
2013-03-08,0.0235,1.4266768241486059,42.667682414860586
2013-03-11,0.07775,1.53760094722616,53.760094722616
2013-03-12,0.1906,1.830667687767466,83.06676877674658
2013-03-13,0.043149999999999994,1.909660998494632,90.9660998494632
2013-03-14,-0.10595,1.7073324157041259,70.73324157041259
2013-03-15,-0.043750000000000004,1.6326366225170705,63.26366225170705
2013-03-18,0.0923,1.7833289827753962,78.33289827753961
2013-03-19,0.0,1.7833289827753962,78.33289827753961
2013-03-20,0.0,1.7833289827753962,78.33289827753961
2013-03-21,0.0,1.7833289827753962,78.33289827753961
2013-03-22,0.0,1.7833289827753962,78.33289827753961
2013-03-25,0.0,1.7833289827753962,78.33289827753961
2013-03-26,0.0,1.7833289827753962,78.33289827753961
2013-03-27,0.0,1.7833289827753962,78.33289827753961
2013-03-28,0.0,1.7833289827753962,78.33289827753961
2013-03-29,0.0,1.7833289827753962,78.33289827753961
2013-04-02,0.0,1.7833289827753962,78.33289827753961
2013-04-03,0.0,1.7833289827753962,78.33289827753961
2013-04-04,0.0,1.7833289827753962,78.33289827753961
2013-04-05,0.0,1.7833289827753962,78.33289827753961
2013-04-08,0.0,1.7833289827753962,78.33289827753961
2013-04-09,0.0,1.7833289827753962,78.33289827753961
2013-04-10,0.0,1.7833289827753962,78.33289827753961
2013-04-11,0.0,1.7833289827753962,78.33289827753961
2013-04-12,0.0,1.7833289827753962,78.33289827753961
2013-04-15,0.0,1.7833289827753962,78.33289827753961
2013-04-16,0.0,1.7833289827753962,78.33289827753961
2013-04-17,0.0,1.7833289827753962,78.33289827753961
2013-04-18,0.0,1.7833289827753962,78.33289827753961
2013-04-19,0.0,1.7833289827753962,78.33289827753961
2013-04-22,0.0,1.7833289827753962,78.33289827753961
2013-04-23,0.0,1.7833289827753962,78.33289827753961
2013-04-24,0.0,1.7833289827753962,78.33289827753961
2013-04-25,0.0,1.7833289827753962,78.33289827753961
2013-04-26,0.0,1.7833289827753962,78.33289827753961
2013-04-29,0.0,1.7833289827753962,78.33289827753961
2013-04-30,0.0,1.7833289827753962,78.33289827753961
2013-05-02,0.0,1.7833289827753962,78.33289827753961
2013-05-03,0.0,1.7833289827753962,78.33289827753961
2013-05-06,0.0,1.7833289827753962,78.33289827753961
2013-05-07,0.0,1.7833289827753962,78.33289827753961
2013-05-08,0.0,1.7833289827753962,78.33289827753961
2013-05-09,0.0,1.7833289827753962,78.33289827753961
2013-05-10,0.0,1.7833289827753962,78.33289827753961
2013-05-13,0.0,1.7833289827753962,78.33289827753961
2013-05-14,0.0,1.7833289827753962,78.33289827753961
2013-05-15,0.0,1.7833289827753962,78.33289827753961
2013-05-16,0.0,1.7833289827753962,78.33289827753961
2013-05-17,0.0,1.7833289827753962,78.33289827753961
2013-05-20,0.0,1.7833289827753962,78.33289827753961
2013-05-21,0.0,1.7833289827753962,78.33289827753961
2013-05-22,0.0,1.7833289827753962,78.33289827753961
2013-05-23,0.0,1.7833289827753962,78.33289827753961
2013-05-24,0.0,1.7833289827753962,78.33289827753961
2013-05-27,0.0,1.7833289827753962,78.33289827753961
2013-05-28,0.0,1.7833289827753962,78.33289827753961
2013-05-29,0.0,1.7833289827753962,78.33289827753961
2013-05-31,0.0,1.7833289827753962,78.33289827753961
2013-06-03,0.0,1.7833289827753962,78.33289827753961
2013-06-04,0.0,1.7833289827753962,78.33289827753961
2013-06-05,0.0,1.7833289827753962,78.33289827753961
2013-06-06,0.0,1.7833289827753962,78.33289827753961
2013-06-07,0.0,1.7833289827753962,78.33289827753961
2013-06-10,0.0,1.7833289827753962,78.33289827753961
2013-06-11,0.0,1.7833289827753962,78.33289827753961
2013-06-12,0.0,1.7833289827753962,78.33289827753961
2013-06-13,0.0,1.7833289827753962,78.33289827753961
2013-06-14,0.0,1.7833289827753962,78.33289827753961
2013-06-17,0.0,1.7833289827753962,78.33289827753961
2013-06-18,0.0,1.7833289827753962,78.33289827753961
2013-06-19,0.0,1.7833289827753962,78.33289827753961
2013-06-20,0.0,1.7833289827753962,78.33289827753961
2013-06-21,0.0,1.7833289827753962,78.33289827753961
2013-06-24,0.0,1.7833289827753962,78.33289827753961
2013-06-26,0.0,1.7833289827753962,78.33289827753961
2013-06-27,0.0,1.7833289827753962,78.33289827753961
2013-06-28,0.0,1.7833289827753962,78.33289827753961
2013-07-01,0.0,1.7833289827753962,78.33289827753961
2013-07-02,0.0,1.7833289827753962,78.33289827753961
2013-07-03,0.0,1.7833289827753962,78.33289827753961
2013-07-04,0.0,1.7833289827753962,78.33289827753961
2013-07-05,0.0,1.7833289827753962,78.33289827753961
2013-07-08,0.0,1.7833289827753962,78.33289827753961
2013-07-09,0.0,1.7833289827753962,78.33289827753961
2013-07-10,0.0,1.7833289827753962,78.33289827753961
2013-07-11,0.0,1.7833289827753962,78.33289827753961
2013-07-12,0.0,1.7833289827753962,78.33289827753961
2013-07-15,0.0,1.7833289827753962,78.33289827753961
2013-07-16,0.0,1.7833289827753962,78.33289827753961
2013-07-17,0.0,1.7833289827753962,78.33289827753961
2013-07-18,0.0,1.7833289827753962,78.33289827753961
2013-07-19,0.0,1.7833289827753962,78.33289827753961
2013-07-22,0.0,1.7833289827753962,78.33289827753961
2013-07-23,0.0,1.7833289827753962,78.33289827753961
2013-07-24,0.0,1.7833289827753962,78.33289827753961
2013-07-25,0.0,1.7833289827753962,78.33289827753961
2013-07-26,0.0,1.7833289827753962,78.33289827753961
2013-07-29,0.0,1.7833289827753962,78.33289827753961
2013-07-30,0.0,1.7833289827753962,78.33289827753961
2013-07-31,0.0,1.7833289827753962,78.33289827753961
2013-08-01,0.0,1.7833289827753962,78.33289827753961
2013-08-02,0.0,1.7833289827753962,78.33289827753961
2013-08-06,0.0,1.7833289827753962,78.33289827753961
2013-08-07,0.0,1.7833289827753962,78.33289827753961
2013-08-08,0.0,1.7833289827753962,78.33289827753961
2013-08-09,0.0,1.7833289827753962,78.33289827753961
2013-08-12,0.0,1.7833289827753962,78.33289827753961
2013-08-13,0.0,1.7833289827753962,78.33289827753961
2013-08-14,0.0,1.7833289827753962,78.33289827753961
2013-08-16,0.0,1.7833289827753962,78.33289827753961
2013-08-19,0.0,1.7833289827753962,78.33289827753961
2013-08-20,0.0,1.7833289827753962,78.33289827753961
2013-08-21,0.0,1.7833289827753962,78.33289827753961
2013-08-22,0.0,1.7833289827753962,78.33289827753961
2013-08-23,0.0,1.7833289827753962,78.33289827753961
2013-08-26,0.0,1.7833289827753962,78.33289827753961
2013-08-27,0.0,1.7833289827753962,78.33289827753961
2013-08-28,0.0,1.7833289827753962,78.33289827753961
2013-08-29,0.0,1.7833289827753962,78.33289827753961
2013-08-30,0.0,1.7833289827753962,78.33289827753961
2013-09-02,0.0,1.7833289827753962,78.33289827753961
2013-09-03,0.0,1.7833289827753962,78.33289827753961
2013-09-04,0.0,1.7833289827753962,78.33289827753961
2013-09-05,0.0,1.7833289827753962,78.33289827753961
2013-09-06,-0.0159,1.7549740519492674,75.49740519492674
2013-09-09,-0.00155,1.752253842168746,75.22538421687459
2013-09-10,-0.009399999999999999,1.7357826560523597,73.57826560523597
2013-09-11,0.0,1.7357826560523597,73.57826560523597
2013-09-12,-0.0023,1.7317903559434393,73.17903559434393
2013-09-13,-0.0062,1.72105325573659,72.105325573659
2013-09-16,-0.0259,1.6764779764130124,67.64779764130124
2013-09-17,0.01625,1.7037207435297241,70.37207435297242
2013-09-18,0.0013499999999999996,1.7060207665334892,70.60207665334892
2013-09-19,-0.00665,1.6946757284360414,69.46757284360415
2013-09-20,0.0073,1.7070468612536247,70.70468612536247
2013-09-23,-0.00025,1.7066200995383114,70.66200995383115
2013-09-24,0.0,1.7066200995383114,70.66200995383115
2013-09-25,0.0,1.7066200995383114,70.66200995383115
2013-09-26,0.0,1.7066200995383114,70.66200995383115
2013-09-27,0.0,1.7066200995383114,70.66200995383115
2013-09-30,0.0,1.7066200995383114,70.66200995383115
2013-10-01,0.0,1.7066200995383114,70.66200995383115
2013-10-02,0.0,1.7066200995383114,70.66200995383115
2013-10-03,0.0,1.7066200995383114,70.66200995383115
2013-10-04,0.0,1.7066200995383114,70.66200995383115
2013-10-07,0.0,1.7066200995383114,70.66200995383115
2013-10-09,0.0,1.7066200995383114,70.66200995383115
2013-10-10,0.0,1.7066200995383114,70.66200995383115
2013-10-11,0.0,1.7066200995383114,70.66200995383115
2013-10-14,0.0,1.7066200995383114,70.66200995383115
2013-10-15,0.0,1.7066200995383114,70.66200995383115
2013-10-16,0.0,1.7066200995383114,70.66200995383115
2013-10-17,0.0,1.7066200995383114,70.66200995383115
2013-10-18,0.0,1.7066200995383114,70.66200995383115
2013-10-21,0.0,1.7066200995383114,70.66200995383115
2013-10-22,0.0,1.7066200995383114,70.66200995383115
2013-10-23,0.0,1.7066200995383114,70.66200995383115
2013-10-24,0.0,1.7066200995383114,70.66200995383115
2013-10-25,0.0,1.7066200995383114,70.66200995383115
2013-10-28,0.0,1.7066200995383114,70.66200995383115
2013-10-29,0.0,1.7066200995383114,70.66200995383115
2013-10-30,0.0,1.7066200995383114,70.66200995383115
2013-10-31,0.0,1.7066200995383114,70.66200995383115
2013-11-04,0.0,1.7066200995383114,70.66200995383115
2013-11-05,0.0,1.7066200995383114,70.66200995383115
2013-11-06,0.0,1.7066200995383114,70.66200995383115
2013-11-07,0.0,1.7066200995383114,70.66200995383115
2013-11-08,0.0,1.7066200995383114,70.66200995383115
2013-11-11,0.0,1.7066200995383114,70.66200995383115
2013-11-12,0.0,1.7066200995383114,70.66200995383115
2013-11-13,0.0,1.7066200995383114,70.66200995383115
2013-11-14,0.0,1.7066200995383114,70.66200995383115
2013-11-15,0.0,1.7066200995383114,70.66200995383115
2013-11-18,0.0,1.7066200995383114,70.66200995383115
2013-11-19,0.0,1.7066200995383114,70.66200995383115
2013-11-20,0.0,1.7066200995383114,70.66200995383115
2013-11-21,0.0,1.7066200995383114,70.66200995383115
2013-11-22,0.0,1.7066200995383114,70.66200995383115
2013-11-25,0.0,1.7066200995383114,70.66200995383115
2013-11-26,0.0,1.7066200995383114,70.66200995383115
2013-11-27,0.0,1.7066200995383114,70.66200995383115
2013-11-28,0.0,1.7066200995383114,70.66200995383115
2013-11-29,0.0,1.7066200995383114,70.66200995383115
2013-12-02,0.0,1.7066200995383114,70.66200995383115
2013-12-03,0.0,1.7066200995383114,70.66200995383115
2013-12-04,0.0,1.7066200995383114,70.66200995383115
2013-12-05,0.0,1.7066200995383114,70.66200995383115
2013-12-06,0.0,1.7066200995383114,70.66200995383115
2013-12-09,0.0,1.7066200995383114,70.66200995383115
2013-12-10,0.0,1.7066200995383114,70.66200995383115
2013-12-11,0.0,1.7066200995383114,70.66200995383115
2013-12-12,0.0,1.7066200995383114,70.66200995383115
2013-12-13,0.0,1.7066200995383114,70.66200995383115
2013-12-16,0.0,1.7066200995383114,70.66200995383115
2013-12-17,0.0,1.7066200995383114,70.66200995383115
2013-12-18,0.0,1.7066200995383114,70.66200995383115
2013-12-19,0.0,1.7066200995383114,70.66200995383115
2013-12-20,0.0,1.7066200995383114,70.66200995383115
2013-12-23,0.0,1.7066200995383114,70.66200995383115
2013-12-27,0.0,1.7066200995383114,70.66200995383115
2013-12-30,0.0,1.7066200995383114,70.66200995383115
2013-12-31,0.0,1.7066200995383114,70.66200995383115
2014-01-02,0.0,1.7066200995383114,70.66200995383115
2014-01-03,0.0,1.7066200995383114,70.66200995383115
2014-01-07,0.0,1.7066200995383114,70.66200995383115
2014-01-08,0.0,1.7066200995383114,70.66200995383115
2014-01-09,0.0,1.7066200995383114,70.66200995383115
2014-01-10,0.0,1.7066200995383114,70.66200995383115
2014-01-13,0.0,1.7066200995383114,70.66200995383115
2014-01-14,0.0,1.7066200995383114,70.66200995383115
2014-01-15,0.0,1.7066200995383114,70.66200995383115
2014-01-16,0.0,1.7066200995383114,70.66200995383115
2014-01-17,0.0,1.7066200995383114,70.66200995383115
2014-01-20,0.0,1.7066200995383114,70.66200995383115
2014-01-21,0.0,1.7066200995383114,70.66200995383115
2014-01-22,0.0,1.7066200995383114,70.66200995383115
2014-01-23,0.0,1.7066200995383114,70.66200995383115
2014-01-24,0.0,1.7066200995383114,70.66200995383115
2014-01-27,0.0,1.7066200995383114,70.66200995383115
2014-01-28,0.0,1.7066200995383114,70.66200995383115
2014-01-29,0.0,1.7066200995383114,70.66200995383115
2014-01-30,0.0,1.7066200995383114,70.66200995383115
2014-01-31,0.0,1.7066200995383114,70.66200995383115
2014-02-03,0.0,1.7066200995383114,70.66200995383115
2014-02-04,0.0,1.7066200995383114,70.66200995383115
2014-02-05,0.0,1.7066200995383114,70.66200995383115
2014-02-06,0.0,1.7066200995383114,70.66200995383115
2014-02-07,0.0,1.7066200995383114,70.66200995383115
2014-02-10,0.0,1.7066200995383114,70.66200995383115
2014-02-11,0.0,1.7066200995383114,70.66200995383115
2014-02-12,0.0,1.7066200995383114,70.66200995383115
2014-02-13,0.0,1.7066200995383114,70.66200995383115
2014-02-14,0.0,1.7066200995383114,70.66200995383115
2014-02-17,0.0,1.7066200995383114,70.66200995383115
2014-02-18,0.0,1.7066200995383114,70.66200995383115
2014-02-19,0.0,1.7066200995383114,70.66200995383115
2014-02-20,0.0,1.7066200995383114,70.66200995383115
2014-02-21,0.0,1.7066200995383114,70.66200995383115
2014-02-24,0.0,1.7066200995383114,70.66200995383115
2014-02-25,0.0,1.7066200995383114,70.66200995383115
2014-02-26,0.0,1.7066200995383114,70.66200995383115
2014-02-27,0.0,1.7066200995383114,70.66200995383115
2014-02-28,0.0,1.7066200995383114,70.66200995383115
2014-03-03,0.0,1.7066200995383114,70.66200995383115
2014-03-04,0.0,1.7066200995383114,70.66200995383115
2014-03-05,0.0,1.7066200995383114,70.66200995383115
2014-03-06,0.0,1.7066200995383114,70.66200995383115
2014-03-07,0.0136,1.7298301328920325,72.98301328920324
2014-03-10,-0.0005666666666666667,1.7288498958167269,72.88498958167268
2014-03-11,-0.0037333333333333333,1.7223955228723444,72.23955228723445
2014-03-12,-0.012233333333333334,1.7013248843092061,70.13248843092062
2014-03-13,0.011699999999999999,1.721230385455624,72.1230385455624
2014-03-14,0.0012666666666666677,1.7234106106105345,72.34106106105345
2014-03-17,0.0212,1.7599469155554779,75.99469155554779
2014-03-18,0.012333333333333333,1.7816529275139954,78.16529275139953
2014-03-19,-0.0037333333333333333,1.7750014232512765,77.50014232512765
2014-03-20,0.0121,1.796478940472617,79.64789404726169
2014-03-21,0.0194,1.8313306319177858,83.13306319177858
2014-03-24,-0.010533333333333332,1.8120406159282518,81.20406159282518
2014-03-25,0.0,1.8120406159282518,81.20406159282518
2014-03-26,0.0,1.8120406159282518,81.20406159282518
2014-03-27,0.0,1.8120406159282518,81.20406159282518
2014-03-28,0.0,1.8120406159282518,81.20406159282518
2014-03-31,0.0,1.8120406159282518,81.20406159282518
2014-04-01,0.0,1.8120406159282518,81.20406159282518
2014-04-02,0.0,1.8120406159282518,81.20406159282518
2014-04-03,0.0,1.8120406159282518,81.20406159282518
2014-04-04,0.0,1.8120406159282518,81.20406159282518
2014-04-07,0.0,1.8120406159282518,81.20406159282518
2014-04-08,0.0,1.8120406159282518,81.20406159282518
2014-04-09,0.0,1.8120406159282518,81.20406159282518
2014-04-10,0.0,1.8120406159282518,81.20406159282518
2014-04-11,0.0,1.8120406159282518,81.20406159282518
2014-04-14,0.0,1.8120406159282518,81.20406159282518
2014-04-15,0.0,1.8120406159282518,81.20406159282518
2014-04-16,0.0,1.8120406159282518,81.20406159282518
2014-04-17,0.0,1.8120406159282518,81.20406159282518
2014-04-18,0.0,1.8120406159282518,81.20406159282518
2014-04-22,0.0,1.8120406159282518,81.20406159282518
2014-04-23,0.0,1.8120406159282518,81.20406159282518
2014-04-24,0.0,1.8120406159282518,81.20406159282518
2014-04-25,0.0,1.8120406159282518,81.20406159282518
2014-04-28,0.0,1.8120406159282518,81.20406159282518
2014-04-29,0.0,1.8120406159282518,81.20406159282518
2014-04-30,0.0,1.8120406159282518,81.20406159282518
2014-05-02,0.0,1.8120406159282518,81.20406159282518
2014-05-05,0.0,1.8120406159282518,81.20406159282518
2014-05-06,0.0,1.8120406159282518,81.20406159282518
2014-05-07,0.0,1.8120406159282518,81.20406159282518
2014-05-08,0.0,1.8120406159282518,81.20406159282518
2014-05-09,0.0,1.8120406159282518,81.20406159282518
2014-05-12,0.0,1.8120406159282518,81.20406159282518
2014-05-13,0.0,1.8120406159282518,81.20406159282518
2014-05-14,0.0,1.8120406159282518,81.20406159282518
2014-05-15,0.0,1.8120406159282518,81.20406159282518
2014-05-16,0.0,1.8120406159282518,81.20406159282518
2014-05-19,0.0,1.8120406159282518,81.20406159282518
2014-05-20,0.0,1.8120406159282518,81.20406159282518
2014-05-21,0.0,1.8120406159282518,81.20406159282518
2014-05-22,0.0,1.8120406159282518,81.20406159282518
2014-05-23,0.0,1.8120406159282518,81.20406159282518
2014-05-26,0.0,1.8120406159282518,81.20406159282518
2014-05-27,0.0,1.8120406159282518,81.20406159282518
2014-05-28,0.0,1.8120406159282518,81.20406159282518
2014-05-29,0.0,1.8120406159282518,81.20406159282518
2014-05-30,0.0,1.8120406159282518,81.20406159282518
2014-06-02,0.0,1.8120406159282518,81.20406159282518
2014-06-03,0.0,1.8120406159282518,81.20406159282518
2014-06-04,0.0,1.8120406159282518,81.20406159282518
2014-06-05,0.0,1.8120406159282518,81.20406159282518
2014-06-06,0.0,1.8120406159282518,81.20406159282518
2014-06-09,0.0,1.8120406159282518,81.20406159282518
2014-06-10,0.0,1.8120406159282518,81.20406159282518
2014-06-11,0.0,1.8120406159282518,81.20406159282518
2014-06-12,0.0,1.8120406159282518,81.20406159282518
2014-06-13,0.0,1.8120406159282518,81.20406159282518
2014-06-16,0.0,1.8120406159282518,81.20406159282518
2014-06-17,0.0,1.8120406159282518,81.20406159282518
2014-06-18,0.0,1.8120406159282518,81.20406159282518
2014-06-20,0.0,1.8120406159282518,81.20406159282518
2014-06-23,0.0,1.8120406159282518,81.20406159282518
2014-06-24,0.0,1.8120406159282518,81.20406159282518
2014-06-26,0.0,1.8120406159282518,81.20406159282518
2014-06-27,0.0,1.8120406159282518,81.20406159282518
2014-06-30,0.0,1.8120406159282518,81.20406159282518
2014-07-01,0.0,1.8120406159282518,81.20406159282518
2014-07-02,0.0,1.8120406159282518,81.20406159282518
2014-07-03,0.0,1.8120406159282518,81.20406159282518
2014-07-04,0.0,1.8120406159282518,81.20406159282518
2014-07-07,0.0,1.8120406159282518,81.20406159282518
2014-07-08,0.0,1.8120406159282518,81.20406159282518
2014-07-09,0.0,1.8120406159282518,81.20406159282518
2014-07-10,0.0,1.8120406159282518,81.20406159282518
2014-07-11,0.0,1.8120406159282518,81.20406159282518
2014-07-14,0.0,1.8120406159282518,81.20406159282518
2014-07-15,0.0,1.8120406159282518,81.20406159282518
2014-07-16,0.0,1.8120406159282518,81.20406159282518
2014-07-17,0.0,1.8120406159282518,81.20406159282518
2014-07-18,0.0,1.8120406159282518,81.20406159282518
2014-07-21,0.0,1.8120406159282518,81.20406159282518
2014-07-22,0.0,1.8120406159282518,81.20406159282518
2014-07-23,0.0,1.8120406159282518,81.20406159282518
2014-07-24,0.0,1.8120406159282518,81.20406159282518
2014-07-25,0.0,1.8120406159282518,81.20406159282518
2014-07-28,0.0,1.8120406159282518,81.20406159282518
2014-07-29,0.0,1.8120406159282518,81.20406159282518
2014-07-30,0.0,1.8120406159282518,81.20406159282518
2014-07-31,0.0,1.8120406159282518,81.20406159282518
2014-08-01,0.0,1.8120406159282518,81.20406159282518
2014-08-04,0.0,1.8120406159282518,81.20406159282518
2014-08-06,0.0,1.8120406159282518,81.20406159282518
2014-08-07,0.0,1.8120406159282518,81.20406159282518
2014-08-08,0.0,1.8120406159282518,81.20406159282518
2014-08-11,0.0,1.8120406159282518,81.20406159282518
2014-08-12,0.0,1.8120406159282518,81.20406159282518
2014-08-13,0.0,1.8120406159282518,81.20406159282518
2014-08-14,0.0,1.8120406159282518,81.20406159282518
2014-08-18,0.0,1.8120406159282518,81.20406159282518
2014-08-19,0.0,1.8120406159282518,81.20406159282518
2014-08-20,0.0,1.8120406159282518,81.20406159282518
2014-08-21,0.0,1.8120406159282518,81.20406159282518
2014-08-22,0.0,1.8120406159282518,81.20406159282518
2014-08-25,0.0,1.8120406159282518,81.20406159282518
2014-08-26,0.0,1.8120406159282518,81.20406159282518
2014-08-27,0.0,1.8120406159282518,81.20406159282518
2014-08-28,0.0,1.8120406159282518,81.20406159282518
2014-08-29,0.0,1.8120406159282518,81.20406159282518
2014-09-01,0.0,1.8120406159282518,81.20406159282518
2014-09-02,0.0,1.8120406159282518,81.20406159282518
2014-09-03,0.0,1.8120406159282518,81.20406159282518
2014-09-04,0.0,1.8120406159282518,81.20406159282518
2014-09-05,0.0,1.8120406159282518,81.20406159282518
2014-09-08,0.0,1.8120406159282518,81.20406159282518
2014-09-09,0.0,1.8120406159282518,81.20406159282518
2014-09-10,0.0377,1.880354547148747,88.0354547148747
2014-09-11,0.039975,1.9555217201710184,95.55217201710184
2014-09-12,-0.02425,1.9081003184568712,90.81003184568712
2014-09-15,0.03445,1.9738343744277107,97.38343744277107
2014-09-16,0.017,2.0073895587929815,100.73895587929815
2014-09-17,0.005000000000000001,2.017426506586946,101.74265065869461
2014-09-18,-0.010025000000000001,1.997201805858412,99.7201805858412
2014-09-19,0.01085,2.0188714454519756,101.88714454519756
2014-09-22,0.006924999999999999,2.032852130211731,103.28521302117308
2014-09-23,0.0,2.032852130211731,103.28521302117308
2014-09-24,0.0,2.032852130211731,103.28521302117308
2014-09-25,0.0,2.032852130211731,103.28521302117308
2014-09-26,0.0,2.032852130211731,103.28521302117308
2014-09-29,0.0,2.032852130211731,103.28521302117308
2014-09-30,0.0,2.032852130211731,103.28521302117308
2014-10-01,0.0,2.032852130211731,103.28521302117308
2014-10-02,0.0,2.032852130211731,103.28521302117308
2014-10-03,0.0,2.032852130211731,103.28521302117308
2014-10-06,0.0,2.032852130211731,103.28521302117308
2014-10-07,0.0,2.032852130211731,103.28521302117308
2014-10-09,0.0,2.032852130211731,103.28521302117308
2014-10-10,0.0,2.032852130211731,103.28521302117308
2014-10-13,0.0,2.032852130211731,103.28521302117308
2014-10-14,0.0,2.032852130211731,103.28521302117308
2014-10-15,0.0,2.032852130211731,103.28521302117308
2014-10-16,0.0,2.032852130211731,103.28521302117308
2014-10-17,0.0,2.032852130211731,103.28521302117308
2014-10-20,0.0,2.032852130211731,103.28521302117308
2014-10-21,0.0,2.032852130211731,103.28521302117308
2014-10-22,0.0,2.032852130211731,103.28521302117308
2014-10-23,0.0,2.032852130211731,103.28521302117308
2014-10-24,0.0,2.032852130211731,103.28521302117308
2014-10-27,0.0,2.032852130211731,103.28521302117308
2014-10-28,0.0,2.032852130211731,103.28521302117308
2014-10-29,0.0,2.032852130211731,103.28521302117308
2014-10-30,0.0,2.032852130211731,103.28521302117308
2014-10-31,0.0,2.032852130211731,103.28521302117308
2014-11-03,0.0,2.032852130211731,103.28521302117308
2014-11-04,0.0,2.032852130211731,103.28521302117308
2014-11-05,0.0,2.032852130211731,103.28521302117308
2014-11-06,0.0,2.032852130211731,103.28521302117308
2014-11-07,0.0,2.032852130211731,103.28521302117308
2014-11-10,0.0,2.032852130211731,103.28521302117308
2014-11-11,0.0,2.032852130211731,103.28521302117308
2014-11-12,0.0,2.032852130211731,103.28521302117308
2014-11-13,0.0,2.032852130211731,103.28521302117308
2014-11-14,0.0,2.032852130211731,103.28521302117308
2014-11-17,0.0,2.032852130211731,103.28521302117308
2014-11-18,0.0,2.032852130211731,103.28521302117308
2014-11-19,0.0,2.032852130211731,103.28521302117308
2014-11-20,0.0,2.032852130211731,103.28521302117308
2014-11-21,0.0,2.032852130211731,103.28521302117308
2014-11-24,0.0,2.032852130211731,103.28521302117308
2014-11-25,0.0,2.032852130211731,103.28521302117308
2014-11-26,0.0,2.032852130211731,103.28521302117308
2014-11-27,0.0,2.032852130211731,103.28521302117308
2014-11-28,0.0,2.032852130211731,103.28521302117308
2014-12-01,0.0,2.032852130211731,103.28521302117308
2014-12-02,0.0,2.032852130211731,103.28521302117308
2014-12-03,0.0,2.032852130211731,103.28521302117308
2014-12-04,0.0,2.032852130211731,103.28521302117308
2014-12-05,0.0,2.032852130211731,103.28521302117308
2014-12-08,0.0,2.032852130211731,103.28521302117308
2014-12-09,0.0,2.032852130211731,103.28521302117308
2014-12-10,0.0,2.032852130211731,103.28521302117308
2014-12-11,0.0,2.032852130211731,103.28521302117308
2014-12-12,0.0,2.032852130211731,103.28521302117308
2014-12-15,0.0,2.032852130211731,103.28521302117308
2014-12-16,0.0,2.032852130211731,103.28521302117308
2014-12-17,0.0,2.032852130211731,103.28521302117308
2014-12-18,0.0,2.032852130211731,103.28521302117308
2014-12-19,0.0,2.032852130211731,103.28521302117308
2014-12-22,0.0,2.032852130211731,103.28521302117308
2014-12-23,0.0,2.032852130211731,103.28521302117308
2014-12-29,0.0,2.032852130211731,103.28521302117308
2014-12-30,0.0,2.032852130211731,103.28521302117308
2014-12-31,0.0,2.032852130211731,103.28521302117308
2015-01-02,0.0,2.032852130211731,103.28521302117308
2015-01-05,0.0,2.032852130211731,103.28521302117308
2015-01-07,0.0,2.032852130211731,103.28521302117308
2015-01-08,0.0,2.032852130211731,103.28521302117308
2015-01-09,0.0,2.032852130211731,103.28521302117308
2015-01-12,0.0,2.032852130211731,103.28521302117308
2015-01-13,0.0,2.032852130211731,103.28521302117308
2015-01-14,0.0,2.032852130211731,103.28521302117308
2015-01-15,0.0,2.032852130211731,103.28521302117308
2015-01-16,0.0,2.032852130211731,103.28521302117308
2015-01-19,0.0,2.032852130211731,103.28521302117308
2015-01-20,-0.0005,2.031835704146625,103.18357041466251
2015-01-21,-0.002,2.0277720327383317,102.77720327383318
2015-01-22,-0.0055,2.016619286558271,101.66192865582708
2015-01-23,-0.0035,2.009561119055317,100.95611190553169
2015-01-26,0.0065,2.0226232663291763,102.26232663291763
2015-01-27,-0.003,2.016555396530189,101.6555396530189
2015-01-28,0.0,2.016555396530189,101.6555396530189
2015-01-29,0.0,2.016555396530189,101.6555396530189
2015-01-30,0.0,2.016555396530189,101.6555396530189
2015-02-02,0.0,2.016555396530189,101.6555396530189
2015-02-03,0.0,2.016555396530189,101.6555396530189
2015-02-04,0.0,2.016555396530189,101.6555396530189
2015-02-05,0.0,2.016555396530189,101.6555396530189
2015-02-06,0.0,2.016555396530189,101.6555396530189
2015-02-09,0.0,2.016555396530189,101.6555396530189
2015-02-10,0.0,2.016555396530189,101.6555396530189
2015-02-11,0.0,2.016555396530189,101.6555396530189
2015-02-12,0.0,2.016555396530189,101.6555396530189
2015-02-13,0.0,2.016555396530189,101.6555396530189
2015-02-16,0.0,2.016555396530189,101.6555396530189
2015-02-17,0.0,2.016555396530189,101.6555396530189
2015-02-18,0.0,2.016555396530189,101.6555396530189
2015-02-19,0.0,2.016555396530189,101.6555396530189
2015-02-20,0.0,2.016555396530189,101.6555396530189
2015-02-23,0.0,2.016555396530189,101.6555396530189
2015-02-24,0.0,2.016555396530189,101.6555396530189
2015-02-25,0.0,2.016555396530189,101.6555396530189
2015-02-26,0.0,2.016555396530189,101.6555396530189
2015-02-27,0.0,2.016555396530189,101.6555396530189
2015-03-02,0.0,2.016555396530189,101.6555396530189
2015-03-03,0.0,2.016555396530189,101.6555396530189
2015-03-04,0.0,2.016555396530189,101.6555396530189
2015-03-05,0.0,2.016555396530189,101.6555396530189
2015-03-06,-0.006025,2.0044056502660945,100.44056502660945
2015-03-09,0.0085875,2.0216184837877544,102.16184837877545
2015-03-10,0.00013750000000000036,2.021896456329275,102.18964563292752
2015-03-11,0.0054625,2.0329410657219738,103.29410657219738
2015-03-12,0.0028374999999999997,2.03870953599596,103.87095359959599
2015-03-13,0.00205,2.0428888905447518,104.28888905447518
2015-03-16,-0.0026000000000000007,2.0375773794293353,103.75773794293353
2015-03-17,0.0084875,2.0548713174372417,105.48713174372418
2015-03-18,0.011425,2.0783482222389624,107.83482222389624
2015-03-19,0.0017375000000000003,2.0819593522751023,108.19593522751023
2015-03-20,0.040287500000000004,2.1658362896798855,116.58362896798855
2015-03-23,-0.0156625,2.131913878792774,113.1913878792774
2015-03-24,0.0,2.131913878792774,113.1913878792774
2015-03-25,0.0,2.131913878792774,113.1913878792774
2015-03-26,0.0,2.131913878792774,113.1913878792774
2015-03-27,0.0,2.131913878792774,113.1913878792774
2015-03-30,0.0,2.131913878792774,113.1913878792774
2015-03-31,0.0,2.131913878792774,113.1913878792774
2015-04-01,0.0,2.131913878792774,113.1913878792774
2015-04-02,0.0,2.131913878792774,113.1913878792774
2015-04-07,0.0,2.131913878792774,113.1913878792774
2015-04-08,0.0,2.131913878792774,113.1913878792774
2015-04-09,0.0,2.131913878792774,113.1913878792774
2015-04-10,0.0,2.131913878792774,113.1913878792774
2015-04-13,0.0,2.131913878792774,113.1913878792774
2015-04-14,0.0,2.131913878792774,113.1913878792774
2015-04-15,0.0,2.131913878792774,113.1913878792774
2015-04-16,0.0,2.131913878792774,113.1913878792774
2015-04-17,0.0,2.131913878792774,113.1913878792774
2015-04-20,0.0,2.131913878792774,113.1913878792774
2015-04-21,0.0,2.131913878792774,113.1913878792774
2015-04-22,0.0,2.131913878792774,113.1913878792774
2015-04-23,0.0,2.131913878792774,113.1913878792774
2015-04-24,0.0,2.131913878792774,113.1913878792774
2015-04-27,0.0,2.131913878792774,113.1913878792774
2015-04-28,0.0,2.131913878792774,113.1913878792774
2015-04-29,0.0,2.131913878792774,113.1913878792774
2015-04-30,0.0,2.131913878792774,113.1913878792774
2015-05-04,0.0,2.131913878792774,113.1913878792774
2015-05-05,0.0,2.131913878792774,113.1913878792774
2015-05-06,0.0,2.131913878792774,113.1913878792774
2015-05-07,0.0,2.131913878792774,113.1913878792774
2015-05-08,0.0,2.131913878792774,113.1913878792774
2015-05-11,0.0,2.131913878792774,113.1913878792774
2015-05-12,0.0,2.131913878792774,113.1913878792774
2015-05-13,0.0,2.131913878792774,113.1913878792774
2015-05-14,0.0,2.131913878792774,113.1913878792774
2015-05-15,0.0,2.131913878792774,113.1913878792774
2015-05-18,0.0,2.131913878792774,113.1913878792774
2015-05-19,0.0,2.131913878792774,113.1913878792774
2015-05-20,0.0,2.131913878792774,113.1913878792774
2015-05-21,0.0,2.131913878792774,113.1913878792774
2015-05-22,0.0,2.131913878792774,113.1913878792774
2015-05-25,0.0,2.131913878792774,113.1913878792774
2015-05-26,0.0,2.131913878792774,113.1913878792774
2015-05-27,0.0,2.131913878792774,113.1913878792774
2015-05-28,0.0,2.131913878792774,113.1913878792774
2015-05-29,0.0,2.131913878792774,113.1913878792774
2015-06-01,0.0,2.131913878792774,113.1913878792774
2015-06-02,0.0,2.131913878792774,113.1913878792774
2015-06-03,0.0,2.131913878792774,113.1913878792774
2015-06-05,0.0,2.131913878792774,113.1913878792774
2015-06-08,0.0,2.131913878792774,113.1913878792774
2015-06-09,0.0,2.131913878792774,113.1913878792774
2015-06-10,0.0,2.131913878792774,113.1913878792774
2015-06-11,0.0,2.131913878792774,113.1913878792774
2015-06-12,0.0,2.131913878792774,113.1913878792774
2015-06-15,0.0,2.131913878792774,113.1913878792774
2015-06-16,0.0,2.131913878792774,113.1913878792774
2015-06-17,0.0,2.131913878792774,113.1913878792774
2015-06-18,0.0,2.131913878792774,113.1913878792774
2015-06-19,0.0,2.131913878792774,113.1913878792774
2015-06-23,0.0,2.131913878792774,113.1913878792774
2015-06-24,0.0,2.131913878792774,113.1913878792774
2015-06-26,0.0,2.131913878792774,113.1913878792774
2015-06-29,0.0,2.131913878792774,113.1913878792774
2015-06-30,0.0,2.131913878792774,113.1913878792774
2015-07-01,0.0,2.131913878792774,113.1913878792774
2015-07-02,0.0,2.131913878792774,113.1913878792774
2015-07-03,0.0,2.131913878792774,113.1913878792774
2015-07-06,0.0,2.131913878792774,113.1913878792774
2015-07-07,0.0,2.131913878792774,113.1913878792774
2015-07-08,0.0,2.131913878792774,113.1913878792774
2015-07-09,0.0,2.131913878792774,113.1913878792774
2015-07-10,0.0,2.131913878792774,113.1913878792774
2015-07-13,0.0,2.131913878792774,113.1913878792774
2015-07-14,0.0,2.131913878792774,113.1913878792774
2015-07-15,0.0,2.131913878792774,113.1913878792774
2015-07-16,0.0,2.131913878792774,113.1913878792774
2015-07-17,0.0,2.131913878792774,113.1913878792774
2015-07-20,0.0,2.131913878792774,113.1913878792774
2015-07-21,0.0,2.131913878792774,113.1913878792774
2015-07-22,0.0,2.131913878792774,113.1913878792774
2015-07-23,0.0,2.131913878792774,113.1913878792774
2015-07-24,0.0,2.131913878792774,113.1913878792774
2015-07-27,0.0,2.131913878792774,113.1913878792774
2015-07-28,0.0,2.131913878792774,113.1913878792774
2015-07-29,0.0,2.131913878792774,113.1913878792774
2015-07-30,0.0,2.131913878792774,113.1913878792774
2015-07-31,0.0,2.131913878792774,113.1913878792774
2015-08-03,0.0,2.131913878792774,113.1913878792774
2015-08-04,0.0,2.131913878792774,113.1913878792774
2015-08-06,0.0,2.131913878792774,113.1913878792774
2015-08-07,0.0,2.131913878792774,113.1913878792774
2015-08-10,0.0,2.131913878792774,113.1913878792774
2015-08-11,0.0,2.131913878792774,113.1913878792774
2015-08-12,0.0,2.131913878792774,113.1913878792774
2015-08-13,0.0,2.131913878792774,113.1913878792774
2015-08-14,0.0,2.131913878792774,113.1913878792774
2015-08-17,0.0,2.131913878792774,113.1913878792774
2015-08-18,0.0,2.131913878792774,113.1913878792774
2015-08-19,0.0,2.131913878792774,113.1913878792774
2015-08-20,0.0,2.131913878792774,113.1913878792774
2015-08-21,0.0,2.131913878792774,113.1913878792774
2015-08-24,0.0,2.131913878792774,113.1913878792774
2015-08-25,0.0,2.131913878792774,113.1913878792774
2015-08-26,0.0,2.131913878792774,113.1913878792774
2015-08-27,0.0,2.131913878792774,113.1913878792774
2015-08-28,0.0,2.131913878792774,113.1913878792774
2015-08-31,0.0,2.131913878792774,113.1913878792774
2015-09-01,0.0,2.131913878792774,113.1913878792774
2015-09-02,0.0,2.131913878792774,113.1913878792774
2015-09-03,0.0,2.131913878792774,113.1913878792774
2015-09-04,-0.0005714285714285718,2.1306956422906067,113.06956422906067
2015-09-07,-0.0023285714285714285,2.125734165294987,112.5734165294987
2015-09-08,0.001171428571428572,2.1282243110314756,112.82243110314755
2015-09-09,0.008585714285714285,2.1464966369019027,114.64966369019027
2015-09-10,0.0010714285714285715,2.148796454727155,114.8796454727155
2015-09-11,-0.020414285714285715,2.104930309958511,110.49303099585109
2015-09-14,0.01742857142857143,2.1416162382177877,114.16162382177876
2015-09-15,-0.005557142857142857,2.129714970836835,112.97149708368349
2015-09-16,0.004028571428571429,2.138294679719349,113.82946797193489
2015-09-17,0.012228571428571427,2.1644429689456315,116.44429689456315
2015-09-18,0.0019571428571428587,2.1686790930419964,116.86790930419963
2015-09-21,0.006657142857142856,2.183116299575676,118.31162995756759
2015-09-22,0.0,2.183116299575676,118.31162995756759
2015-09-23,0.0,2.183116299575676,118.31162995756759
2015-09-24,0.0,2.183116299575676,118.31162995756759
2015-09-25,0.0,2.183116299575676,118.31162995756759
2015-09-28,0.0,2.183116299575676,118.31162995756759
2015-09-29,0.0,2.183116299575676,118.31162995756759
2015-09-30,0.0,2.183116299575676,118.31162995756759
2015-10-01,0.0,2.183116299575676,118.31162995756759
2015-10-02,0.0,2.183116299575676,118.31162995756759
2015-10-05,0.0,2.183116299575676,118.31162995756759
2015-10-06,0.0,2.183116299575676,118.31162995756759
2015-10-07,0.0,2.183116299575676,118.31162995756759
2015-10-09,0.0,2.183116299575676,118.31162995756759
2015-10-12,0.0,2.183116299575676,118.31162995756759
2015-10-13,0.0,2.183116299575676,118.31162995756759
2015-10-14,0.0,2.183116299575676,118.31162995756759
2015-10-15,0.0,2.183116299575676,118.31162995756759
2015-10-16,0.0,2.183116299575676,118.31162995756759
2015-10-19,0.0,2.183116299575676,118.31162995756759
2015-10-20,0.0,2.183116299575676,118.31162995756759
2015-10-21,0.0,2.183116299575676,118.31162995756759
2015-10-22,0.0,2.183116299575676,118.31162995756759
2015-10-23,0.0,2.183116299575676,118.31162995756759
2015-10-26,0.0,2.183116299575676,118.31162995756759
2015-10-27,0.0,2.183116299575676,118.31162995756759
2015-10-28,0.0,2.183116299575676,118.31162995756759
2015-10-29,0.0,2.183116299575676,118.31162995756759
2015-10-30,0.0,2.183116299575676,118.31162995756759
2015-11-02,0.0,2.183116299575676,118.31162995756759
2015-11-03,0.0,2.183116299575676,118.31162995756759
2015-11-04,0.0,2.183116299575676,118.31162995756759
2015-11-05,0.0,2.183116299575676,118.31162995756759
2015-11-06,0.0,2.183116299575676,118.31162995756759
2015-11-09,0.0,2.183116299575676,118.31162995756759
2015-11-10,0.0,2.183116299575676,118.31162995756759
2015-11-11,0.0,2.183116299575676,118.31162995756759
2015-11-12,0.0,2.183116299575676,118.31162995756759
2015-11-13,0.0,2.183116299575676,118.31162995756759
2015-11-16,0.0,2.183116299575676,118.31162995756759
2015-11-17,0.0,2.183116299575676,118.31162995756759
2015-11-18,0.0,2.183116299575676,118.31162995756759
2015-11-19,0.0,2.183116299575676,118.31162995756759
2015-11-20,0.0,2.183116299575676,118.31162995756759
2015-11-23,0.0,2.183116299575676,118.31162995756759
2015-11-24,0.0,2.183116299575676,118.31162995756759
2015-11-25,0.0,2.183116299575676,118.31162995756759
2015-11-26,0.0,2.183116299575676,118.31162995756759
2015-11-27,0.0,2.183116299575676,118.31162995756759
2015-11-30,0.0,2.183116299575676,118.31162995756759
2015-12-01,0.0,2.183116299575676,118.31162995756759
2015-12-02,0.0,2.183116299575676,118.31162995756759
2015-12-03,0.0,2.183116299575676,118.31162995756759
2015-12-04,0.0,2.183116299575676,118.31162995756759
2015-12-07,0.0,2.183116299575676,118.31162995756759
2015-12-08,0.0,2.183116299575676,118.31162995756759
2015-12-09,0.0,2.183116299575676,118.31162995756759
2015-12-10,0.0,2.183116299575676,118.31162995756759
2015-12-11,0.0,2.183116299575676,118.31162995756759
2015-12-14,0.0,2.183116299575676,118.31162995756759
2015-12-15,0.0,2.183116299575676,118.31162995756759
2015-12-16,0.0,2.183116299575676,118.31162995756759
2015-12-17,0.0,2.183116299575676,118.31162995756759
2015-12-18,0.0,2.183116299575676,118.31162995756759
2015-12-21,0.0,2.183116299575676,118.31162995756759
2015-12-22,0.0,2.183116299575676,118.31162995756759
2015-12-23,0.0,2.183116299575676,118.31162995756759
2015-12-28,0.0,2.183116299575676,118.31162995756759
2015-12-29,0.0,2.183116299575676,118.31162995756759
2015-12-30,0.0,2.183116299575676,118.31162995756759
2016-01-04,0.0,2.183116299575676,118.31162995756759
2016-01-05,0.0,2.183116299575676,118.31162995756759
2016-01-07,0.0,2.183116299575676,118.31162995756759
2016-01-08,0.0,2.183116299575676,118.31162995756759
2016-01-11,0.0,2.183116299575676,118.31162995756759
2016-01-12,0.0,2.183116299575676,118.31162995756759
2016-01-13,0.0,2.183116299575676,118.31162995756759
2016-01-14,0.0,2.183116299575676,118.31162995756759
2016-01-15,0.0,2.183116299575676,118.31162995756759
2016-01-18,0.0,2.183116299575676,118.31162995756759
2016-01-19,0.0,2.183116299575676,118.31162995756759
2016-01-20,0.0,2.183116299575676,118.31162995756759
2016-01-21,0.0,2.183116299575676,118.31162995756759
2016-01-22,0.0,2.183116299575676,118.31162995756759
2016-01-25,0.0,2.183116299575676,118.31162995756759
2016-01-26,0.0,2.183116299575676,118.31162995756759
2016-01-27,0.0,2.183116299575676,118.31162995756759
2016-01-28,0.0,2.183116299575676,118.31162995756759
2016-01-29,0.0,2.183116299575676,118.31162995756759
2016-02-01,0.0,2.183116299575676,118.31162995756759
2016-02-02,0.0,2.183116299575676,118.31162995756759
2016-02-03,0.0,2.183116299575676,118.31162995756759
2016-02-04,0.0,2.183116299575676,118.31162995756759
2016-02-05,0.0,2.183116299575676,118.31162995756759
2016-02-08,0.0,2.183116299575676,118.31162995756759
2016-02-09,0.0,2.183116299575676,118.31162995756759
2016-02-10,0.0,2.183116299575676,118.31162995756759
2016-02-11,0.0,2.183116299575676,118.31162995756759
2016-02-12,0.0,2.183116299575676,118.31162995756759
2016-02-15,0.0,2.183116299575676,118.31162995756759
2016-02-16,0.0,2.183116299575676,118.31162995756759
2016-02-17,0.0,2.183116299575676,118.31162995756759
2016-02-18,0.0,2.183116299575676,118.31162995756759
2016-02-19,0.0,2.183116299575676,118.31162995756759
2016-02-22,0.0,2.183116299575676,118.31162995756759
2016-02-23,0.0,2.183116299575676,118.31162995756759
2016-02-24,0.0,2.183116299575676,118.31162995756759
2016-02-25,0.0,2.183116299575676,118.31162995756759
2016-02-26,0.0,2.183116299575676,118.31162995756759
2016-02-29,0.0,2.183116299575676,118.31162995756759
2016-03-01,0.0,2.183116299575676,118.31162995756759
2016-03-02,0.0,2.183116299575676,118.31162995756759
2016-03-03,-0.0083,2.164996434289198,116.49964342891978
2016-03-04,-0.0017,2.161315940350906,116.13159403509061
2016-03-07,0.0010500000000000002,2.1635853220882746,116.35853220882746
2016-03-08,0.0,2.1635853220882746,116.35853220882746
2016-03-09,-0.00025,2.163044425757753,116.30444257577528
2016-03-10,-0.008799999999999999,2.1440096348110846,114.40096348110846
2016-03-11,-0.0378,2.0629660706152255,106.29660706152255
2016-03-14,0.0023,2.0677108925776406,106.77108925776406
2016-03-15,0.01345,2.0955216040828097,109.55216040828097
2016-03-16,-0.0291,2.034541925404,103.4541925404
2016-03-17,0.00535,2.045426724704911,104.54267247049111
2016-03-18,0.01815,2.082551219758305,108.25512197583049
2016-03-21,0.0335,2.1523166856202085,115.23166856202084
2016-03-22,0.0,2.1523166856202085,115.23166856202084
2016-03-23,0.0,2.1523166856202085,115.23166856202084
2016-03-24,0.0,2.1523166856202085,115.23166856202084
2016-03-29,0.0,2.1523166856202085,115.23166856202084
2016-03-30,0.0,2.1523166856202085,115.23166856202084
2016-03-31,0.0,2.1523166856202085,115.23166856202084
2016-04-01,0.0,2.1523166856202085,115.23166856202084
2016-04-04,0.0,2.1523166856202085,115.23166856202084
2016-04-05,0.0,2.1523166856202085,115.23166856202084
2016-04-06,0.0,2.1523166856202085,115.23166856202084
2016-04-07,0.0,2.1523166856202085,115.23166856202084
2016-04-08,0.0,2.1523166856202085,115.23166856202084
2016-04-11,0.0,2.1523166856202085,115.23166856202084
2016-04-12,0.0,2.1523166856202085,115.23166856202084
2016-04-13,0.0,2.1523166856202085,115.23166856202084
2016-04-14,0.0,2.1523166856202085,115.23166856202084
2016-04-15,0.0,2.1523166856202085,115.23166856202084
2016-04-18,0.0,2.1523166856202085,115.23166856202084
2016-04-19,0.0,2.1523166856202085,115.23166856202084
2016-04-20,0.0,2.1523166856202085,115.23166856202084
2016-04-21,0.0,2.1523166856202085,115.23166856202084
2016-04-22,0.0,2.1523166856202085,115.23166856202084
2016-04-25,0.0,2.1523166856202085,115.23166856202084
2016-04-26,0.0,2.1523166856202085,115.23166856202084
2016-04-27,0.0,2.1523166856202085,115.23166856202084
2016-04-28,0.0,2.1523166856202085,115.23166856202084
2016-04-29,0.0,2.1523166856202085,115.23166856202084
2016-05-02,0.0,2.1523166856202085,115.23166856202084
2016-05-03,0.0,2.1523166856202085,115.23166856202084
2016-05-04,0.0,2.1523166856202085,115.23166856202084
2016-05-05,0.0,2.1523166856202085,115.23166856202084
2016-05-06,0.0,2.1523166856202085,115.23166856202084
2016-05-09,0.0,2.1523166856202085,115.23166856202084
2016-05-10,0.0,2.1523166856202085,115.23166856202084
2016-05-11,0.0,2.1523166856202085,115.23166856202084
2016-05-12,0.0,2.1523166856202085,115.23166856202084
2016-05-13,0.0,2.1523166856202085,115.23166856202084
2016-05-16,0.0,2.1523166856202085,115.23166856202084
2016-05-17,0.0,2.1523166856202085,115.23166856202084
2016-05-18,0.0,2.1523166856202085,115.23166856202084
2016-05-19,0.0,2.1523166856202085,115.23166856202084
2016-05-20,0.0,2.1523166856202085,115.23166856202084
2016-05-23,0.0,2.1523166856202085,115.23166856202084
2016-05-24,0.0,2.1523166856202085,115.23166856202084
2016-05-25,0.0,2.1523166856202085,115.23166856202084
2016-05-27,0.0,2.1523166856202085,115.23166856202084
2016-05-30,0.0,2.1523166856202085,115.23166856202084
2016-05-31,0.0,2.1523166856202085,115.23166856202084
2016-06-01,0.0,2.1523166856202085,115.23166856202084
2016-06-02,0.0,2.1523166856202085,115.23166856202084
2016-06-03,0.0,2.1523166856202085,115.23166856202084
2016-06-06,0.0,2.1523166856202085,115.23166856202084
2016-06-07,0.0,2.1523166856202085,115.23166856202084
2016-06-08,0.0,2.1523166856202085,115.23166856202084
2016-06-09,0.0,2.1523166856202085,115.23166856202084
2016-06-10,0.0,2.1523166856202085,115.23166856202084
2016-06-13,0.0,2.1523166856202085,115.23166856202084
2016-06-14,0.0,2.1523166856202085,115.23166856202084
2016-06-15,0.0,2.1523166856202085,115.23166856202084
2016-06-16,0.0,2.1523166856202085,115.23166856202084
2016-06-17,0.0,2.1523166856202085,115.23166856202084
2016-06-20,0.0,2.1523166856202085,115.23166856202084
2016-06-21,0.0,2.1523166856202085,115.23166856202084
2016-06-23,0.0,2.1523166856202085,115.23166856202084
2016-06-24,0.0,2.1523166856202085,115.23166856202084
2016-06-27,0.0,2.1523166856202085,115.23166856202084
2016-06-28,0.0,2.1523166856202085,115.23166856202084
2016-06-29,0.0,2.1523166856202085,115.23166856202084
2016-06-30,0.0,2.1523166856202085,115.23166856202084
2016-07-01,0.0,2.1523166856202085,115.23166856202084
2016-07-04,0.0,2.1523166856202085,115.23166856202084
2016-07-05,0.0,2.1523166856202085,115.23166856202084
2016-07-06,0.0,2.1523166856202085,115.23166856202084
2016-07-07,0.0,2.1523166856202085,115.23166856202084
2016-07-08,0.0,2.1523166856202085,115.23166856202084
2016-07-11,0.0,2.1523166856202085,115.23166856202084
2016-07-12,0.0,2.1523166856202085,115.23166856202084
2016-07-13,0.0,2.1523166856202085,115.23166856202084
2016-07-14,0.0,2.1523166856202085,115.23166856202084
2016-07-15,0.0,2.1523166856202085,115.23166856202084
2016-07-18,0.0,2.1523166856202085,115.23166856202084
2016-07-19,0.0,2.1523166856202085,115.23166856202084
2016-07-20,0.0,2.1523166856202085,115.23166856202084
2016-07-21,0.0,2.1523166856202085,115.23166856202084
2016-07-22,0.0,2.1523166856202085,115.23166856202084
2016-07-25,0.0,2.1523166856202085,115.23166856202084
2016-07-26,0.0,2.1523166856202085,115.23166856202084
2016-07-27,0.0,2.1523166856202085,115.23166856202084
2016-07-28,0.0,2.1523166856202085,115.23166856202084
2016-07-29,0.0,2.1523166856202085,115.23166856202084
2016-08-01,0.0,2.1523166856202085,115.23166856202084
2016-08-02,0.0,2.1523166856202085,115.23166856202084
2016-08-03,0.0,2.1523166856202085,115.23166856202084
2016-08-04,0.0,2.1523166856202085,115.23166856202084
2016-08-08,0.0,2.1523166856202085,115.23166856202084
2016-08-09,0.0,2.1523166856202085,115.23166856202084
2016-08-10,0.0,2.1523166856202085,115.23166856202084
2016-08-11,0.0,2.1523166856202085,115.23166856202084
2016-08-12,0.0,2.1523166856202085,115.23166856202084
2016-08-16,0.0,2.1523166856202085,115.23166856202084
2016-08-17,0.0,2.1523166856202085,115.23166856202084
2016-08-18,0.0,2.1523166856202085,115.23166856202084
2016-08-19,0.0,2.1523166856202085,115.23166856202084
2016-08-22,0.0,2.1523166856202085,115.23166856202084
2016-08-23,0.0,2.1523166856202085,115.23166856202084
2016-08-24,0.0,2.1523166856202085,115.23166856202084
2016-08-25,0.0,2.1523166856202085,115.23166856202084
2016-08-26,0.0,2.1523166856202085,115.23166856202084
2016-08-29,0.0,2.1523166856202085,115.23166856202084
2016-08-30,0.0,2.1523166856202085,115.23166856202084
2016-08-31,0.0,2.1523166856202085,115.23166856202084
2016-09-01,0.0,2.1523166856202085,115.23166856202084
2016-09-02,0.0,2.1523166856202085,115.23166856202084
2016-09-05,0.0,2.1523166856202085,115.23166856202084
2016-09-06,0.0,2.1523166856202085,115.23166856202084
2016-09-07,0.0,2.1523166856202085,115.23166856202084
2016-09-08,0.01795,2.190950770127091,119.0950770127091
2016-09-09,0.0099,2.2126411827513492,121.26411827513492
2016-09-12,-0.02555,2.1561082005320524,115.61082005320525
2016-09-13,-0.0058000000000000005,2.1436027729689666,114.36027729689667
2016-09-14,-0.0068,2.1290262741127775,112.90262741127775
2016-09-15,-0.0048000000000000004,2.118806947997036,111.88069479970362
2016-09-16,0.0095,2.138935614003008,113.8935614003008
2016-09-19,-0.004575,2.1291499835689445,112.91499835689444
2016-09-20,0.0,2.1291499835689445,112.91499835689444
2016-09-21,0.0,2.1291499835689445,112.91499835689444
2016-09-22,0.0,2.1291499835689445,112.91499835689444
2016-09-23,0.0,2.1291499835689445,112.91499835689444
2016-09-26,0.0,2.1291499835689445,112.91499835689444
2016-09-27,0.0,2.1291499835689445,112.91499835689444
2016-09-28,0.0,2.1291499835689445,112.91499835689444
2016-09-29,0.0,2.1291499835689445,112.91499835689444
2016-09-30,0.0,2.1291499835689445,112.91499835689444
2016-10-03,0.0,2.1291499835689445,112.91499835689444
2016-10-04,0.0,2.1291499835689445,112.91499835689444
2016-10-05,0.0,2.1291499835689445,112.91499835689444
2016-10-06,0.0,2.1291499835689445,112.91499835689444
2016-10-07,0.0,2.1291499835689445,112.91499835689444
2016-10-10,0.0,2.1291499835689445,112.91499835689444
2016-10-11,0.0,2.1291499835689445,112.91499835689444
2016-10-12,0.0,2.1291499835689445,112.91499835689444
2016-10-13,0.0,2.1291499835689445,112.91499835689444
2016-10-14,0.0,2.1291499835689445,112.91499835689444
2016-10-17,0.0,2.1291499835689445,112.91499835689444
2016-10-18,0.0,2.1291499835689445,112.91499835689444
2016-10-19,0.0,2.1291499835689445,112.91499835689444
2016-10-20,0.0,2.1291499835689445,112.91499835689444
2016-10-21,0.0,2.1291499835689445,112.91499835689444
2016-10-24,0.0,2.1291499835689445,112.91499835689444
2016-10-25,0.0,2.1291499835689445,112.91499835689444
2016-10-26,0.0,2.1291499835689445,112.91499835689444
2016-10-27,0.0,2.1291499835689445,112.91499835689444
2016-10-28,0.0,2.1291499835689445,112.91499835689444
2016-10-31,0.0,2.1291499835689445,112.91499835689444
2016-11-02,0.0,2.1291499835689445,112.91499835689444
2016-11-03,0.0,2.1291499835689445,112.91499835689444
2016-11-04,0.0,2.1291499835689445,112.91499835689444
2016-11-07,0.0,2.1291499835689445,112.91499835689444
2016-11-08,0.0,2.1291499835689445,112.91499835689444
2016-11-09,0.0,2.1291499835689445,112.91499835689444
2016-11-10,0.0,2.1291499835689445,112.91499835689444
2016-11-11,0.0,2.1291499835689445,112.91499835689444
2016-11-14,0.0,2.1291499835689445,112.91499835689444
2016-11-15,0.0,2.1291499835689445,112.91499835689444
2016-11-16,0.0,2.1291499835689445,112.91499835689444
2016-11-17,0.0,2.1291499835689445,112.91499835689444
2016-11-18,0.0,2.1291499835689445,112.91499835689444
2016-11-21,0.0,2.1291499835689445,112.91499835689444
2016-11-22,0.0,2.1291499835689445,112.91499835689444
2016-11-23,0.0,2.1291499835689445,112.91499835689444
2016-11-24,0.0,2.1291499835689445,112.91499835689444
2016-11-25,0.0,2.1291499835689445,112.91499835689444
2016-11-28,0.0,2.1291499835689445,112.91499835689444
2016-11-29,0.0,2.1291499835689445,112.91499835689444
2016-11-30,0.0,2.1291499835689445,112.91499835689444
2016-12-01,0.0,2.1291499835689445,112.91499835689444
2016-12-02,0.0,2.1291499835689445,112.91499835689444
2016-12-05,0.0,2.1291499835689445,112.91499835689444
2016-12-06,0.0,2.1291499835689445,112.91499835689444
2016-12-07,0.0,2.1291499835689445,112.91499835689444
2016-12-08,0.0,2.1291499835689445,112.91499835689444
2016-12-09,0.0,2.1291499835689445,112.91499835689444
2016-12-12,0.0,2.1291499835689445,112.91499835689444
2016-12-13,0.0,2.1291499835689445,112.91499835689444
2016-12-14,0.0,2.1291499835689445,112.91499835689444
2016-12-15,0.0,2.1291499835689445,112.91499835689444
2016-12-16,0.0,2.1291499835689445,112.91499835689444
2016-12-19,0.0,2.1291499835689445,112.91499835689444
2016-12-20,0.0,2.1291499835689445,112.91499835689444
2016-12-21,0.0,2.1291499835689445,112.91499835689444
2016-12-22,0.0,2.1291499835689445,112.91499835689444
2016-12-23,0.0,2.1291499835689445,112.91499835689444
2016-12-27,0.0,2.1291499835689445,112.91499835689444
2016-12-28,0.0,2.1291499835689445,112.91499835689444
2016-12-29,0.0,2.1291499835689445,112.91499835689444
2016-12-30,0.0,2.1291499835689445,112.91499835689444
2017-01-02,0.0,2.1291499835689445,112.91499835689444
2017-01-03,0.0,2.1291499835689445,112.91499835689444
2017-01-04,0.0,2.1291499835689445,112.91499835689444
2017-01-05,0.0,2.1291499835689445,112.91499835689444
2017-01-09,0.0,2.1291499835689445,112.91499835689444
2017-01-10,0.0,2.1291499835689445,112.91499835689444
2017-01-11,0.0,2.1291499835689445,112.91499835689444
2017-01-12,0.0,2.1291499835689445,112.91499835689444
2017-01-13,0.0,2.1291499835689445,112.91499835689444
2017-01-16,0.0,2.1291499835689445,112.91499835689444
2017-01-17,0.0,2.1291499835689445,112.91499835689444
2017-01-18,0.0,2.1291499835689445,112.91499835689444
2017-01-19,0.0,2.1291499835689445,112.91499835689444
2017-01-20,0.0,2.1291499835689445,112.91499835689444
2017-01-23,0.0,2.1291499835689445,112.91499835689444
2017-01-24,0.0,2.1291499835689445,112.91499835689444
2017-01-25,0.0,2.1291499835689445,112.91499835689444
2017-01-26,0.0,2.1291499835689445,112.91499835689444
2017-01-27,0.0,2.1291499835689445,112.91499835689444
2017-01-30,0.0,2.1291499835689445,112.91499835689444
2017-01-31,0.0,2.1291499835689445,112.91499835689444
2017-02-01,0.0,2.1291499835689445,112.91499835689444
2017-02-02,0.0,2.1291499835689445,112.91499835689444
2017-02-03,0.0,2.1291499835689445,112.91499835689444
2017-02-06,0.0,2.1291499835689445,112.91499835689444
2017-02-07,0.0,2.1291499835689445,112.91499835689444
2017-02-08,0.0,2.1291499835689445,112.91499835689444
2017-02-09,0.0,2.1291499835689445,112.91499835689444
2017-02-10,0.0,2.1291499835689445,112.91499835689444
2017-02-13,0.0,2.1291499835689445,112.91499835689444
2017-02-14,0.0,2.1291499835689445,112.91499835689444
2017-02-15,0.0,2.1291499835689445,112.91499835689444
2017-02-16,0.0,2.1291499835689445,112.91499835689444
2017-02-17,0.0,2.1291499835689445,112.91499835689444
2017-02-20,0.0,2.1291499835689445,112.91499835689444
2017-02-21,0.0,2.1291499835689445,112.91499835689444
2017-02-22,0.0,2.1291499835689445,112.91499835689444
2017-02-23,0.0,2.1291499835689445,112.91499835689444
2017-02-24,0.0,2.1291499835689445,112.91499835689444
2017-02-27,0.0,2.1291499835689445,112.91499835689444
2017-02-28,0.0,2.1291499835689445,112.91499835689444
2017-03-01,0.0,2.1291499835689445,112.91499835689444
2017-03-02,0.0,2.1291499835689445,112.91499835689444
2017-03-03,0.0,2.1291499835689445,112.91499835689444
2017-03-06,0.03256,2.198475107033949,119.8475107033949
2017-03-07,0.005659999999999999,2.2109184761397613,121.09184761397613
2017-03-08,-0.0043799999999999985,2.2012346532142693,120.12346532142692
2017-03-09,-0.011640000000000001,2.175612281850855,117.56122818508553
2017-03-10,0.012580000000000001,2.202981484356539,120.29814843565391
2017-03-13,-0.00938,2.182317518033275,118.23175180332748
2017-03-14,-0.0010200000000000003,2.1800915541648807,118.00915541648807
2017-03-15,-0.01934,2.137928583507332,113.79285835073318
2017-03-16,0.0014200000000000003,2.140964442095912,114.09644420959123
2017-03-17,0.0104,2.1632304722937095,116.32304722937094
2017-03-20,-0.006759999999999999,2.148607034301004,114.8607034301004
2017-03-21,0.0,2.148607034301004,114.8607034301004
2017-03-22,0.0,2.148607034301004,114.8607034301004
2017-03-23,0.0,2.148607034301004,114.8607034301004
2017-03-24,0.0,2.148607034301004,114.8607034301004
2017-03-27,0.0,2.148607034301004,114.8607034301004
2017-03-28,0.0,2.148607034301004,114.8607034301004
2017-03-29,0.0,2.148607034301004,114.8607034301004
2017-03-30,0.0,2.148607034301004,114.8607034301004
2017-03-31,0.0,2.148607034301004,114.8607034301004
2017-04-03,0.0,2.148607034301004,114.8607034301004
2017-04-04,0.0,2.148607034301004,114.8607034301004
2017-04-05,0.0,2.148607034301004,114.8607034301004
2017-04-06,0.0,2.148607034301004,114.8607034301004
2017-04-07,0.0,2.148607034301004,114.8607034301004
2017-04-10,0.0,2.148607034301004,114.8607034301004
2017-04-11,0.0,2.148607034301004,114.8607034301004
2017-04-12,0.0,2.148607034301004,114.8607034301004
2017-04-13,0.0,2.148607034301004,114.8607034301004
2017-04-18,0.0,2.148607034301004,114.8607034301004
2017-04-19,0.0,2.148607034301004,114.8607034301004
2017-04-20,0.0,2.148607034301004,114.8607034301004
2017-04-21,0.0,2.148607034301004,114.8607034301004
2017-04-24,0.0,2.148607034301004,114.8607034301004
2017-04-25,0.0,2.148607034301004,114.8607034301004
2017-04-26,0.0,2.148607034301004,114.8607034301004
2017-04-27,0.0,2.148607034301004,114.8607034301004
2017-04-28,0.0,2.148607034301004,114.8607034301004
2017-05-02,0.0,2.148607034301004,114.8607034301004
2017-05-03,0.0,2.148607034301004,114.8607034301004
2017-05-04,0.0,2.148607034301004,114.8607034301004
2017-05-05,0.0,2.148607034301004,114.8607034301004
2017-05-08,0.0,2.148607034301004,114.8607034301004
2017-05-09,0.0,2.148607034301004,114.8607034301004
2017-05-10,0.0,2.148607034301004,114.8607034301004
2017-05-11,0.0,2.148607034301004,114.8607034301004
2017-05-12,0.0,2.148607034301004,114.8607034301004
2017-05-15,0.0,2.148607034301004,114.8607034301004
2017-05-16,0.0,2.148607034301004,114.8607034301004
2017-05-17,0.0,2.148607034301004,114.8607034301004
2017-05-18,0.0,2.148607034301004,114.8607034301004
2017-05-19,0.0,2.148607034301004,114.8607034301004
2017-05-22,0.0,2.148607034301004,114.8607034301004
2017-05-23,0.0,2.148607034301004,114.8607034301004
2017-05-24,0.0,2.148607034301004,114.8607034301004
2017-05-25,0.0,2.148607034301004,114.8607034301004
2017-05-26,0.0,2.148607034301004,114.8607034301004
2017-05-29,0.0,2.148607034301004,114.8607034301004
2017-05-30,0.0,2.148607034301004,114.8607034301004
2017-05-31,0.0,2.148607034301004,114.8607034301004
2017-06-01,0.0,2.148607034301004,114.8607034301004
2017-06-02,0.0,2.148607034301004,114.8607034301004
2017-06-05,0.0,2.148607034301004,114.8607034301004
2017-06-06,0.0,2.148607034301004,114.8607034301004
2017-06-07,0.0,2.148607034301004,114.8607034301004
2017-06-08,0.0,2.148607034301004,114.8607034301004
2017-06-09,0.0,2.148607034301004,114.8607034301004
2017-06-12,0.0,2.148607034301004,114.8607034301004
2017-06-13,0.0,2.148607034301004,114.8607034301004
2017-06-14,0.0,2.148607034301004,114.8607034301004
2017-06-16,0.0,2.148607034301004,114.8607034301004
2017-06-19,0.0,2.148607034301004,114.8607034301004
2017-06-20,0.0,2.148607034301004,114.8607034301004
2017-06-21,0.0,2.148607034301004,114.8607034301004
2017-06-23,0.0,2.148607034301004,114.8607034301004
2017-06-26,0.0,2.148607034301004,114.8607034301004
2017-06-27,0.0,2.148607034301004,114.8607034301004
2017-06-28,0.0,2.148607034301004,114.8607034301004
2017-06-29,0.0,2.148607034301004,114.8607034301004
2017-06-30,0.0,2.148607034301004,114.8607034301004
2017-07-03,0.0,2.148607034301004,114.8607034301004
2017-07-04,0.0,2.148607034301004,114.8607034301004
2017-07-05,0.0,2.148607034301004,114.8607034301004
2017-07-06,0.0,2.148607034301004,114.8607034301004
2017-07-07,0.0,2.148607034301004,114.8607034301004
2017-07-10,0.0,2.148607034301004,114.8607034301004
2017-07-11,0.0,2.148607034301004,114.8607034301004
2017-07-12,0.0,2.148607034301004,114.8607034301004
2017-07-13,0.0,2.148607034301004,114.8607034301004
2017-07-14,0.0,2.148607034301004,114.8607034301004
2017-07-17,0.0,2.148607034301004,114.8607034301004
2017-07-18,0.0,2.148607034301004,114.8607034301004
2017-07-19,0.0,2.148607034301004,114.8607034301004
2017-07-20,0.0,2.148607034301004,114.8607034301004
2017-07-21,0.0,2.148607034301004,114.8607034301004
2017-07-24,0.0,2.148607034301004,114.8607034301004
2017-07-25,0.0,2.148607034301004,114.8607034301004
2017-07-26,0.0,2.148607034301004,114.8607034301004
2017-07-27,0.0,2.148607034301004,114.8607034301004
2017-07-28,0.0,2.148607034301004,114.8607034301004
2017-07-31,0.0,2.148607034301004,114.8607034301004
2017-08-01,0.0,2.148607034301004,114.8607034301004
2017-08-02,0.0,2.148607034301004,114.8607034301004
2017-08-03,0.0,2.148607034301004,114.8607034301004
2017-08-04,0.0,2.148607034301004,114.8607034301004
2017-08-07,0.0,2.148607034301004,114.8607034301004
2017-08-08,0.0,2.148607034301004,114.8607034301004
2017-08-09,0.0,2.148607034301004,114.8607034301004
2017-08-10,0.0,2.148607034301004,114.8607034301004
2017-08-11,0.0,2.148607034301004,114.8607034301004
2017-08-14,0.0,2.148607034301004,114.8607034301004
2017-08-16,0.0,2.148607034301004,114.8607034301004
2017-08-17,0.0,2.148607034301004,114.8607034301004
2017-08-18,0.0,2.148607034301004,114.8607034301004
2017-08-21,0.0,2.148607034301004,114.8607034301004
2017-08-22,0.0,2.148607034301004,114.8607034301004
2017-08-23,0.0,2.148607034301004,114.8607034301004
2017-08-24,0.0,2.148607034301004,114.8607034301004
2017-08-25,0.0,2.148607034301004,114.8607034301004
2017-08-28,0.0,2.148607034301004,114.8607034301004
2017-08-29,0.0,2.148607034301004,114.8607034301004
2017-08-30,0.0,2.148607034301004,114.8607034301004
2017-08-31,0.0,2.148607034301004,114.8607034301004
2017-09-01,0.0,2.148607034301004,114.8607034301004
2017-09-04,0.0,2.148607034301004,114.8607034301004
2017-09-05,0.0,2.148607034301004,114.8607034301004
2017-09-06,0.0,2.148607034301004,114.8607034301004
2017-09-07,0.0,2.148607034301004,114.8607034301004
2017-09-08,-0.0045,2.1389383026466495,113.89383026466496
2017-09-11,0.0367,2.2174373383537813,121.74373383537814
2017-09-12,-0.0318,2.146922830994131,114.69228309941309
2017-09-13,-0.0369,2.0677013785304474,106.77013785304474
2017-09-14,0.0451,2.1609547107021703,116.09547107021703
2017-09-15,0.0,2.1609547107021703,116.09547107021703
2017-09-18,-0.0835,1.980514992358539,98.0514992358539
2017-09-19,0.0,1.980514992358539,98.0514992358539
2017-09-20,0.0,1.980514992358539,98.0514992358539
2017-09-21,0.0,1.980514992358539,98.0514992358539
2017-09-22,0.0,1.980514992358539,98.0514992358539
2017-09-25,0.0,1.980514992358539,98.0514992358539
2017-09-26,0.0,1.980514992358539,98.0514992358539
2017-09-27,0.0,1.980514992358539,98.0514992358539
2017-09-28,0.0,1.980514992358539,98.0514992358539
2017-09-29,0.0,1.980514992358539,98.0514992358539
2017-10-02,0.0,1.980514992358539,98.0514992358539
2017-10-03,0.0,1.980514992358539,98.0514992358539
2017-10-04,0.0,1.980514992358539,98.0514992358539
2017-10-05,0.0,1.980514992358539,98.0514992358539
2017-10-06,0.0,1.980514992358539,98.0514992358539
2017-10-09,0.0,1.980514992358539,98.0514992358539
2017-10-10,0.0,1.980514992358539,98.0514992358539
2017-10-11,0.0,1.980514992358539,98.0514992358539
2017-10-12,0.0,1.980514992358539,98.0514992358539
2017-10-13,0.0,1.980514992358539,98.0514992358539
2017-10-16,0.0,1.980514992358539,98.0514992358539
2017-10-17,0.0,1.980514992358539,98.0514992358539
2017-10-18,0.0,1.980514992358539,98.0514992358539
2017-10-19,0.0,1.980514992358539,98.0514992358539
2017-10-20,0.0,1.980514992358539,98.0514992358539
2017-10-23,0.0,1.980514992358539,98.0514992358539
2017-10-24,0.0,1.980514992358539,98.0514992358539
2017-10-25,0.0,1.980514992358539,98.0514992358539
2017-10-26,0.0,1.980514992358539,98.0514992358539
2017-10-27,0.0,1.980514992358539,98.0514992358539
2017-10-30,0.0,1.980514992358539,98.0514992358539
2017-10-31,0.0,1.980514992358539,98.0514992358539
2017-11-02,0.0,1.980514992358539,98.0514992358539
2017-11-03,0.0,1.980514992358539,98.0514992358539
2017-11-06,0.0,1.980514992358539,98.0514992358539
2017-11-07,0.0,1.980514992358539,98.0514992358539
2017-11-08,0.0,1.980514992358539,98.0514992358539
2017-11-09,0.0,1.980514992358539,98.0514992358539
2017-11-10,0.0,1.980514992358539,98.0514992358539
2017-11-13,0.0,1.980514992358539,98.0514992358539
2017-11-14,0.0,1.980514992358539,98.0514992358539
2017-11-15,0.0,1.980514992358539,98.0514992358539
2017-11-16,0.0,1.980514992358539,98.0514992358539
2017-11-17,0.0,1.980514992358539,98.0514992358539
2017-11-20,0.0,1.980514992358539,98.0514992358539
2017-11-21,0.0,1.980514992358539,98.0514992358539
2017-11-22,0.0,1.980514992358539,98.0514992358539
2017-11-23,0.0,1.980514992358539,98.0514992358539
2017-11-24,0.0,1.980514992358539,98.0514992358539
2017-11-27,0.0,1.980514992358539,98.0514992358539
2017-11-28,0.0,1.980514992358539,98.0514992358539
2017-11-29,0.0,1.980514992358539,98.0514992358539
2017-11-30,0.0,1.980514992358539,98.0514992358539
2017-12-01,0.0,1.980514992358539,98.0514992358539
2017-12-04,0.0,1.980514992358539,98.0514992358539
2017-12-05,0.0,1.980514992358539,98.0514992358539
2017-12-06,0.0,1.980514992358539,98.0514992358539
2017-12-07,0.0,1.980514992358539,98.0514992358539
2017-12-08,0.0,1.980514992358539,98.0514992358539
2017-12-11,0.0,1.980514992358539,98.0514992358539
2017-12-12,0.0,1.980514992358539,98.0514992358539
2017-12-13,0.0,1.980514992358539,98.0514992358539
2017-12-14,0.0,1.980514992358539,98.0514992358539
2017-12-15,0.0,1.980514992358539,98.0514992358539
2017-12-18,0.0,1.980514992358539,98.0514992358539
2017-12-19,0.0,1.980514992358539,98.0514992358539
2017-12-20,0.0,1.980514992358539,98.0514992358539
2017-12-21,0.0,1.980514992358539,98.0514992358539
2017-12-22,0.0,1.980514992358539,98.0514992358539
2017-12-27,0.0,1.980514992358539,98.0514992358539
2017-12-28,0.0,1.980514992358539,98.0514992358539
2017-12-29,0.0,1.980514992358539,98.0514992358539
2018-01-02,0.0,1.980514992358539,98.0514992358539
2018-01-03,0.0,1.980514992358539,98.0514992358539
2018-01-04,0.0,1.980514992358539,98.0514992358539
2018-01-05,0.0,1.980514992358539,98.0514992358539
2018-01-08,0.0,1.980514992358539,98.0514992358539
2018-01-09,0.0,1.980514992358539,98.0514992358539
2018-01-10,0.0,1.980514992358539,98.0514992358539
2018-01-11,0.0,1.980514992358539,98.0514992358539
2018-01-12,0.0,1.980514992358539,98.0514992358539
2018-01-15,0.0,1.980514992358539,98.0514992358539
2018-01-16,0.0,1.980514992358539,98.0514992358539
2018-01-17,0.0,1.980514992358539,98.0514992358539
2018-01-18,0.0,1.980514992358539,98.0514992358539
2018-01-19,0.0,1.980514992358539,98.0514992358539
2018-01-22,0.0,1.980514992358539,98.0514992358539
2018-01-23,0.0,1.980514992358539,98.0514992358539
2018-01-24,0.0,1.980514992358539,98.0514992358539
2018-01-25,0.0,1.980514992358539,98.0514992358539
2018-01-26,0.0,1.980514992358539,98.0514992358539
2018-01-29,0.0,1.980514992358539,98.0514992358539
2018-01-30,0.0,1.980514992358539,98.0514992358539
2018-01-31,0.0,1.980514992358539,98.0514992358539
2018-02-01,0.0,1.980514992358539,98.0514992358539
2018-02-02,0.0,1.980514992358539,98.0514992358539
2018-02-05,0.0,1.980514992358539,98.0514992358539
2018-02-06,0.0,1.980514992358539,98.0514992358539
2018-02-07,0.0,1.980514992358539,98.0514992358539
2018-02-08,0.0,1.980514992358539,98.0514992358539
2018-02-09,0.0,1.980514992358539,98.0514992358539
2018-02-12,0.0,1.980514992358539,98.0514992358539
2018-02-13,0.0,1.980514992358539,98.0514992358539
2018-02-14,0.0,1.980514992358539,98.0514992358539
2018-02-15,0.0,1.980514992358539,98.0514992358539
2018-02-16,0.0,1.980514992358539,98.0514992358539
2018-02-19,0.0,1.980514992358539,98.0514992358539
2018-02-20,0.0,1.980514992358539,98.0514992358539
2018-02-21,0.0,1.980514992358539,98.0514992358539
2018-02-22,0.0,1.980514992358539,98.0514992358539
2018-02-23,0.0,1.980514992358539,98.0514992358539
2018-02-26,0.0,1.980514992358539,98.0514992358539
2018-02-27,0.0,1.980514992358539,98.0514992358539
2018-02-28,0.0,1.980514992358539,98.0514992358539
2018-03-01,0.0,1.980514992358539,98.0514992358539
2018-03-02,0.0,1.980514992358539,98.0514992358539
2018-03-05,0.0,1.980514992358539,98.0514992358539
2018-03-06,0.0,1.980514992358539,98.0514992358539
2018-03-07,-0.012549999999999999,1.9556595292044394,95.56595292044395
2018-03-08,0.009825,1.9748738840788729,97.4873884078873
2018-03-09,0.035074999999999995,2.0441425855629394,104.41425855629393
2018-03-12,0.0051,2.0545677127493107,105.45677127493107
2018-03-13,-0.02455,2.004128075401315,100.41280754013151
2018-03-14,0.007825,2.0198103775913303,101.98103775913303
2018-03-15,0.0003750000000000014,2.020567806482927,102.05678064829269
2018-03-16,-0.002875000000000001,2.0147586740392884,101.47586740392885
2018-03-19,0.00265,2.020097784525493,102.00977845254928
2018-03-20,0.0,2.020097784525493,102.00977845254928
2018-03-21,0.0,2.020097784525493,102.00977845254928
2018-03-22,0.0,2.020097784525493,102.00977845254928
2018-03-23,0.0,2.020097784525493,102.00977845254928
2018-03-26,0.0,2.020097784525493,102.00977845254928
2018-03-27,0.0,2.020097784525493,102.00977845254928
2018-03-28,0.0,2.020097784525493,102.00977845254928
2018-03-29,0.0,2.020097784525493,102.00977845254928
2018-04-03,0.0,2.020097784525493,102.00977845254928
2018-04-04,0.0,2.020097784525493,102.00977845254928
2018-04-05,0.0,2.020097784525493,102.00977845254928
2018-04-06,0.0,2.020097784525493,102.00977845254928
2018-04-09,0.0,2.020097784525493,102.00977845254928
2018-04-10,0.0,2.020097784525493,102.00977845254928
2018-04-11,0.0,2.020097784525493,102.00977845254928
2018-04-12,0.0,2.020097784525493,102.00977845254928
2018-04-13,0.0,2.020097784525493,102.00977845254928
2018-04-16,0.0,2.020097784525493,102.00977845254928
2018-04-17,0.0,2.020097784525493,102.00977845254928
2018-04-18,0.0,2.020097784525493,102.00977845254928
2018-04-19,0.0,2.020097784525493,102.00977845254928
2018-04-20,0.0,2.020097784525493,102.00977845254928
2018-04-23,0.0,2.020097784525493,102.00977845254928
2018-04-24,0.0,2.020097784525493,102.00977845254928
2018-04-25,0.0,2.020097784525493,102.00977845254928
2018-04-26,0.0,2.020097784525493,102.00977845254928
2018-04-27,0.0,2.020097784525493,102.00977845254928
2018-04-30,0.0,2.020097784525493,102.00977845254928
2018-05-02,0.0,2.020097784525493,102.00977845254928
2018-05-03,0.0,2.020097784525493,102.00977845254928
2018-05-04,0.0,2.020097784525493,102.00977845254928
2018-05-07,0.0,2.020097784525493,102.00977845254928
2018-05-08,0.0,2.020097784525493,102.00977845254928
2018-05-09,0.0,2.020097784525493,102.00977845254928
2018-05-10,0.0,2.020097784525493,102.00977845254928
2018-05-11,0.0,2.020097784525493,102.00977845254928
2018-05-14,0.0,2.020097784525493,102.00977845254928
2018-05-15,0.0,2.020097784525493,102.00977845254928
2018-05-16,0.0,2.020097784525493,102.00977845254928
2018-05-17,0.0,2.020097784525493,102.00977845254928
2018-05-18,0.0,2.020097784525493,102.00977845254928
2018-05-21,0.0,2.020097784525493,102.00977845254928
2018-05-22,0.0,2.020097784525493,102.00977845254928
2018-05-23,0.0,2.020097784525493,102.00977845254928
2018-05-24,0.0,2.020097784525493,102.00977845254928
2018-05-25,0.0,2.020097784525493,102.00977845254928
2018-05-28,0.0,2.020097784525493,102.00977845254928
2018-05-29,0.0,2.020097784525493,102.00977845254928
2018-05-30,0.0,2.020097784525493,102.00977845254928
2018-06-01,0.0,2.020097784525493,102.00977845254928
2018-06-04,0.0,2.020097784525493,102.00977845254928
2018-06-05,0.0,2.020097784525493,102.00977845254928
2018-06-06,0.0,2.020097784525493,102.00977845254928
2018-06-07,0.0,2.020097784525493,102.00977845254928
2018-06-08,0.0,2.020097784525493,102.00977845254928
2018-06-11,0.0,2.020097784525493,102.00977845254928
2018-06-12,0.0,2.020097784525493,102.00977845254928
2018-06-13,0.0,2.020097784525493,102.00977845254928
2018-06-14,0.0,2.020097784525493,102.00977845254928
2018-06-15,0.0,2.020097784525493,102.00977845254928
2018-06-18,0.0,2.020097784525493,102.00977845254928
2018-06-19,0.0,2.020097784525493,102.00977845254928
2018-06-20,0.0,2.020097784525493,102.00977845254928
2018-06-21,0.0,2.020097784525493,102.00977845254928
2018-06-26,0.0,2.020097784525493,102.00977845254928
2018-06-27,0.0,2.020097784525493,102.00977845254928
2018-06-28,0.0,2.020097784525493,102.00977845254928
2018-06-29,0.0,2.020097784525493,102.00977845254928
2018-07-02,0.0,2.020097784525493,102.00977845254928
2018-07-03,0.0,2.020097784525493,102.00977845254928
2018-07-04,0.0,2.020097784525493,102.00977845254928
2018-07-05,0.0,2.020097784525493,102.00977845254928
2018-07-06,0.0,2.020097784525493,102.00977845254928
2018-07-09,0.0,2.020097784525493,102.00977845254928
2018-07-10,0.0,2.020097784525493,102.00977845254928
2018-07-11,0.0,2.020097784525493,102.00977845254928
2018-07-12,0.0,2.020097784525493,102.00977845254928
2018-07-13,0.0,2.020097784525493,102.00977845254928
2018-07-16,0.0,2.020097784525493,102.00977845254928
2018-07-17,0.0,2.020097784525493,102.00977845254928
2018-07-18,0.0,2.020097784525493,102.00977845254928
2018-07-19,0.0,2.020097784525493,102.00977845254928
2018-07-20,0.0,2.020097784525493,102.00977845254928
2018-07-23,0.0,2.020097784525493,102.00977845254928
2018-07-24,0.0,2.020097784525493,102.00977845254928
2018-07-25,0.0,2.020097784525493,102.00977845254928
2018-07-26,0.0,2.020097784525493,102.00977845254928
2018-07-27,0.0,2.020097784525493,102.00977845254928
2018-07-30,0.0,2.020097784525493,102.00977845254928
2018-07-31,0.0,2.020097784525493,102.00977845254928
2018-08-01,0.0,2.020097784525493,102.00977845254928
2018-08-02,0.0,2.020097784525493,102.00977845254928
2018-08-03,0.0,2.020097784525493,102.00977845254928
2018-08-06,0.0,2.020097784525493,102.00977845254928
2018-08-07,0.0,2.020097784525493,102.00977845254928
2018-08-08,0.0,2.020097784525493,102.00977845254928
2018-08-09,0.0,2.020097784525493,102.00977845254928
2018-08-10,0.0,2.020097784525493,102.00977845254928
2018-08-13,0.0,2.020097784525493,102.00977845254928
2018-08-14,0.0,2.020097784525493,102.00977845254928
2018-08-16,0.0,2.020097784525493,102.00977845254928
2018-08-17,0.0,2.020097784525493,102.00977845254928
2018-08-20,0.0,2.020097784525493,102.00977845254928
2018-08-21,0.0,2.020097784525493,102.00977845254928
2018-08-22,0.0,2.020097784525493,102.00977845254928
2018-08-23,0.0,2.020097784525493,102.00977845254928
2018-08-24,0.0,2.020097784525493,102.00977845254928
2018-08-27,0.0,2.020097784525493,102.00977845254928
2018-08-28,0.0,2.020097784525493,102.00977845254928
2018-08-29,0.0,2.020097784525493,102.00977845254928
2018-08-30,0.0,2.020097784525493,102.00977845254928
2018-08-31,0.0,2.020097784525493,102.00977845254928
2018-09-03,0.0,2.020097784525493,102.00977845254928
2018-09-04,0.0,2.020097784525493,102.00977845254928
2018-09-05,0.0,2.020097784525493,102.00977845254928
2018-09-06,-0.1034,1.8112196736055568,81.12196736055569
2018-09-07,-0.0385,1.7414877161717428,74.14877161717428
2018-09-10,0.04,1.8111472248186127,81.11472248186126
2018-09-11,-0.0769,1.6718700032300615,67.18700032300615
2018-09-12,-0.075,1.546479752987807,54.64797529878069
2018-09-13,0.009,1.560398070764697,56.03980707646969
2018-09-14,0.0982,1.7136291613137904,71.36291613137904
2018-09-17,0.0,1.7136291613137904,71.36291613137904
2018-09-18,0.0,1.7136291613137904,71.36291613137904
2018-09-19,0.0,1.7136291613137904,71.36291613137904
2018-09-20,0.0569,1.811134660592545,81.11346605925449
2018-09-21,-0.0538,1.7136956158526662,71.36956158526661
2018-09-24,0.0569,1.8112048963946827,81.12048963946827
2018-09-25,0.0,1.8112048963946827,81.12048963946827
2018-09-26,0.0,1.8112048963946827,81.12048963946827
2018-09-27,0.0,1.8112048963946827,81.12048963946827
2018-09-28,0.0,1.8112048963946827,81.12048963946827
2018-10-01,0.0,1.8112048963946827,81.12048963946827
2018-10-02,0.0,1.8112048963946827,81.12048963946827
2018-10-03,0.0,1.8112048963946827,81.12048963946827
2018-10-04,0.0,1.8112048963946827,81.12048963946827
2018-10-05,0.0,1.8112048963946827,81.12048963946827
2018-10-09,0.0,1.8112048963946827,81.12048963946827
2018-10-10,0.0,1.8112048963946827,81.12048963946827
2018-10-11,0.0,1.8112048963946827,81.12048963946827
2018-10-12,0.0,1.8112048963946827,81.12048963946827
2018-10-15,0.0,1.8112048963946827,81.12048963946827
2018-10-16,0.0,1.8112048963946827,81.12048963946827
2018-10-17,0.0,1.8112048963946827,81.12048963946827
2018-10-18,0.0,1.8112048963946827,81.12048963946827
2018-10-19,0.0,1.8112048963946827,81.12048963946827
2018-10-22,0.0,1.8112048963946827,81.12048963946827
2018-10-23,0.0,1.8112048963946827,81.12048963946827
2018-10-24,0.0,1.8112048963946827,81.12048963946827
2018-10-25,0.0,1.8112048963946827,81.12048963946827
2018-10-26,0.0,1.8112048963946827,81.12048963946827
2018-10-29,0.0,1.8112048963946827,81.12048963946827
2018-10-30,0.0,1.8112048963946827,81.12048963946827
2018-10-31,0.0,1.8112048963946827,81.12048963946827
2018-11-02,0.0,1.8112048963946827,81.12048963946827
2018-11-05,0.0,1.8112048963946827,81.12048963946827
2018-11-06,0.0,1.8112048963946827,81.12048963946827
2018-11-07,0.0,1.8112048963946827,81.12048963946827
2018-11-08,0.0,1.8112048963946827,81.12048963946827
2018-11-09,0.0,1.8112048963946827,81.12048963946827
2018-11-12,0.0,1.8112048963946827,81.12048963946827
2018-11-13,0.0,1.8112048963946827,81.12048963946827
2018-11-14,0.0,1.8112048963946827,81.12048963946827
2018-11-15,0.0,1.8112048963946827,81.12048963946827
2018-11-16,0.0,1.8112048963946827,81.12048963946827
2018-11-19,0.0,1.8112048963946827,81.12048963946827
2018-11-20,0.0,1.8112048963946827,81.12048963946827
2018-11-21,0.0,1.8112048963946827,81.12048963946827
2018-11-22,0.0,1.8112048963946827,81.12048963946827
2018-11-23,0.0,1.8112048963946827,81.12048963946827
2018-11-26,0.0,1.8112048963946827,81.12048963946827
2018-11-27,0.0,1.8112048963946827,81.12048963946827
2018-11-28,0.0,1.8112048963946827,81.12048963946827
2018-11-29,0.0,1.8112048963946827,81.12048963946827
2018-11-30,0.0,1.8112048963946827,81.12048963946827
2018-12-03,0.0,1.8112048963946827,81.12048963946827
2018-12-04,0.0,1.8112048963946827,81.12048963946827
2018-12-05,0.0,1.8112048963946827,81.12048963946827
2018-12-06,0.0,1.8112048963946827,81.12048963946827
2018-12-07,0.0,1.8112048963946827,81.12048963946827
2018-12-10,0.0,1.8112048963946827,81.12048963946827
2018-12-11,0.0,1.8112048963946827,81.12048963946827
2018-12-12,0.0,1.8112048963946827,81.12048963946827
2018-12-13,0.0,1.8112048963946827,81.12048963946827
2018-12-14,0.0,1.8112048963946827,81.12048963946827
2018-12-17,0.0,1.8112048963946827,81.12048963946827
2018-12-18,0.0,1.8112048963946827,81.12048963946827
2018-12-19,0.0,1.8112048963946827,81.12048963946827
2018-12-20,0.0,1.8112048963946827,81.12048963946827
2018-12-21,0.0,1.8112048963946827,81.12048963946827
2018-12-27,0.0,1.8112048963946827,81.12048963946827
2018-12-28,0.0,1.8112048963946827,81.12048963946827
2019-01-02,0.0,1.8112048963946827,81.12048963946827
2019-01-03,0.0,1.8112048963946827,81.12048963946827
2019-01-04,0.0,1.8112048963946827,81.12048963946827
2019-01-07,0.0,1.8112048963946827,81.12048963946827
2019-01-08,0.0,1.8112048963946827,81.12048963946827
2019-01-09,0.0,1.8112048963946827,81.12048963946827
2019-01-10,0.0,1.8112048963946827,81.12048963946827
2019-01-11,0.0,1.8112048963946827,81.12048963946827
2019-01-14,0.0,1.8112048963946827,81.12048963946827
2019-01-15,0.0,1.8112048963946827,81.12048963946827
2019-01-16,0.0,1.8112048963946827,81.12048963946827
2019-01-17,0.0,1.8112048963946827,81.12048963946827
2019-01-18,0.0,1.8112048963946827,81.12048963946827
2019-01-21,0.0,1.8112048963946827,81.12048963946827
2019-01-22,0.0,1.8112048963946827,81.12048963946827
2019-01-23,0.0,1.8112048963946827,81.12048963946827
2019-01-24,0.0,1.8112048963946827,81.12048963946827
2019-01-25,0.0,1.8112048963946827,81.12048963946827
2019-01-28,0.0,1.8112048963946827,81.12048963946827
2019-01-29,0.0,1.8112048963946827,81.12048963946827
2019-01-30,0.0,1.8112048963946827,81.12048963946827
2019-01-31,0.0,1.8112048963946827,81.12048963946827
2019-02-01,0.0,1.8112048963946827,81.12048963946827
2019-02-04,0.0,1.8112048963946827,81.12048963946827
2019-02-05,0.0,1.8112048963946827,81.12048963946827
2019-02-06,0.0,1.8112048963946827,81.12048963946827
2019-02-07,0.0,1.8112048963946827,81.12048963946827
2019-02-08,0.0,1.8112048963946827,81.12048963946827
2019-02-11,0.0,1.8112048963946827,81.12048963946827
2019-02-12,0.0,1.8112048963946827,81.12048963946827
2019-02-13,0.0,1.8112048963946827,81.12048963946827
2019-02-14,0.0,1.8112048963946827,81.12048963946827
2019-02-15,0.0,1.8112048963946827,81.12048963946827
2019-02-18,0.0,1.8112048963946827,81.12048963946827
2019-02-19,0.0,1.8112048963946827,81.12048963946827
2019-02-20,0.0,1.8112048963946827,81.12048963946827
2019-02-21,0.0,1.8112048963946827,81.12048963946827
2019-02-22,0.0,1.8112048963946827,81.12048963946827
2019-02-25,0.0,1.8112048963946827,81.12048963946827
2019-02-26,0.0,1.8112048963946827,81.12048963946827
2019-02-27,0.0,1.8112048963946827,81.12048963946827
2019-02-28,0.0,1.8112048963946827,81.12048963946827
2019-03-01,0.0,1.8112048963946827,81.12048963946827
2019-03-04,0.0,1.8112048963946827,81.12048963946827
2019-03-05,0.0,1.8112048963946827,81.12048963946827
2019-03-06,0.0,1.8112048963946827,81.12048963946827
2019-03-07,0.0,1.8112048963946827,81.12048963946827
2019-03-08,-0.1331,1.5701335246845505,57.01335246845505
2019-03-11,-0.1857,1.2785597291506294,27.855972915062942
2019-03-12,0.1316,1.4468181895068521,44.68181895068521
2019-03-13,0.0581,1.5308783263172003,53.08783263172003
2019-03-14,0.0549,1.6149235464320146,61.492354643201466
2019-03-15,0.0,1.6149235464320146,61.492354643201466
2019-03-18,-0.1319,1.4019151306576318,40.19151306576318
2019-03-19,0.0,1.4019151306576318,40.19151306576318
2019-03-20,0.0,1.4019151306576318,40.19151306576318
2019-03-21,0.0,1.4019151306576318,40.19151306576318
2019-03-22,0.0,1.4019151306576318,40.19151306576318
2019-03-25,0.0,1.4019151306576318,40.19151306576318
2019-03-26,0.0,1.4019151306576318,40.19151306576318
2019-03-27,0.0,1.4019151306576318,40.19151306576318
2019-03-28,0.0,1.4019151306576318,40.19151306576318
2019-03-29,0.0,1.4019151306576318,40.19151306576318
2019-04-01,0.0,1.4019151306576318,40.19151306576318
2019-04-02,0.0,1.4019151306576318,40.19151306576318
2019-04-03,0.0,1.4019151306576318,40.19151306576318
2019-04-04,0.0,1.4019151306576318,40.19151306576318
2019-04-05,0.0,1.4019151306576318,40.19151306576318
2019-04-08,0.0,1.4019151306576318,40.19151306576318
2019-04-09,0.0,1.4019151306576318,40.19151306576318
2019-04-10,0.0,1.4019151306576318,40.19151306576318
2019-04-11,0.0,1.4019151306576318,40.19151306576318
2019-04-12,0.0,1.4019151306576318,40.19151306576318
2019-04-15,0.0,1.4019151306576318,40.19151306576318
2019-04-16,0.0,1.4019151306576318,40.19151306576318
2019-04-17,0.0,1.4019151306576318,40.19151306576318
2019-04-18,0.0,1.4019151306576318,40.19151306576318
2019-04-23,0.0,1.4019151306576318,40.19151306576318
2019-04-24,0.0,1.4019151306576318,40.19151306576318
2019-04-25,0.0,1.4019151306576318,40.19151306576318
2019-04-26,0.0,1.4019151306576318,40.19151306576318
2019-04-29,0.0,1.4019151306576318,40.19151306576318
2019-04-30,0.0,1.4019151306576318,40.19151306576318
2019-05-02,0.0,1.4019151306576318,40.19151306576318
2019-05-03,0.0,1.4019151306576318,40.19151306576318
2019-05-06,0.0,1.4019151306576318,40.19151306576318
2019-05-07,0.0,1.4019151306576318,40.19151306576318
2019-05-08,0.0,1.4019151306576318,40.19151306576318
2019-05-09,0.0,1.4019151306576318,40.19151306576318
2019-05-10,0.0,1.4019151306576318,40.19151306576318
2019-05-13,0.0,1.4019151306576318,40.19151306576318
2019-05-14,0.0,1.4019151306576318,40.19151306576318
2019-05-15,0.0,1.4019151306576318,40.19151306576318
2019-05-16,0.0,1.4019151306576318,40.19151306576318
2019-05-17,0.0,1.4019151306576318,40.19151306576318
2019-05-20,0.0,1.4019151306576318,40.19151306576318
2019-05-21,0.0,1.4019151306576318,40.19151306576318
2019-05-22,0.0,1.4019151306576318,40.19151306576318
2019-05-23,0.0,1.4019151306576318,40.19151306576318
2019-05-24,0.0,1.4019151306576318,40.19151306576318
2019-05-27,0.0,1.4019151306576318,40.19151306576318
2019-05-28,0.0,1.4019151306576318,40.19151306576318
2019-05-29,0.0,1.4019151306576318,40.19151306576318
2019-05-30,0.0,1.4019151306576318,40.19151306576318
2019-05-31,0.0,1.4019151306576318,40.19151306576318
2019-06-03,0.0,1.4019151306576318,40.19151306576318
2019-06-04,0.0,1.4019151306576318,40.19151306576318
2019-06-05,0.0,1.4019151306576318,40.19151306576318
2019-06-06,0.0,1.4019151306576318,40.19151306576318
2019-06-07,0.0,1.4019151306576318,40.19151306576318
2019-06-10,0.0,1.4019151306576318,40.19151306576318
2019-06-11,0.0,1.4019151306576318,40.19151306576318
2019-06-12,0.0,1.4019151306576318,40.19151306576318
2019-06-13,0.0,1.4019151306576318,40.19151306576318
2019-06-14,0.0,1.4019151306576318,40.19151306576318
2019-06-17,0.0,1.4019151306576318,40.19151306576318
2019-06-18,0.0,1.4019151306576318,40.19151306576318
2019-06-19,0.0,1.4019151306576318,40.19151306576318
2019-06-21,0.0,1.4019151306576318,40.19151306576318
2019-06-24,0.0,1.4019151306576318,40.19151306576318
2019-06-26,0.0,1.4019151306576318,40.19151306576318
2019-06-27,0.0,1.4019151306576318,40.19151306576318
2019-06-28,0.0,1.4019151306576318,40.19151306576318
2019-07-01,0.0,1.4019151306576318,40.19151306576318
2019-07-02,0.0,1.4019151306576318,40.19151306576318
2019-07-03,0.0,1.4019151306576318,40.19151306576318
2019-07-04,0.0,1.4019151306576318,40.19151306576318
2019-07-05,0.0,1.4019151306576318,40.19151306576318
2019-07-08,0.0,1.4019151306576318,40.19151306576318
2019-07-09,0.0,1.4019151306576318,40.19151306576318
2019-07-10,0.0,1.4019151306576318,40.19151306576318
2019-07-11,0.0,1.4019151306576318,40.19151306576318
2019-07-12,0.0,1.4019151306576318,40.19151306576318
2019-07-15,0.0,1.4019151306576318,40.19151306576318
2019-07-16,0.0,1.4019151306576318,40.19151306576318
2019-07-17,0.0,1.4019151306576318,40.19151306576318
2019-07-18,0.0,1.4019151306576318,40.19151306576318
2019-07-19,0.0,1.4019151306576318,40.19151306576318
2019-07-22,0.0,1.4019151306576318,40.19151306576318
2019-07-23,0.0,1.4019151306576318,40.19151306576318
2019-07-24,0.0,1.4019151306576318,40.19151306576318
2019-07-25,0.0,1.4019151306576318,40.19151306576318
2019-07-26,0.0,1.4019151306576318,40.19151306576318
2019-07-29,0.0,1.4019151306576318,40.19151306576318
2019-07-30,0.0,1.4019151306576318,40.19151306576318
2019-07-31,0.0,1.4019151306576318,40.19151306576318
2019-08-01,0.0,1.4019151306576318,40.19151306576318
2019-08-02,0.0,1.4019151306576318,40.19151306576318
2019-08-06,0.0,1.4019151306576318,40.19151306576318
2019-08-07,0.0,1.4019151306576318,40.19151306576318
2019-08-08,0.0,1.4019151306576318,40.19151306576318
2019-08-09,0.0,1.4019151306576318,40.19151306576318
2019-08-12,0.0,1.4019151306576318,40.19151306576318
2019-08-13,0.0,1.4019151306576318,40.19151306576318
2019-08-14,0.0,1.4019151306576318,40.19151306576318
2019-08-16,0.0,1.4019151306576318,40.19151306576318
2019-08-19,0.0,1.4019151306576318,40.19151306576318
2019-08-20,0.0,1.4019151306576318,40.19151306576318
2019-08-21,0.0,1.4019151306576318,40.19151306576318
2019-08-22,0.0,1.4019151306576318,40.19151306576318
2019-08-23,0.0,1.4019151306576318,40.19151306576318
2019-08-26,0.0,1.4019151306576318,40.19151306576318
2019-08-27,0.0,1.4019151306576318,40.19151306576318
2019-08-28,0.0,1.4019151306576318,40.19151306576318
2019-08-29,0.0,1.4019151306576318,40.19151306576318
2019-08-30,0.0,1.4019151306576318,40.19151306576318
2019-09-02,0.0,1.4019151306576318,40.19151306576318
2019-09-03,0.0,1.4019151306576318,40.19151306576318
2019-09-04,0.0,1.4019151306576318,40.19151306576318
2019-09-05,0.0,1.4019151306576318,40.19151306576318
2019-09-06,0.0,1.4019151306576318,40.19151306576318
2019-09-09,0.0,1.4019151306576318,40.19151306576318
2019-09-10,0.0,1.4019151306576318,40.19151306576318
2019-09-11,0.0,1.4019151306576318,40.19151306576318
2019-09-12,0.0,1.4019151306576318,40.19151306576318
2019-09-13,0.0,1.4019151306576318,40.19151306576318
2019-09-16,0.0,1.4019151306576318,40.19151306576318
2019-09-17,0.0,1.4019151306576318,40.19151306576318
2019-09-18,0.0,1.4019151306576318,40.19151306576318
2019-09-19,0.0,1.4019151306576318,40.19151306576318
2019-09-20,0.0,1.4019151306576318,40.19151306576318
2019-09-23,0.0,1.4019151306576318,40.19151306576318
2019-09-24,0.0,1.4019151306576318,40.19151306576318
2019-09-25,0.0,1.4019151306576318,40.19151306576318
2019-09-26,0.0,1.4019151306576318,40.19151306576318
2019-09-27,0.0,1.4019151306576318,40.19151306576318
2019-09-30,0.0,1.4019151306576318,40.19151306576318
2019-10-01,0.0,1.4019151306576318,40.19151306576318
2019-10-02,0.0,1.4019151306576318,40.19151306576318
2019-10-03,0.0,1.4019151306576318,40.19151306576318
2019-10-04,0.0,1.4019151306576318,40.19151306576318
2019-10-07,0.0,1.4019151306576318,40.19151306576318
2019-10-09,0.0,1.4019151306576318,40.19151306576318
2019-10-10,0.0,1.4019151306576318,40.19151306576318
2019-10-11,0.0,1.4019151306576318,40.19151306576318
2019-10-14,0.0,1.4019151306576318,40.19151306576318
2019-10-15,0.0,1.4019151306576318,40.19151306576318
2019-10-16,0.0,1.4019151306576318,40.19151306576318
2019-10-17,0.0,1.4019151306576318,40.19151306576318
2019-10-18,0.0,1.4019151306576318,40.19151306576318
2019-10-21,0.0,1.4019151306576318,40.19151306576318
2019-10-22,0.0,1.4019151306576318,40.19151306576318
2019-10-23,0.0,1.4019151306576318,40.19151306576318
2019-10-24,0.0,1.4019151306576318,40.19151306576318
2019-10-25,0.0,1.4019151306576318,40.19151306576318
2019-10-28,0.0,1.4019151306576318,40.19151306576318
2019-10-29,0.0,1.4019151306576318,40.19151306576318
2019-10-30,0.0,1.4019151306576318,40.19151306576318
2019-10-31,0.0,1.4019151306576318,40.19151306576318
2019-11-04,0.0,1.4019151306576318,40.19151306576318
2019-11-05,0.0,1.4019151306576318,40.19151306576318
2019-11-06,0.0,1.4019151306576318,40.19151306576318
2019-11-07,0.0,1.4019151306576318,40.19151306576318
2019-11-08,0.0,1.4019151306576318,40.19151306576318
2019-11-11,0.0,1.4019151306576318,40.19151306576318
2019-11-12,0.0,1.4019151306576318,40.19151306576318
2019-11-13,0.0,1.4019151306576318,40.19151306576318
2019-11-14,0.0,1.4019151306576318,40.19151306576318
2019-11-15,0.0,1.4019151306576318,40.19151306576318
2019-11-18,0.0,1.4019151306576318,40.19151306576318
2019-11-19,0.0,1.4019151306576318,40.19151306576318
2019-11-20,0.0,1.4019151306576318,40.19151306576318
2019-11-21,0.0,1.4019151306576318,40.19151306576318
2019-11-22,0.0,1.4019151306576318,40.19151306576318
2019-11-25,0.0,1.4019151306576318,40.19151306576318
2019-11-26,0.0,1.4019151306576318,40.19151306576318
2019-11-27,0.0,1.4019151306576318,40.19151306576318
2019-11-28,0.0,1.4019151306576318,40.19151306576318
2019-11-29,0.0,1.4019151306576318,40.19151306576318
2019-12-02,0.0,1.4019151306576318,40.19151306576318
2019-12-03,0.0,1.4019151306576318,40.19151306576318
2019-12-04,0.0,1.4019151306576318,40.19151306576318
2019-12-05,0.0,1.4019151306576318,40.19151306576318
2019-12-06,0.0,1.4019151306576318,40.19151306576318
2019-12-09,0.0,1.4019151306576318,40.19151306576318
2019-12-10,0.0,1.4019151306576318,40.19151306576318
2019-12-11,0.0,1.4019151306576318,40.19151306576318
2019-12-12,0.0,1.4019151306576318,40.19151306576318
2019-12-13,0.0,1.4019151306576318,40.19151306576318
2019-12-16,0.0,1.4019151306576318,40.19151306576318
2019-12-17,0.0,1.4019151306576318,40.19151306576318
2019-12-18,0.0,1.4019151306576318,40.19151306576318
2019-12-19,0.0,1.4019151306576318,40.19151306576318
2019-12-20,0.0,1.4019151306576318,40.19151306576318
2019-12-23,0.0,1.4019151306576318,40.19151306576318
2019-12-27,0.0,1.4019151306576318,40.19151306576318
2019-12-30,0.0,1.4019151306576318,40.19151306576318
2020-01-02,0.0,1.4019151306576318,40.19151306576318
2020-01-03,0.0,1.4019151306576318,40.19151306576318
2020-01-07,0.0,1.4019151306576318,40.19151306576318
2020-01-08,0.0,1.4019151306576318,40.19151306576318
2020-01-09,0.0,1.4019151306576318,40.19151306576318
2020-01-10,0.0,1.4019151306576318,40.19151306576318
2020-01-13,0.0,1.4019151306576318,40.19151306576318
2020-01-14,0.0,1.4019151306576318,40.19151306576318
2020-01-15,0.0,1.4019151306576318,40.19151306576318
2020-01-16,0.0,1.4019151306576318,40.19151306576318
2020-01-17,0.0,1.4019151306576318,40.19151306576318
2020-01-20,0.0,1.4019151306576318,40.19151306576318
2020-01-21,0.0,1.4019151306576318,40.19151306576318
2020-01-22,0.0,1.4019151306576318,40.19151306576318
2020-01-23,0.0,1.4019151306576318,40.19151306576318
2020-01-24,0.0,1.4019151306576318,40.19151306576318
2020-01-27,0.0,1.4019151306576318,40.19151306576318
2020-01-28,0.0,1.4019151306576318,40.19151306576318
2020-01-29,0.0,1.4019151306576318,40.19151306576318
2020-01-30,0.0,1.4019151306576318,40.19151306576318
2020-01-31,0.0,1.4019151306576318,40.19151306576318
2020-02-03,0.0,1.4019151306576318,40.19151306576318
2020-02-04,0.0,1.4019151306576318,40.19151306576318
2020-02-05,0.0,1.4019151306576318,40.19151306576318
2020-02-06,0.0,1.4019151306576318,40.19151306576318
2020-02-07,0.0,1.4019151306576318,40.19151306576318
2020-02-10,0.0,1.4019151306576318,40.19151306576318
2020-02-11,0.0,1.4019151306576318,40.19151306576318
2020-02-12,0.0,1.4019151306576318,40.19151306576318
2020-02-13,0.0,1.4019151306576318,40.19151306576318
2020-02-14,0.0,1.4019151306576318,40.19151306576318
2020-02-17,0.0,1.4019151306576318,40.19151306576318
2020-02-18,0.0,1.4019151306576318,40.19151306576318
2020-02-19,0.0,1.4019151306576318,40.19151306576318
2020-02-20,0.0,1.4019151306576318,40.19151306576318
2020-02-21,0.0,1.4019151306576318,40.19151306576318
2020-02-24,0.0,1.4019151306576318,40.19151306576318
2020-02-25,0.0,1.4019151306576318,40.19151306576318
2020-02-26,0.0,1.4019151306576318,40.19151306576318
2020-02-27,0.0,1.4019151306576318,40.19151306576318
2020-02-28,0.0,1.4019151306576318,40.19151306576318
2020-03-02,0.0,1.4019151306576318,40.19151306576318
2020-03-03,0.0,1.4019151306576318,40.19151306576318
2020-03-04,0.0,1.4019151306576318,40.19151306576318
2020-03-05,0.0,1.4019151306576318,40.19151306576318
2020-03-06,0.0,1.4019151306576318,40.19151306576318
2020-03-09,0.0,1.4019151306576318,40.19151306576318
2020-03-10,0.0,1.4019151306576318,40.19151306576318
2020-03-11,-0.009662500000000001,1.3883691257076525,38.83691257076525
2020-03-12,-0.0660125,1.296719408796876,29.671940879687607
2020-03-13,0.035437500000000004,1.3426719028461154,34.26719028461154
2020-03-16,-0.061825000000000005,1.2596612124526543,25.966121245265427
2020-03-17,0.004425000000000001,1.2652352133177571,26.52352133177571
2020-03-18,-0.0236,1.2353756622834582,23.537566228345817
2020-03-19,-0.014687500000000001,1.21723108224367,21.723108224367003
2020-03-20,0.016474999999999997,1.2372849643236346,23.728496432363457
2020-03-23,-0.0306875,1.199315781980953,19.931578198095302
2020-03-24,0.0,1.199315781980953,19.931578198095302
2020-03-25,0.0,1.199315781980953,19.931578198095302
2020-03-26,0.0,1.199315781980953,19.931578198095302
2020-03-27,0.0,1.199315781980953,19.931578198095302
2020-03-30,0.0,1.199315781980953,19.931578198095302
2020-03-31,0.0,1.199315781980953,19.931578198095302
2020-04-01,0.0,1.199315781980953,19.931578198095302
2020-04-02,0.0,1.199315781980953,19.931578198095302
2020-04-03,0.0,1.199315781980953,19.931578198095302
2020-04-06,0.0,1.199315781980953,19.931578198095302
2020-04-07,0.0,1.199315781980953,19.931578198095302
2020-04-08,0.0,1.199315781980953,19.931578198095302
2020-04-09,0.0,1.199315781980953,19.931578198095302
2020-04-14,0.0,1.199315781980953,19.931578198095302
2020-04-15,0.0,1.199315781980953,19.931578198095302
2020-04-16,0.0,1.199315781980953,19.931578198095302
2020-04-17,0.0,1.199315781980953,19.931578198095302
2020-04-20,0.0,1.199315781980953,19.931578198095302
2020-04-21,0.0,1.199315781980953,19.931578198095302
2020-04-22,0.0,1.199315781980953,19.931578198095302
2020-04-23,0.0,1.199315781980953,19.931578198095302
2020-04-24,0.0,1.199315781980953,19.931578198095302
2020-04-27,0.0,1.199315781980953,19.931578198095302
2020-04-28,0.0,1.199315781980953,19.931578198095302
2020-04-29,0.0,1.199315781980953,19.931578198095302
2020-04-30,0.0,1.199315781980953,19.931578198095302
2020-05-04,0.0,1.199315781980953,19.931578198095302
2020-05-05,0.0,1.199315781980953,19.931578198095302
2020-05-06,0.0,1.199315781980953,19.931578198095302
2020-05-07,0.0,1.199315781980953,19.931578198095302
2020-05-08,0.0,1.199315781980953,19.931578198095302
2020-05-11,0.0,1.199315781980953,19.931578198095302
2020-05-12,0.0,1.199315781980953,19.931578198095302
2020-05-13,0.0,1.199315781980953,19.931578198095302
2020-05-14,0.0,1.199315781980953,19.931578198095302
2020-05-15,0.0,1.199315781980953,19.931578198095302
2020-05-18,0.0,1.199315781980953,19.931578198095302
2020-05-19,0.0,1.199315781980953,19.931578198095302
2020-05-20,0.0,1.199315781980953,19.931578198095302
2020-05-21,0.0,1.199315781980953,19.931578198095302
2020-05-22,0.0,1.199315781980953,19.931578198095302
2020-05-25,0.0,1.199315781980953,19.931578198095302
2020-05-26,0.0,1.199315781980953,19.931578198095302
2020-05-27,0.0,1.199315781980953,19.931578198095302
2020-05-28,0.0,1.199315781980953,19.931578198095302
2020-05-29,0.0,1.199315781980953,19.931578198095302
2020-06-01,0.0,1.199315781980953,19.931578198095302
2020-06-02,0.0,1.199315781980953,19.931578198095302
2020-06-03,0.0,1.199315781980953,19.931578198095302
2020-06-04,0.0,1.199315781980953,19.931578198095302
2020-06-05,0.0,1.199315781980953,19.931578198095302
2020-06-08,0.0,1.199315781980953,19.931578198095302
2020-06-09,0.0,1.199315781980953,19.931578198095302
2020-06-10,0.0,1.199315781980953,19.931578198095302
2020-06-12,0.0,1.199315781980953,19.931578198095302
2020-06-15,0.0,1.199315781980953,19.931578198095302
2020-06-16,0.0,1.199315781980953,19.931578198095302
2020-06-17,0.0,1.199315781980953,19.931578198095302
2020-06-18,0.0,1.199315781980953,19.931578198095302
2020-06-19,0.0,1.199315781980953,19.931578198095302
2020-06-23,0.0,1.199315781980953,19.931578198095302
2020-06-24,0.0,1.199315781980953,19.931578198095302
2020-06-25,0.0,1.199315781980953,19.931578198095302
2020-06-26,0.0,1.199315781980953,19.931578198095302
2020-06-29,0.0,1.199315781980953,19.931578198095302
2020-06-30,0.0,1.199315781980953,19.931578198095302
2020-07-01,0.0,1.199315781980953,19.931578198095302
2020-07-02,0.0,1.199315781980953,19.931578198095302
2020-07-03,0.0,1.199315781980953,19.931578198095302
2020-07-06,0.0,1.199315781980953,19.931578198095302
2020-07-07,0.0,1.199315781980953,19.931578198095302
2020-07-08,0.0,1.199315781980953,19.931578198095302
2020-07-09,0.0,1.199315781980953,19.931578198095302
2020-07-10,0.0,1.199315781980953,19.931578198095302
2020-07-13,0.0,1.199315781980953,19.931578198095302
2020-07-14,0.0,1.199315781980953,19.931578198095302
2020-07-15,0.0,1.199315781980953,19.931578198095302
2020-07-16,0.0,1.199315781980953,19.931578198095302
2020-07-17,0.0,1.199315781980953,19.931578198095302
2020-07-20,0.0,1.199315781980953,19.931578198095302
2020-07-21,0.0,1.199315781980953,19.931578198095302
2020-07-22,0.0,1.199315781980953,19.931578198095302
2020-07-23,0.0,1.199315781980953,19.931578198095302
2020-07-24,0.0,1.199315781980953,19.931578198095302
2020-07-27,0.0,1.199315781980953,19.931578198095302
2020-07-28,0.0,1.199315781980953,19.931578198095302
2020-07-29,0.0,1.199315781980953,19.931578198095302
2020-07-30,0.0,1.199315781980953,19.931578198095302
2020-07-31,0.0,1.199315781980953,19.931578198095302
2020-08-03,0.0,1.199315781980953,19.931578198095302
2020-08-04,0.0,1.199315781980953,19.931578198095302
2020-08-06,0.0,1.199315781980953,19.931578198095302
2020-08-07,0.0,1.199315781980953,19.931578198095302
2020-08-10,0.0,1.199315781980953,19.931578198095302
2020-08-11,0.0,1.199315781980953,19.931578198095302
2020-08-12,0.0,1.199315781980953,19.931578198095302
2020-08-13,0.0,1.199315781980953,19.931578198095302
2020-08-14,0.0,1.199315781980953,19.931578198095302
2020-08-17,0.0,1.199315781980953,19.931578198095302
2020-08-18,0.0,1.199315781980953,19.931578198095302
2020-08-19,0.0,1.199315781980953,19.931578198095302
2020-08-20,0.0,1.199315781980953,19.931578198095302
2020-08-21,0.0,1.199315781980953,19.931578198095302
2020-08-24,0.0,1.199315781980953,19.931578198095302
2020-08-25,0.0,1.199315781980953,19.931578198095302
2020-08-26,0.0,1.199315781980953,19.931578198095302
2020-08-27,0.0,1.199315781980953,19.931578198095302
2020-08-28,0.0,1.199315781980953,19.931578198095302
2020-08-31,0.0,1.199315781980953,19.931578198095302
2020-09-01,0.0,1.199315781980953,19.931578198095302
2020-09-02,0.0,1.199315781980953,19.931578198095302
2020-09-03,0.0,1.199315781980953,19.931578198095302
2020-09-04,0.0,1.199315781980953,19.931578198095302
2020-09-07,0.0,1.199315781980953,19.931578198095302
2020-09-08,-0.0012333333333333332,1.1978366258498432,19.78366258498432
2020-09-09,0.02656666666666667,1.2296591522099207,22.965915220992073
2020-09-10,0.008966666666666668,1.2406850959414029,24.068509594140288
2020-09-11,0.011966666666666667,1.255531960922835,25.553196092283503
2020-09-14,-0.0054,1.2487520883338519,24.875208833385187
2020-09-15,0.006066666666666667,1.2563278510030773,25.632785100307732
2020-09-16,-0.014066666666666667,1.2386555058989674,23.865550589896745
2020-09-17,-0.017066666666666667,1.2175157852649583,21.75157852649583
2020-09-18,-0.00036666666666666445,1.2170693628103613,21.70693628103613
2020-09-21,-0.0223,1.1899287160196903,18.99287160196903
2020-09-22,0.0,1.1899287160196903,18.99287160196903
2020-09-23,0.0,1.1899287160196903,18.99287160196903
2020-09-24,0.0,1.1899287160196903,18.99287160196903
2020-09-25,0.0,1.1899287160196903,18.99287160196903
2020-09-28,0.0,1.1899287160196903,18.99287160196903
2020-09-29,0.0,1.1899287160196903,18.99287160196903
2020-09-30,0.0,1.1899287160196903,18.99287160196903
2020-10-01,0.0,1.1899287160196903,18.99287160196903
2020-10-02,0.0,1.1899287160196903,18.99287160196903
2020-10-05,0.0,1.1899287160196903,18.99287160196903
2020-10-06,0.0,1.1899287160196903,18.99287160196903
2020-10-07,0.0,1.1899287160196903,18.99287160196903
2020-10-08,0.0,1.1899287160196903,18.99287160196903
2020-10-09,0.0,1.1899287160196903,18.99287160196903
2020-10-12,0.0,1.1899287160196903,18.99287160196903
2020-10-13,0.0,1.1899287160196903,18.99287160196903
2020-10-14,0.0,1.1899287160196903,18.99287160196903
2020-10-15,0.0,1.1899287160196903,18.99287160196903
2020-10-16,0.0,1.1899287160196903,18.99287160196903
2020-10-19,0.0,1.1899287160196903,18.99287160196903
2020-10-20,0.0,1.1899287160196903,18.99287160196903
2020-10-21,0.0,1.1899287160196903,18.99287160196903
2020-10-22,0.0,1.1899287160196903,18.99287160196903
2020-10-23,0.0,1.1899287160196903,18.99287160196903
2020-10-26,0.0,1.1899287160196903,18.99287160196903
2020-10-27,0.0,1.1899287160196903,18.99287160196903
2020-10-28,0.0,1.1899287160196903,18.99287160196903
2020-10-29,0.0,1.1899287160196903,18.99287160196903
2020-10-30,0.0,1.1899287160196903,18.99287160196903
2020-11-02,0.0,1.1899287160196903,18.99287160196903
2020-11-03,0.0,1.1899287160196903,18.99287160196903
2020-11-04,0.0,1.1899287160196903,18.99287160196903
2020-11-05,0.0,1.1899287160196903,18.99287160196903
2020-11-06,0.0,1.1899287160196903,18.99287160196903
2020-11-09,0.0,1.1899287160196903,18.99287160196903
2020-11-10,0.0,1.1899287160196903,18.99287160196903
2020-11-11,0.0,1.1899287160196903,18.99287160196903
2020-11-12,0.0,1.1899287160196903,18.99287160196903
2020-11-13,0.0,1.1899287160196903,18.99287160196903
2020-11-16,0.0,1.1899287160196903,18.99287160196903
2020-11-17,0.0,1.1899287160196903,18.99287160196903
2020-11-19,0.0,1.1899287160196903,18.99287160196903
2020-11-20,0.0,1.1899287160196903,18.99287160196903
2020-11-23,0.0,1.1899287160196903,18.99287160196903
2020-11-24,0.0,1.1899287160196903,18.99287160196903
2020-11-25,0.0,1.1899287160196903,18.99287160196903
2020-11-26,0.0,1.1899287160196903,18.99287160196903
2020-11-27,0.0,1.1899287160196903,18.99287160196903
2020-11-30,0.0,1.1899287160196903,18.99287160196903
2020-12-01,0.0,1.1899287160196903,18.99287160196903
2020-12-02,0.0,1.1899287160196903,18.99287160196903
2020-12-03,0.0,1.1899287160196903,18.99287160196903
2020-12-04,0.0,1.1899287160196903,18.99287160196903
2020-12-07,0.0,1.1899287160196903,18.99287160196903
2020-12-08,0.0,1.1899287160196903,18.99287160196903
2020-12-09,0.0,1.1899287160196903,18.99287160196903
2020-12-10,0.0,1.1899287160196903,18.99287160196903
2020-12-11,0.0,1.1899287160196903,18.99287160196903
2020-12-14,0.0,1.1899287160196903,18.99287160196903
2020-12-15,0.0,1.1899287160196903,18.99287160196903
2020-12-16,0.0,1.1899287160196903,18.99287160196903
2020-12-17,0.0,1.1899287160196903,18.99287160196903
2020-12-18,0.0,1.1899287160196903,18.99287160196903
2020-12-21,0.0,1.1899287160196903,18.99287160196903
2020-12-22,0.0,1.1899287160196903,18.99287160196903
2020-12-23,0.0,1.1899287160196903,18.99287160196903
2020-12-28,0.0,1.1899287160196903,18.99287160196903
2020-12-29,0.0,1.1899287160196903,18.99287160196903
2020-12-30,0.0,1.1899287160196903,18.99287160196903
2021-01-04,0.0,1.1899287160196903,18.99287160196903
2021-01-05,0.0,1.1899287160196903,18.99287160196903
2021-01-07,0.0,1.1899287160196903,18.99287160196903
2021-01-08,0.0,1.1899287160196903,18.99287160196903
2021-01-11,0.0,1.1899287160196903,18.99287160196903
2021-01-12,0.0,1.1899287160196903,18.99287160196903
2021-01-13,0.0,1.1899287160196903,18.99287160196903
2021-01-14,0.0,1.1899287160196903,18.99287160196903
2021-01-15,0.0,1.1899287160196903,18.99287160196903
2021-01-18,0.0,1.1899287160196903,18.99287160196903
2021-01-19,0.0,1.1899287160196903,18.99287160196903
2021-01-20,0.0,1.1899287160196903,18.99287160196903
2021-01-21,0.0,1.1899287160196903,18.99287160196903
2021-01-22,0.0,1.1899287160196903,18.99287160196903
2021-01-25,0.0,1.1899287160196903,18.99287160196903
2021-01-26,0.0,1.1899287160196903,18.99287160196903
2021-01-27,0.0,1.1899287160196903,18.99287160196903
2021-01-28,0.0,1.1899287160196903,18.99287160196903
2021-01-29,0.0,1.1899287160196903,18.99287160196903
2021-02-01,0.0,1.1899287160196903,18.99287160196903
2021-02-02,0.0,1.1899287160196903,18.99287160196903
2021-02-03,0.0,1.1899287160196903,18.99287160196903
2021-02-04,0.0,1.1899287160196903,18.99287160196903
2021-02-05,0.0,1.1899287160196903,18.99287160196903
2021-02-08,0.0,1.1899287160196903,18.99287160196903
2021-02-09,0.0,1.1899287160196903,18.99287160196903
2021-02-10,0.0,1.1899287160196903,18.99287160196903
2021-02-11,0.0,1.1899287160196903,18.99287160196903
2021-02-12,0.0,1.1899287160196903,18.99287160196903
2021-02-15,0.0,1.1899287160196903,18.99287160196903
2021-02-16,0.0,1.1899287160196903,18.99287160196903
2021-02-17,0.0,1.1899287160196903,18.99287160196903
2021-02-18,0.0,1.1899287160196903,18.99287160196903
2021-02-19,0.0,1.1899287160196903,18.99287160196903
2021-02-22,0.0,1.1899287160196903,18.99287160196903
2021-02-23,0.0,1.1899287160196903,18.99287160196903
2021-02-24,0.0,1.1899287160196903,18.99287160196903
2021-02-25,0.0,1.1899287160196903,18.99287160196903
2021-02-26,0.0,1.1899287160196903,18.99287160196903
2021-03-01,0.0,1.1899287160196903,18.99287160196903
2021-03-02,0.0,1.1899287160196903,18.99287160196903
2021-03-03,0.0,1.1899287160196903,18.99287160196903
2021-03-04,0.0,1.1899287160196903,18.99287160196903
2021-03-05,0.0,1.1899287160196903,18.99287160196903
2021-03-08,0.0,1.1899287160196903,18.99287160196903
2021-03-09,0.0182,1.2115854186512487,21.158541865124867
2021-03-10,-0.0179,1.1898980396573913,18.989803965739128
2021-03-11,0.0545,1.254747482818719,25.474748281871907
2021-03-12,0.0345,1.2980362709759647,29.803627097596475
2021-03-15,0.025,1.3304871777503637,33.04871777503637
2021-03-16,-0.0325,1.287246344473477,28.724634447347697
2021-03-17,0.0084,1.2980592137670541,29.805921376705413
2021-03-18,-0.0583,1.222382361604435,22.238236160443492
2021-03-19,0.0,1.222382361604435,22.238236160443492
2021-03-22,-0.0088,1.2116253968223158,21.162539682231586
2021-03-23,0.0,1.2116253968223158,21.162539682231586
2021-03-24,0.0,1.2116253968223158,21.162539682231586
2021-03-25,0.0,1.2116253968223158,21.162539682231586
2021-03-26,0.0,1.2116253968223158,21.162539682231586
2021-03-29,0.0,1.2116253968223158,21.162539682231586
2021-03-30,0.0,1.2116253968223158,21.162539682231586
2021-03-31,0.0,1.2116253968223158,21.162539682231586
2021-04-01,0.0,1.2116253968223158,21.162539682231586
2021-04-06,0.0,1.2116253968223158,21.162539682231586
2021-04-07,0.0,1.2116253968223158,21.162539682231586
2021-04-08,0.0,1.2116253968223158,21.162539682231586
2021-04-09,0.0,1.2116253968223158,21.162539682231586
2021-04-12,0.0,1.2116253968223158,21.162539682231586
2021-04-13,0.0,1.2116253968223158,21.162539682231586
2021-04-14,0.0,1.2116253968223158,21.162539682231586
2021-04-15,0.0,1.2116253968223158,21.162539682231586
2021-04-16,0.0,1.2116253968223158,21.162539682231586
2021-04-19,0.0,1.2116253968223158,21.162539682231586
2021-04-20,0.0,1.2116253968223158,21.162539682231586
2021-04-21,0.0,1.2116253968223158,21.162539682231586
2021-04-22,0.0,1.2116253968223158,21.162539682231586
2021-04-23,0.0,1.2116253968223158,21.162539682231586
2021-04-26,0.0,1.2116253968223158,21.162539682231586
2021-04-27,0.0,1.2116253968223158,21.162539682231586
2021-04-28,0.0,1.2116253968223158,21.162539682231586
2021-04-29,0.0,1.2116253968223158,21.162539682231586
2021-04-30,0.0,1.2116253968223158,21.162539682231586
2021-05-03,0.0,1.2116253968223158,21.162539682231586
2021-05-04,0.0,1.2116253968223158,21.162539682231586
2021-05-05,0.0,1.2116253968223158,21.162539682231586
2021-05-06,0.0,1.2116253968223158,21.162539682231586
2021-05-07,0.0,1.2116253968223158,21.162539682231586
2021-05-10,0.0,1.2116253968223158,21.162539682231586
2021-05-11,0.0,1.2116253968223158,21.162539682231586
2021-05-12,0.0,1.2116253968223158,21.162539682231586
2021-05-13,0.0,1.2116253968223158,21.162539682231586
2021-05-14,0.0,1.2116253968223158,21.162539682231586
2021-05-17,0.0,1.2116253968223158,21.162539682231586
2021-05-18,0.0,1.2116253968223158,21.162539682231586
2021-05-19,0.0,1.2116253968223158,21.162539682231586
2021-05-20,0.0,1.2116253968223158,21.162539682231586
2021-05-21,0.0,1.2116253968223158,21.162539682231586
2021-05-24,0.0,1.2116253968223158,21.162539682231586
2021-05-25,0.0,1.2116253968223158,21.162539682231586
2021-05-26,0.0,1.2116253968223158,21.162539682231586
2021-05-27,0.0,1.2116253968223158,21.162539682231586
2021-05-28,0.0,1.2116253968223158,21.162539682231586
2021-05-31,0.0,1.2116253968223158,21.162539682231586
2021-06-01,0.0,1.2116253968223158,21.162539682231586
2021-06-02,0.0,1.2116253968223158,21.162539682231586
2021-06-04,0.0,1.2116253968223158,21.162539682231586
2021-06-07,0.0,1.2116253968223158,21.162539682231586
2021-06-08,0.0,1.2116253968223158,21.162539682231586
2021-06-09,0.0,1.2116253968223158,21.162539682231586
2021-06-10,0.0,1.2116253968223158,21.162539682231586
2021-06-11,0.0,1.2116253968223158,21.162539682231586
2021-06-14,0.0,1.2116253968223158,21.162539682231586
2021-06-15,0.0,1.2116253968223158,21.162539682231586
2021-06-16,0.0,1.2116253968223158,21.162539682231586
2021-06-17,0.0,1.2116253968223158,21.162539682231586
2021-06-18,0.0,1.2116253968223158,21.162539682231586
2021-06-21,0.0,1.2116253968223158,21.162539682231586
2021-06-23,0.0,1.2116253968223158,21.162539682231586
2021-06-24,0.0,1.2116253968223158,21.162539682231586
2021-06-25,0.0,1.2116253968223158,21.162539682231586
2021-06-28,0.0,1.2116253968223158,21.162539682231586
2021-06-29,0.0,1.2116253968223158,21.162539682231586
2021-06-30,0.0,1.2116253968223158,21.162539682231586
2021-07-01,0.0,1.2116253968223158,21.162539682231586
2021-07-02,0.0,1.2116253968223158,21.162539682231586
2021-07-05,0.0,1.2116253968223158,21.162539682231586
2021-07-06,0.0,1.2116253968223158,21.162539682231586
2021-07-07,0.0,1.2116253968223158,21.162539682231586
2021-07-08,0.0,1.2116253968223158,21.162539682231586
2021-07-09,0.0,1.2116253968223158,21.162539682231586
2021-07-12,0.0,1.2116253968223158,21.162539682231586
2021-07-13,0.0,1.2116253968223158,21.162539682231586
2021-07-14,0.0,1.2116253968223158,21.162539682231586
2021-07-15,0.0,1.2116253968223158,21.162539682231586
2021-07-16,0.0,1.2116253968223158,21.162539682231586
2021-07-19,0.0,1.2116253968223158,21.162539682231586
2021-07-20,0.0,1.2116253968223158,21.162539682231586
2021-07-21,0.0,1.2116253968223158,21.162539682231586
2021-07-22,0.0,1.2116253968223158,21.162539682231586
2021-07-23,0.0,1.2116253968223158,21.162539682231586
2021-07-26,0.0,1.2116253968223158,21.162539682231586
2021-07-27,0.0,1.2116253968223158,21.162539682231586
2021-07-28,0.0,1.2116253968223158,21.162539682231586
2021-07-29,0.0,1.2116253968223158,21.162539682231586
2021-07-30,0.0,1.2116253968223158,21.162539682231586
2021-08-02,0.0,1.2116253968223158,21.162539682231586
2021-08-03,0.0,1.2116253968223158,21.162539682231586
2021-08-04,0.0,1.2116253968223158,21.162539682231586
2021-08-06,0.0,1.2116253968223158,21.162539682231586
2021-08-09,0.0,1.2116253968223158,21.162539682231586
2021-08-10,0.0,1.2116253968223158,21.162539682231586
2021-08-11,0.0,1.2116253968223158,21.162539682231586
2021-08-12,0.0,1.2116253968223158,21.162539682231586
2021-08-13,0.0,1.2116253968223158,21.162539682231586
2021-08-16,0.0,1.2116253968223158,21.162539682231586
2021-08-17,0.0,1.2116253968223158,21.162539682231586
2021-08-18,0.0,1.2116253968223158,21.162539682231586
2021-08-19,0.0,1.2116253968223158,21.162539682231586
2021-08-20,0.0,1.2116253968223158,21.162539682231586
2021-08-23,0.0,1.2116253968223158,21.162539682231586
2021-08-24,0.0,1.2116253968223158,21.162539682231586
2021-08-25,0.0,1.2116253968223158,21.162539682231586
2021-08-26,0.0,1.2116253968223158,21.162539682231586
2021-08-27,0.0,1.2116253968223158,21.162539682231586
2021-08-30,0.0,1.2116253968223158,21.162539682231586
2021-08-31,0.0,1.2116253968223158,21.162539682231586
2021-09-01,0.0,1.2116253968223158,21.162539682231586
2021-09-02,0.0,1.2116253968223158,21.162539682231586
2021-09-03,0.0,1.2116253968223158,21.162539682231586
2021-09-06,0.0,1.2116253968223158,21.162539682231586
2021-09-07,0.0,1.2116253968223158,21.162539682231586
2021-09-08,0.0,1.2116253968223158,21.162539682231586
2021-09-09,0.032299999999999995,1.2507608971396766,25.076089713967665
2021-09-10,0.0038,1.2555137885488075,25.551378854880745
2021-09-13,-0.012625,1.2396629269683788,23.966292696837876
2021-09-14,-0.004225,1.2344253511019374,23.44253511019374
2021-09-15,0.001975,1.2368633411703638,23.686334117036377
2021-09-16,-0.00485,1.2308645539656875,23.086455396568752
2021-09-17,0.007075,1.2395729206849946,23.95729206849946
2021-09-20,-0.052175,1.174898203548255,17.48982035482549
2021-09-21,0.0,1.174898203548255,17.48982035482549
2021-09-22,0.0,1.174898203548255,17.48982035482549
2021-09-23,0.0,1.174898203548255,17.48982035482549
2021-09-24,0.0,1.174898203548255,17.48982035482549
2021-09-27,0.0,1.174898203548255,17.48982035482549
2021-09-28,0.0,1.174898203548255,17.48982035482549
2021-09-29,0.0,1.174898203548255,17.48982035482549
2021-09-30,0.0,1.174898203548255,17.48982035482549
2021-10-01,0.0,1.174898203548255,17.48982035482549
2021-10-04,0.0,1.174898203548255,17.48982035482549
2021-10-05,0.0,1.174898203548255,17.48982035482549
2021-10-06,0.0,1.174898203548255,17.48982035482549
2021-10-07,0.0,1.174898203548255,17.48982035482549
2021-10-08,0.0,1.174898203548255,17.48982035482549
2021-10-11,0.0,1.174898203548255,17.48982035482549
2021-10-12,0.0,1.174898203548255,17.48982035482549
2021-10-13,0.0,1.174898203548255,17.48982035482549
2021-10-14,0.0,1.174898203548255,17.48982035482549
2021-10-15,0.0,1.174898203548255,17.48982035482549
2021-10-18,0.0,1.174898203548255,17.48982035482549
2021-10-19,0.0,1.174898203548255,17.48982035482549
2021-10-20,0.0,1.174898203548255,17.48982035482549
2021-10-21,0.0,1.174898203548255,17.48982035482549
2021-10-22,0.0,1.174898203548255,17.48982035482549
2021-10-25,0.0,1.174898203548255,17.48982035482549
2021-10-26,0.0,1.174898203548255,17.48982035482549
2021-10-27,0.0,1.174898203548255,17.48982035482549
2021-10-28,0.0,1.174898203548255,17.48982035482549
2021-10-29,0.0,1.174898203548255,17.48982035482549
2021-11-02,0.0,1.174898203548255,17.48982035482549
2021-11-03,0.0,1.174898203548255,17.48982035482549
2021-11-04,0.0,1.174898203548255,17.48982035482549
2021-11-05,0.0,1.174898203548255,17.48982035482549
2021-11-08,0.0,1.174898203548255,17.48982035482549
2021-11-09,0.0,1.174898203548255,17.48982035482549
2021-11-10,0.0,1.174898203548255,17.48982035482549
2021-11-11,0.0,1.174898203548255,17.48982035482549
2021-11-12,0.0,1.174898203548255,17.48982035482549
2021-11-15,0.0,1.174898203548255,17.48982035482549
2021-11-16,0.0,1.174898203548255,17.48982035482549
2021-11-17,0.0,1.174898203548255,17.48982035482549
2021-11-19,0.0,1.174898203548255,17.48982035482549
2021-11-22,0.0,1.174898203548255,17.48982035482549
2021-11-23,0.0,1.174898203548255,17.48982035482549
2021-11-24,0.0,1.174898203548255,17.48982035482549
2021-11-25,0.0,1.174898203548255,17.48982035482549
2021-11-26,0.0,1.174898203548255,17.48982035482549
2021-11-29,0.0,1.174898203548255,17.48982035482549
2021-11-30,0.0,1.174898203548255,17.48982035482549
2021-12-01,0.0,1.174898203548255,17.48982035482549
2021-12-02,0.0,1.174898203548255,17.48982035482549
2021-12-03,0.0,1.174898203548255,17.48982035482549
2021-12-06,0.0,1.174898203548255,17.48982035482549
2021-12-07,0.0,1.174898203548255,17.48982035482549
2021-12-08,0.0,1.174898203548255,17.48982035482549
2021-12-09,0.0,1.174898203548255,17.48982035482549
2021-12-10,0.0,1.174898203548255,17.48982035482549
2021-12-13,0.0,1.174898203548255,17.48982035482549
2021-12-14,0.0,1.174898203548255,17.48982035482549
2021-12-15,0.0,1.174898203548255,17.48982035482549
2021-12-16,0.0,1.174898203548255,17.48982035482549
2021-12-17,0.0,1.174898203548255,17.48982035482549
2021-12-20,0.0,1.174898203548255,17.48982035482549
2021-12-21,0.0,1.174898203548255,17.48982035482549
2021-12-22,0.0,1.174898203548255,17.48982035482549
2021-12-23,0.0,1.174898203548255,17.48982035482549
2021-12-27,0.0,1.174898203548255,17.48982035482549
2021-12-28,0.0,1.174898203548255,17.48982035482549
2021-12-29,0.0,1.174898203548255,17.48982035482549
2021-12-30,0.0,1.174898203548255,17.48982035482549
2022-01-03,0.0,1.174898203548255,17.48982035482549
2022-01-04,0.0,1.174898203548255,17.48982035482549
2022-01-05,0.0,1.174898203548255,17.48982035482549
2022-01-07,0.0,1.174898203548255,17.48982035482549
2022-01-10,0.0,1.174898203548255,17.48982035482549
2022-01-11,0.0,1.174898203548255,17.48982035482549
2022-01-12,0.0,1.174898203548255,17.48982035482549
2022-01-13,0.0,1.174898203548255,17.48982035482549
2022-01-14,0.0,1.174898203548255,17.48982035482549
2022-01-17,0.0,1.174898203548255,17.48982035482549
2022-01-18,0.0,1.174898203548255,17.48982035482549
2022-01-19,0.0,1.174898203548255,17.48982035482549
2022-01-20,0.0,1.174898203548255,17.48982035482549
2022-01-21,0.0,1.174898203548255,17.48982035482549
2022-01-24,0.0,1.174898203548255,17.48982035482549
2022-01-25,0.0,1.174898203548255,17.48982035482549
2022-01-26,0.0,1.174898203548255,17.48982035482549
2022-01-27,0.0,1.174898203548255,17.48982035482549
2022-01-28,0.0,1.174898203548255,17.48982035482549
2022-01-31,0.0,1.174898203548255,17.48982035482549
2022-02-01,0.0,1.174898203548255,17.48982035482549
2022-02-02,0.0,1.174898203548255,17.48982035482549
2022-02-03,0.0,1.174898203548255,17.48982035482549
2022-02-04,0.0,1.174898203548255,17.48982035482549
2022-02-07,0.0,1.174898203548255,17.48982035482549
2022-02-08,0.0,1.174898203548255,17.48982035482549
2022-02-09,0.0,1.174898203548255,17.48982035482549
2022-02-10,0.0,1.174898203548255,17.48982035482549
2022-02-11,0.0,1.174898203548255,17.48982035482549
2022-02-14,0.0,1.174898203548255,17.48982035482549
2022-02-15,0.0,1.174898203548255,17.48982035482549
2022-02-16,0.0,1.174898203548255,17.48982035482549
2022-02-17,0.0,1.174898203548255,17.48982035482549
2022-02-18,0.0,1.174898203548255,17.48982035482549
2022-02-21,0.0,1.174898203548255,17.48982035482549
2022-02-22,0.0,1.174898203548255,17.48982035482549
2022-02-23,0.0,1.174898203548255,17.48982035482549
2022-02-24,0.0,1.174898203548255,17.48982035482549
2022-02-25,0.0,1.174898203548255,17.48982035482549
2022-02-28,0.0,1.174898203548255,17.48982035482549
2022-03-01,0.0,1.174898203548255,17.48982035482549
2022-03-02,0.0,1.174898203548255,17.48982035482549
2022-03-03,0.0,1.174898203548255,17.48982035482549
2022-03-04,0.0,1.174898203548255,17.48982035482549
2022-03-07,0.0,1.174898203548255,17.48982035482549
2022-03-08,0.0,1.174898203548255,17.48982035482549
2022-03-09,0.021199999999999997,1.1998060454634778,19.98060454634778
2022-03-10,0.00855,1.2100643871521906,21.006438715219055
2022-03-11,0.013783333333333335,1.2267431079551048,22.67431079551048
2022-03-14,-0.0122,1.2117768420380526,21.177684203805256
2022-03-15,0.04343333333333333,1.2644083495439054,26.440834954390535
2022-03-16,-0.01235,1.2487929064270382,24.879290642703822
2022-03-17,-0.00445,1.243235777993438,24.3235777993438
2022-03-18,0.028650000000000002,1.27885448303295,27.885448303295
2022-03-21,0.031116666666666664,1.3186481716966587,31.86481716966587
2022-03-22,0.0,1.3186481716966587,31.86481716966587
2022-03-23,0.0,1.3186481716966587,31.86481716966587
2022-03-24,0.0,1.3186481716966587,31.86481716966587
2022-03-25,0.0,1.3186481716966587,31.86481716966587
2022-03-28,0.0,1.3186481716966587,31.86481716966587
2022-03-29,0.0,1.3186481716966587,31.86481716966587
2022-03-30,0.0,1.3186481716966587,31.86481716966587
2022-03-31,0.0,1.3186481716966587,31.86481716966587
2022-04-01,0.0,1.3186481716966587,31.86481716966587
2022-04-04,0.0,1.3186481716966587,31.86481716966587
2022-04-05,0.0,1.3186481716966587,31.86481716966587
2022-04-06,0.0,1.3186481716966587,31.86481716966587
2022-04-07,0.0,1.3186481716966587,31.86481716966587
2022-04-08,0.0,1.3186481716966587,31.86481716966587
2022-04-11,0.0,1.3186481716966587,31.86481716966587
2022-04-12,0.0,1.3186481716966587,31.86481716966587
2022-04-13,0.0,1.3186481716966587,31.86481716966587
2022-04-14,0.0,1.3186481716966587,31.86481716966587
2022-04-19,0.0,1.3186481716966587,31.86481716966587
2022-04-20,0.0,1.3186481716966587,31.86481716966587
2022-04-21,0.0,1.3186481716966587,31.86481716966587
2022-04-22,0.0,1.3186481716966587,31.86481716966587
2022-04-25,0.0,1.3186481716966587,31.86481716966587
2022-04-26,0.0,1.3186481716966587,31.86481716966587
2022-04-27,0.0,1.3186481716966587,31.86481716966587
2022-04-28,0.0,1.3186481716966587,31.86481716966587
2022-04-29,0.0,1.3186481716966587,31.86481716966587
2022-05-02,0.0,1.3186481716966587,31.86481716966587
2022-05-03,0.0,1.3186481716966587,31.86481716966587
2022-05-04,0.0,1.3186481716966587,31.86481716966587
2022-05-05,0.0,1.3186481716966587,31.86481716966587
2022-05-06,0.0,1.3186481716966587,31.86481716966587
2022-05-09,0.0,1.3186481716966587,31.86481716966587
2022-05-10,0.0,1.3186481716966587,31.86481716966587
2022-05-11,0.0,1.3186481716966587,31.86481716966587
2022-05-12,0.0,1.3186481716966587,31.86481716966587
2022-05-13,0.0,1.3186481716966587,31.86481716966587
2022-05-16,0.0,1.3186481716966587,31.86481716966587
2022-05-17,0.0,1.3186481716966587,31.86481716966587
2022-05-18,0.0,1.3186481716966587,31.86481716966587
2022-05-19,0.0,1.3186481716966587,31.86481716966587
2022-05-20,0.0,1.3186481716966587,31.86481716966587
2022-05-23,0.0,1.3186481716966587,31.86481716966587
2022-05-24,0.0,1.3186481716966587,31.86481716966587
2022-05-25,0.0,1.3186481716966587,31.86481716966587
2022-05-26,0.0,1.3186481716966587,31.86481716966587
2022-05-27,0.0,1.3186481716966587,31.86481716966587
2022-05-31,0.0,1.3186481716966587,31.86481716966587
2022-06-01,0.0,1.3186481716966587,31.86481716966587
2022-06-02,0.0,1.3186481716966587,31.86481716966587
2022-06-03,0.0,1.3186481716966587,31.86481716966587
2022-06-06,0.0,1.3186481716966587,31.86481716966587
2022-06-07,0.0,1.3186481716966587,31.86481716966587
2022-06-08,0.0,1.3186481716966587,31.86481716966587
2022-06-09,0.0,1.3186481716966587,31.86481716966587
2022-06-10,0.0,1.3186481716966587,31.86481716966587
2022-06-13,0.0,1.3186481716966587,31.86481716966587
2022-06-14,0.0,1.3186481716966587,31.86481716966587
2022-06-15,0.0,1.3186481716966587,31.86481716966587
2022-06-17,0.0,1.3186481716966587,31.86481716966587
2022-06-20,0.0,1.3186481716966587,31.86481716966587
2022-06-21,0.0,1.3186481716966587,31.86481716966587
2022-06-23,0.0,1.3186481716966587,31.86481716966587
2022-06-24,0.0,1.3186481716966587,31.86481716966587
2022-06-27,0.0,1.3186481716966587,31.86481716966587
2022-06-28,0.0,1.3186481716966587,31.86481716966587
2022-06-29,0.0,1.3186481716966587,31.86481716966587
2022-06-30,0.0,1.3186481716966587,31.86481716966587
2022-07-01,0.0,1.3186481716966587,31.86481716966587
2022-07-04,0.0,1.3186481716966587,31.86481716966587
2022-07-05,0.0,1.3186481716966587,31.86481716966587
2022-07-06,0.0,1.3186481716966587,31.86481716966587
2022-07-07,0.0,1.3186481716966587,31.86481716966587
2022-07-08,0.0,1.3186481716966587,31.86481716966587
2022-07-11,0.0,1.3186481716966587,31.86481716966587
2022-07-12,0.0,1.3186481716966587,31.86481716966587
2022-07-13,0.0,1.3186481716966587,31.86481716966587
2022-07-14,0.0,1.3186481716966587,31.86481716966587
2022-07-15,0.0,1.3186481716966587,31.86481716966587
2022-07-18,0.0,1.3186481716966587,31.86481716966587
2022-07-19,0.0,1.3186481716966587,31.86481716966587
2022-07-20,0.0,1.3186481716966587,31.86481716966587
2022-07-21,0.0,1.3186481716966587,31.86481716966587
2022-07-22,0.0,1.3186481716966587,31.86481716966587
2022-07-25,0.0,1.3186481716966587,31.86481716966587
2022-07-26,0.0,1.3186481716966587,31.86481716966587
2022-07-27,0.0,1.3186481716966587,31.86481716966587
2022-07-28,0.0,1.3186481716966587,31.86481716966587
2022-07-29,0.0,1.3186481716966587,31.86481716966587
2022-08-01,0.0,1.3186481716966587,31.86481716966587
2022-08-02,0.0,1.3186481716966587,31.86481716966587
2022-08-03,0.0,1.3186481716966587,31.86481716966587
2022-08-04,0.0,1.3186481716966587,31.86481716966587
2022-08-08,0.0,1.3186481716966587,31.86481716966587
2022-08-09,0.0,1.3186481716966587,31.86481716966587
2022-08-10,0.0,1.3186481716966587,31.86481716966587
2022-08-11,0.0,1.3186481716966587,31.86481716966587
2022-08-12,0.0,1.3186481716966587,31.86481716966587
2022-08-16,0.0,1.3186481716966587,31.86481716966587
2022-08-17,0.0,1.3186481716966587,31.86481716966587
2022-08-18,0.0,1.3186481716966587,31.86481716966587
2022-08-19,0.0,1.3186481716966587,31.86481716966587
2022-08-22,0.0,1.3186481716966587,31.86481716966587
2022-08-23,0.0,1.3186481716966587,31.86481716966587
2022-08-24,0.0,1.3186481716966587,31.86481716966587
2022-08-25,0.0,1.3186481716966587,31.86481716966587
2022-08-26,0.0,1.3186481716966587,31.86481716966587
2022-08-29,0.0,1.3186481716966587,31.86481716966587
2022-08-30,0.0,1.3186481716966587,31.86481716966587
2022-08-31,0.0,1.3186481716966587,31.86481716966587
2022-09-01,0.0,1.3186481716966587,31.86481716966587
2022-09-02,0.0,1.3186481716966587,31.86481716966587
2022-09-05,0.0,1.3186481716966587,31.86481716966587
2022-09-06,0.0,1.3186481716966587,31.86481716966587
2022-09-07,0.0,1.3186481716966587,31.86481716966587
2022-09-08,0.0,1.3186481716966587,31.86481716966587
2022-09-09,0.0,1.3186481716966587,31.86481716966587
2022-09-12,0.0,1.3186481716966587,31.86481716966587
2022-09-13,0.0,1.3186481716966587,31.86481716966587
2022-09-14,0.0374,1.367965613318114,36.7965613318114
2022-09-15,-0.018,1.343342232278388,34.33422322783879
2022-09-16,0.0,1.343342232278388,34.33422322783879
2022-09-19,-0.0183,1.3187590694276934,31.87590694276934
2022-09-20,0.0,1.3187590694276934,31.87590694276934
2022-09-21,0.0,1.3187590694276934,31.87590694276934
2022-09-22,0.0,1.3187590694276934,31.87590694276934
2022-09-23,0.0,1.3187590694276934,31.87590694276934
2022-09-26,0.0,1.3187590694276934,31.87590694276934
2022-09-27,0.0,1.3187590694276934,31.87590694276934
2022-09-28,0.0,1.3187590694276934,31.87590694276934
2022-09-29,0.0,1.3187590694276934,31.87590694276934
2022-09-30,0.0,1.3187590694276934,31.87590694276934
2022-10-03,0.0,1.3187590694276934,31.87590694276934
2022-10-04,0.0,1.3187590694276934,31.87590694276934
2022-10-05,0.0,1.3187590694276934,31.87590694276934
2022-10-06,0.0,1.3187590694276934,31.87590694276934
2022-10-07,0.0,1.3187590694276934,31.87590694276934
2022-10-10,0.0,1.3187590694276934,31.87590694276934
2022-10-11,0.0,1.3187590694276934,31.87590694276934
2022-10-12,0.0,1.3187590694276934,31.87590694276934
2022-10-13,0.0,1.3187590694276934,31.87590694276934
2022-10-14,0.0,1.3187590694276934,31.87590694276934
2022-10-17,0.0,1.3187590694276934,31.87590694276934
2022-10-18,0.0,1.3187590694276934,31.87590694276934
2022-10-19,0.0,1.3187590694276934,31.87590694276934
2022-10-20,0.0,1.3187590694276934,31.87590694276934
2022-10-21,0.0,1.3187590694276934,31.87590694276934
2022-10-24,0.0,1.3187590694276934,31.87590694276934
2022-10-25,0.0,1.3187590694276934,31.87590694276934
2022-10-26,0.0,1.3187590694276934,31.87590694276934
2022-10-27,0.0,1.3187590694276934,31.87590694276934
2022-10-28,0.0,1.3187590694276934,31.87590694276934
2022-10-31,0.0,1.3187590694276934,31.87590694276934
2022-11-02,0.0,1.3187590694276934,31.87590694276934
2022-11-03,0.0,1.3187590694276934,31.87590694276934
2022-11-04,0.0,1.3187590694276934,31.87590694276934
2022-11-07,0.0,1.3187590694276934,31.87590694276934
2022-11-08,0.0,1.3187590694276934,31.87590694276934
2022-11-09,0.0,1.3187590694276934,31.87590694276934
2022-11-10,0.0,1.3187590694276934,31.87590694276934
2022-11-11,0.0,1.3187590694276934,31.87590694276934
2022-11-14,0.0,1.3187590694276934,31.87590694276934
2022-11-15,0.0,1.3187590694276934,31.87590694276934
2022-11-16,0.0,1.3187590694276934,31.87590694276934
2022-11-17,0.0,1.3187590694276934,31.87590694276934
2022-11-21,0.0,1.3187590694276934,31.87590694276934
2022-11-22,0.0,1.3187590694276934,31.87590694276934
2022-11-23,0.0,1.3187590694276934,31.87590694276934
2022-11-24,0.0,1.3187590694276934,31.87590694276934
2022-11-25,0.0,1.3187590694276934,31.87590694276934
2022-11-28,0.0,1.3187590694276934,31.87590694276934
2022-11-29,0.0,1.3187590694276934,31.87590694276934
2022-11-30,0.0,1.3187590694276934,31.87590694276934
2022-12-01,0.0,1.3187590694276934,31.87590694276934
2022-12-02,0.0,1.3187590694276934,31.87590694276934
2022-12-05,0.0,1.3187590694276934,31.87590694276934
2022-12-06,0.0,1.3187590694276934,31.87590694276934
2022-12-07,0.0,1.3187590694276934,31.87590694276934
2022-12-08,0.0,1.3187590694276934,31.87590694276934
2022-12-09,0.0,1.3187590694276934,31.87590694276934
2022-12-12,0.0,1.3187590694276934,31.87590694276934
2022-12-13,0.0,1.3187590694276934,31.87590694276934
2022-12-14,0.0,1.3187590694276934,31.87590694276934
2022-12-15,0.0,1.3187590694276934,31.87590694276934
2022-12-16,0.0,1.3187590694276934,31.87590694276934
2022-12-19,0.0,1.3187590694276934,31.87590694276934
2022-12-20,0.0,1.3187590694276934,31.87590694276934
2022-12-21,0.0,1.3187590694276934,31.87590694276934
2022-12-22,0.0,1.3187590694276934,31.87590694276934
2022-12-23,0.0,1.3187590694276934,31.87590694276934
2022-12-27,0.0,1.3187590694276934,31.87590694276934
2022-12-28,0.0,1.3187590694276934,31.87590694276934
2023-01-02,0.0,1.3187590694276934,31.87590694276934
2023-01-03,0.0,1.3187590694276934,31.87590694276934
2023-01-04,0.0,1.3187590694276934,31.87590694276934
2023-01-05,0.0,1.3187590694276934,31.87590694276934
2023-01-09,0.0,1.3187590694276934,31.87590694276934
2023-01-10,0.0,1.3187590694276934,31.87590694276934
2023-01-11,0.0,1.3187590694276934,31.87590694276934
2023-01-12,0.0,1.3187590694276934,31.87590694276934
2023-01-13,0.0,1.3187590694276934,31.87590694276934
2023-01-16,0.0,1.3187590694276934,31.87590694276934
2023-01-17,0.0,1.3187590694276934,31.87590694276934
2023-01-18,0.0,1.3187590694276934,31.87590694276934
2023-01-19,0.0,1.3187590694276934,31.87590694276934
2023-01-20,0.0,1.3187590694276934,31.87590694276934
2023-01-23,0.0,1.3187590694276934,31.87590694276934
2023-01-24,0.0,1.3187590694276934,31.87590694276934
2023-01-25,0.0,1.3187590694276934,31.87590694276934
2023-01-26,0.0,1.3187590694276934,31.87590694276934
2023-01-27,0.0,1.3187590694276934,31.87590694276934
2023-01-30,0.0,1.3187590694276934,31.87590694276934
2023-01-31,0.0,1.3187590694276934,31.87590694276934
2023-02-01,0.0,1.3187590694276934,31.87590694276934
2023-02-02,0.0,1.3187590694276934,31.87590694276934
2023-02-03,0.0,1.3187590694276934,31.87590694276934
2023-02-06,0.0,1.3187590694276934,31.87590694276934
2023-02-07,0.0,1.3187590694276934,31.87590694276934
2023-02-08,0.0,1.3187590694276934,31.87590694276934
2023-02-09,0.0,1.3187590694276934,31.87590694276934
2023-02-10,0.0,1.3187590694276934,31.87590694276934
2023-02-13,0.0,1.3187590694276934,31.87590694276934
2023-02-14,0.0,1.3187590694276934,31.87590694276934
2023-02-15,0.0,1.3187590694276934,31.87590694276934
2023-02-16,0.0,1.3187590694276934,31.87590694276934
2023-02-17,0.0,1.3187590694276934,31.87590694276934
2023-02-20,0.0,1.3187590694276934,31.87590694276934
2023-02-21,0.0,1.3187590694276934,31.87590694276934
2023-02-22,0.0,1.3187590694276934,31.87590694276934
2023-02-23,0.0,1.3187590694276934,31.87590694276934
2023-02-24,0.0,1.3187590694276934,31.87590694276934
2023-02-27,0.0,1.3187590694276934,31.87590694276934
2023-02-28,0.0,1.3187590694276934,31.87590694276934
2023-03-01,0.0,1.3187590694276934,31.87590694276934
2023-03-02,0.0,1.3187590694276934,31.87590694276934
2023-03-03,0.0,1.3187590694276934,31.87590694276934
2023-03-06,0.0,1.3187590694276934,31.87590694276934
2023-03-07,0.0,1.3187590694276934,31.87590694276934
2023-03-08,0.0155,1.3391998350038228,33.91998350038228
2023-03-09,-0.0076,1.3290219162577936,32.902191625779366
2023-03-10,0.0,1.3290219162577936,32.902191625779366
2023-03-13,0.0,1.3290219162577936,32.902191625779366
2023-03-14,0.0077,1.3392553850129787,33.92553850129787
2023-03-15,-0.0305,1.298408095770083,29.840809577008297
2023-03-16,0.0,1.298408095770083,29.840809577008297
2023-03-17,0.0,1.298408095770083,29.840809577008297
2023-03-20,0.0,1.298408095770083,29.840809577008297
2023-03-21,0.0,1.298408095770083,29.840809577008297
2023-03-22,0.0,1.298408095770083,29.840809577008297
2023-03-23,0.0,1.298408095770083,29.840809577008297
2023-03-24,0.0,1.298408095770083,29.840809577008297
2023-03-27,0.0,1.298408095770083,29.840809577008297
2023-03-28,0.0,1.298408095770083,29.840809577008297
2023-03-29,0.0,1.298408095770083,29.840809577008297
2023-03-30,0.0,1.298408095770083,29.840809577008297
2023-03-31,0.0,1.298408095770083,29.840809577008297
2023-04-03,0.0,1.298408095770083,29.840809577008297
2023-04-04,0.0,1.298408095770083,29.840809577008297
2023-04-05,0.0,1.298408095770083,29.840809577008297
2023-04-06,0.0,1.298408095770083,29.840809577008297
2023-04-11,0.0,1.298408095770083,29.840809577008297
2023-04-12,0.0,1.298408095770083,29.840809577008297
2023-04-13,0.0,1.298408095770083,29.840809577008297
2023-04-14,0.0,1.298408095770083,29.840809577008297
2023-04-17,0.0,1.298408095770083,29.840809577008297
2023-04-18,0.0,1.298408095770083,29.840809577008297
2023-04-19,0.0,1.298408095770083,29.840809577008297
2023-04-20,0.0,1.298408095770083,29.840809577008297
2023-04-21,0.0,1.298408095770083,29.840809577008297
2023-04-24,0.0,1.298408095770083,29.840809577008297
2023-04-25,0.0,1.298408095770083,29.840809577008297
2023-04-26,0.0,1.298408095770083,29.840809577008297
2023-04-27,0.0,1.298408095770083,29.840809577008297
2023-04-28,0.0,1.298408095770083,29.840809577008297
2023-05-02,0.0,1.298408095770083,29.840809577008297
2023-05-03,0.0,1.298408095770083,29.840809577008297
2023-05-04,0.0,1.298408095770083,29.840809577008297
2023-05-05,0.0,1.298408095770083,29.840809577008297
2023-05-08,0.0,1.298408095770083,29.840809577008297
2023-05-09,0.0,1.298408095770083,29.840809577008297
2023-05-10,0.0,1.298408095770083,29.840809577008297
2023-05-11,0.0,1.298408095770083,29.840809577008297
2023-05-12,0.0,1.298408095770083,29.840809577008297
2023-05-15,0.0,1.298408095770083,29.840809577008297
2023-05-16,0.0,1.298408095770083,29.840809577008297
2023-05-17,0.0,1.298408095770083,29.840809577008297
2023-05-18,0.0,1.298408095770083,29.840809577008297
2023-05-19,0.0,1.298408095770083,29.840809577008297
2023-05-22,0.0,1.298408095770083,29.840809577008297
2023-05-23,0.0,1.298408095770083,29.840809577008297
2023-05-24,0.0,1.298408095770083,29.840809577008297
2023-05-25,0.0,1.298408095770083,29.840809577008297
2023-05-26,0.0,1.298408095770083,29.840809577008297
2023-05-29,0.0,1.298408095770083,29.840809577008297
2023-05-31,0.0,1.298408095770083,29.840809577008297
2023-06-01,0.0,1.298408095770083,29.840809577008297
2023-06-02,0.0,1.298408095770083,29.840809577008297
2023-06-05,0.0,1.298408095770083,29.840809577008297
2023-06-06,0.0,1.298408095770083,29.840809577008297
2023-06-07,0.0,1.298408095770083,29.840809577008297
2023-06-09,0.0,1.298408095770083,29.840809577008297
2023-06-12,0.0,1.298408095770083,29.840809577008297
2023-06-13,0.0,1.298408095770083,29.840809577008297
2023-06-14,0.0,1.298408095770083,29.840809577008297
2023-06-15,0.0,1.298408095770083,29.840809577008297
2023-06-16,0.0,1.298408095770083,29.840809577008297
2023-06-19,0.0,1.298408095770083,29.840809577008297
2023-06-20,0.0,1.298408095770083,29.840809577008297
2023-06-21,0.0,1.298408095770083,29.840809577008297
2023-06-23,0.0,1.298408095770083,29.840809577008297
2023-06-26,0.0,1.298408095770083,29.840809577008297
2023-06-27,0.0,1.298408095770083,29.840809577008297
2023-06-28,0.0,1.298408095770083,29.840809577008297
2023-06-29,0.0,1.298408095770083,29.840809577008297
2023-06-30,0.0,1.298408095770083,29.840809577008297
2023-07-03,0.0,1.298408095770083,29.840809577008297
2023-07-04,0.0,1.298408095770083,29.840809577008297
2023-07-05,0.0,1.298408095770083,29.840809577008297
2023-07-06,0.0,1.298408095770083,29.840809577008297
2023-07-07,0.0,1.298408095770083,29.840809577008297
2023-07-10,0.0,1.298408095770083,29.840809577008297
2023-07-11,0.0,1.298408095770083,29.840809577008297
2023-07-12,0.0,1.298408095770083,29.840809577008297
2023-07-13,0.0,1.298408095770083,29.840809577008297
2023-07-14,0.0,1.298408095770083,29.840809577008297
2023-07-17,0.0,1.298408095770083,29.840809577008297
2023-07-18,0.0,1.298408095770083,29.840809577008297
2023-07-19,0.0,1.298408095770083,29.840809577008297
2023-07-20,0.0,1.298408095770083,29.840809577008297
2023-07-21,0.0,1.298408095770083,29.840809577008297
2023-07-24,0.0,1.298408095770083,29.840809577008297
2023-07-25,0.0,1.298408095770083,29.840809577008297
2023-07-26,0.0,1.298408095770083,29.840809577008297
2023-07-27,0.0,1.298408095770083,29.840809577008297
2023-07-28,0.0,1.298408095770083,29.840809577008297
2023-07-31,0.0,1.298408095770083,29.840809577008297
2023-08-01,0.0,1.298408095770083,29.840809577008297
2023-08-02,0.0,1.298408095770083,29.840809577008297
2023-08-03,0.0,1.298408095770083,29.840809577008297
2023-08-04,0.0,1.298408095770083,29.840809577008297
2023-08-07,0.0,1.298408095770083,29.840809577008297
2023-08-08,0.0,1.298408095770083,29.840809577008297
2023-08-09,0.0,1.298408095770083,29.840809577008297
2023-08-10,0.0,1.298408095770083,29.840809577008297
2023-08-11,0.0,1.298408095770083,29.840809577008297
2023-08-14,0.0,1.298408095770083,29.840809577008297
2023-08-16,0.0,1.298408095770083,29.840809577008297
2023-08-17,0.0,1.298408095770083,29.840809577008297
2023-08-18,0.0,1.298408095770083,29.840809577008297
2023-08-21,0.0,1.298408095770083,29.840809577008297
2023-08-22,0.0,1.298408095770083,29.840809577008297
2023-08-23,0.0,1.298408095770083,29.840809577008297
2023-08-24,0.0,1.298408095770083,29.840809577008297
2023-08-25,0.0,1.298408095770083,29.840809577008297
2023-08-28,0.0,1.298408095770083,29.840809577008297
2023-08-29,0.0,1.298408095770083,29.840809577008297
2023-08-30,0.0,1.298408095770083,29.840809577008297
2023-08-31,0.0,1.298408095770083,29.840809577008297
2023-09-01,0.0,1.298408095770083,29.840809577008297
2023-09-04,0.0,1.298408095770083,29.840809577008297
2023-09-05,0.0,1.298408095770083,29.840809577008297
2023-09-06,0.006316666666666667,1.3066097069083642,30.66097069083642
2023-09-07,0.011016666666666668,1.3210041905128047,32.10041905128047
2023-09-08,-0.005983333333333333,1.3131001821062365,31.310018210623646
2023-09-11,-0.004816666666666667,1.3067754162290914,30.677541622909143
2023-09-12,-0.009266666666666666,1.294665964038702,29.46659640387019
2023-09-13,0.0006500000000000013,1.295507496915327,29.550749691532708
2023-09-14,0.00865,1.3067136367636447,30.67136367636447
2023-09-15,0.009600000000000001,1.3192580876765758,31.925808767657582
2023-09-18,0.009083333333333334,1.331241348639638,33.124134863963796
2023-09-19,0.0,1.331241348639638,33.124134863963796
2023-09-20,0.0,1.331241348639638,33.124134863963796
2023-09-21,0.0,1.331241348639638,33.124134863963796
2023-09-22,0.0,1.331241348639638,33.124134863963796
2023-09-25,0.0,1.331241348639638,33.124134863963796
2023-09-26,0.0,1.331241348639638,33.124134863963796
2023-09-27,0.0,1.331241348639638,33.124134863963796
2023-09-28,0.0,1.331241348639638,33.124134863963796
2023-09-29,0.0,1.331241348639638,33.124134863963796
2023-10-02,0.0,1.331241348639638,33.124134863963796
2023-10-03,0.0,1.331241348639638,33.124134863963796
2023-10-04,0.0,1.331241348639638,33.124134863963796
2023-10-05,0.0,1.331241348639638,33.124134863963796
2023-10-06,0.0,1.331241348639638,33.124134863963796
2023-10-09,0.0,1.331241348639638,33.124134863963796
2023-10-10,0.0,1.331241348639638,33.124134863963796
2023-10-11,0.0,1.331241348639638,33.124134863963796
2023-10-12,0.0,1.331241348639638,33.124134863963796
2023-10-13,0.0,1.331241348639638,33.124134863963796
2023-10-16,0.0,1.331241348639638,33.124134863963796
2023-10-17,0.0,1.331241348639638,33.124134863963796
2023-10-18,0.0,1.331241348639638,33.124134863963796
2023-10-19,0.0,1.331241348639638,33.124134863963796
2023-10-20,0.0,1.331241348639638,33.124134863963796
2023-10-23,0.0,1.331241348639638,33.124134863963796
2023-10-24,0.0,1.331241348639638,33.124134863963796
2023-10-25,0.0,1.331241348639638,33.124134863963796
2023-10-26,0.0,1.331241348639638,33.124134863963796
2023-10-27,0.0,1.331241348639638,33.124134863963796
2023-10-30,0.0,1.331241348639638,33.124134863963796
2023-10-31,0.0,1.331241348639638,33.124134863963796
2023-11-02,0.0,1.331241348639638,33.124134863963796
2023-11-03,0.0,1.331241348639638,33.124134863963796
2023-11-06,0.0,1.331241348639638,33.124134863963796
2023-11-07,0.0,1.331241348639638,33.124134863963796
2023-11-08,0.0,1.331241348639638,33.124134863963796
2023-11-09,0.0,1.331241348639638,33.124134863963796
2023-11-10,0.0,1.331241348639638,33.124134863963796
2023-11-13,0.0,1.331241348639638,33.124134863963796
2023-11-14,0.0,1.331241348639638,33.124134863963796
2023-11-15,0.0,1.331241348639638,33.124134863963796
2023-11-16,0.0,1.331241348639638,33.124134863963796
2023-11-17,0.0,1.331241348639638,33.124134863963796
2023-11-20,0.0,1.331241348639638,33.124134863963796
2023-11-21,0.0,1.331241348639638,33.124134863963796
2023-11-22,0.0,1.331241348639638,33.124134863963796
2023-11-23,0.0,1.331241348639638,33.124134863963796
2023-11-24,0.0,1.331241348639638,33.124134863963796
2023-11-27,0.0,1.331241348639638,33.124134863963796
2023-11-28,0.0,1.331241348639638,33.124134863963796
2023-11-29,0.0,1.331241348639638,33.124134863963796
2023-11-30,0.0,1.331241348639638,33.124134863963796
2023-12-01,0.0,1.331241348639638,33.124134863963796
2023-12-04,0.0,1.331241348639638,33.124134863963796
2023-12-05,0.0,1.331241348639638,33.124134863963796
2023-12-06,0.0,1.331241348639638,33.124134863963796
2023-12-07,0.0,1.331241348639638,33.124134863963796
2023-12-08,0.0,1.331241348639638,33.124134863963796
2023-12-11,0.0,1.331241348639638,33.124134863963796
2023-12-12,0.0,1.331241348639638,33.124134863963796
2023-12-13,0.0,1.331241348639638,33.124134863963796
2023-12-14,0.0,1.331241348639638,33.124134863963796
2023-12-15,0.0,1.331241348639638,33.124134863963796
2023-12-18,0.0,1.331241348639638,33.124134863963796
2023-12-19,0.0,1.331241348639638,33.124134863963796
2023-12-20,0.0,1.331241348639638,33.124134863963796
2023-12-21,0.0,1.331241348639638,33.124134863963796
2023-12-22,0.0,1.331241348639638,33.124134863963796
2023-12-27,0.0,1.331241348639638,33.124134863963796
2023-12-28,0.0,1.331241348639638,33.124134863963796
2023-12-29,0.0,1.331241348639638,33.124134863963796
2024-01-02,0.0,1.331241348639638,33.124134863963796
2024-01-03,0.0,1.331241348639638,33.124134863963796
2024-01-04,0.0,1.331241348639638,33.124134863963796
2024-01-05,0.0,1.331241348639638,33.124134863963796
2024-01-08,0.0,1.331241348639638,33.124134863963796
2024-01-09,0.0,1.331241348639638,33.124134863963796
2024-01-10,0.0,1.331241348639638,33.124134863963796
2024-01-11,0.0,1.331241348639638,33.124134863963796
2024-01-12,0.0,1.331241348639638,33.124134863963796
2024-01-15,0.0,1.331241348639638,33.124134863963796
2024-01-16,0.0,1.331241348639638,33.124134863963796
2024-01-17,0.0,1.331241348639638,33.124134863963796
2024-01-18,0.0,1.331241348639638,33.124134863963796
2024-01-19,0.0,1.331241348639638,33.124134863963796
2024-01-22,0.0,1.331241348639638,33.124134863963796
2024-01-23,0.0,1.331241348639638,33.124134863963796
2024-01-24,0.0,1.331241348639638,33.124134863963796
2024-01-25,0.0,1.331241348639638,33.124134863963796
2024-01-26,0.0,1.331241348639638,33.124134863963796
2024-01-29,0.0,1.331241348639638,33.124134863963796
2024-01-30,0.0,1.331241348639638,33.124134863963796
2024-01-31,0.0,1.331241348639638,33.124134863963796
2024-02-01,0.0,1.331241348639638,33.124134863963796
2024-02-02,0.0,1.331241348639638,33.124134863963796
2024-02-05,0.0,1.331241348639638,33.124134863963796
2024-02-06,0.0,1.331241348639638,33.124134863963796
2024-02-07,0.0,1.331241348639638,33.124134863963796
2024-02-08,0.0,1.331241348639638,33.124134863963796
2024-02-09,0.0,1.331241348639638,33.124134863963796
2024-02-12,0.0,1.331241348639638,33.124134863963796
2024-02-13,0.0,1.331241348639638,33.124134863963796
2024-02-14,0.0,1.331241348639638,33.124134863963796
2024-02-15,0.0,1.331241348639638,33.124134863963796
2024-02-16,0.0,1.331241348639638,33.124134863963796
2024-02-19,0.0,1.331241348639638,33.124134863963796
2024-02-20,0.0,1.331241348639638,33.124134863963796
2024-02-21,0.0,1.331241348639638,33.124134863963796
2024-02-22,0.0,1.331241348639638,33.124134863963796
2024-02-23,0.0,1.331241348639638,33.124134863963796
2024-02-26,0.0,1.331241348639638,33.124134863963796
2024-02-27,0.0,1.331241348639638,33.124134863963796
2024-02-28,0.0,1.331241348639638,33.124134863963796
2024-02-29,0.0,1.331241348639638,33.124134863963796
2024-03-01,0.0,1.331241348639638,33.124134863963796
2024-03-04,0.0,1.331241348639638,33.124134863963796
2024-03-05,0.0,1.331241348639638,33.124134863963796
2024-03-06,0.0,1.331241348639638,33.124134863963796
2024-03-07,0.019100000000000002,1.3566680583986548,35.666805839865475
2024-03-08,0.010033333333333333,1.3702799612512546,37.02799612512546
2024-03-11,0.014066666666666668,1.3895552327061889,38.95552327061888
2024-03-12,-0.009,1.3770492356118331,37.704923561183314
2024-03-13,-0.0038666666666666667,1.371724645234134,37.17246452341341
2024-03-14,0.004833333333333334,1.3783546476860988,37.83546476860988
2024-03-15,-0.0016000000000000003,1.376149280249801,37.6149280249801
2024-03-18,-0.023633333333333336,1.3436262855932308,34.362628559323085
2024-03-19,0.0,1.3436262855932308,34.362628559323085
2024-03-20,0.0,1.3436262855932308,34.362628559323085
2024-03-21,0.0,1.3436262855932308,34.362628559323085
2024-03-22,0.0,1.3436262855932308,34.362628559323085
2024-03-25,0.0,1.3436262855932308,34.362628559323085
2024-03-26,0.0,1.3436262855932308,34.362628559323085
2024-03-27,0.0,1.3436262855932308,34.362628559323085
2024-03-28,0.0,1.3436262855932308,34.362628559323085
2024-04-02,0.0,1.3436262855932308,34.362628559323085
2024-04-03,0.0,1.3436262855932308,34.362628559323085
2024-04-04,0.0,1.3436262855932308,34.362628559323085
2024-04-05,0.0,1.3436262855932308,34.362628559323085
2024-04-08,0.0,1.3436262855932308,34.362628559323085
2024-04-09,0.0,1.3436262855932308,34.362628559323085
2024-04-10,0.0,1.3436262855932308,34.362628559323085
2024-04-11,0.0,1.3436262855932308,34.362628559323085
2024-04-12,0.0,1.3436262855932308,34.362628559323085
2024-04-15,0.0,1.3436262855932308,34.362628559323085
2024-04-16,0.0,1.3436262855932308,34.362628559323085
2024-04-18,0.0,1.3436262855932308,34.362628559323085
2024-04-19,0.0,1.3436262855932308,34.362628559323085
2024-04-22,0.0,1.3436262855932308,34.362628559323085
2024-04-23,0.0,1.3436262855932308,34.362628559323085
2024-04-24,0.0,1.3436262855932308,34.362628559323085
2024-04-25,0.0,1.3436262855932308,34.362628559323085
2024-04-26,0.0,1.3436262855932308,34.362628559323085
2024-04-29,0.0,1.3436262855932308,34.362628559323085
2024-04-30,0.0,1.3436262855932308,34.362628559323085
2024-05-02,0.0,1.3436262855932308,34.362628559323085
2024-05-03,0.0,1.3436262855932308,34.362628559323085
2024-05-06,0.0,1.3436262855932308,34.362628559323085
2024-05-07,0.0,1.3436262855932308,34.362628559323085
2024-05-08,0.0,1.3436262855932308,34.362628559323085
2024-05-09,0.0,1.3436262855932308,34.362628559323085
2024-05-10,0.0,1.3436262855932308,34.362628559323085
2024-05-13,0.0,1.3436262855932308,34.362628559323085
2024-05-14,0.0,1.3436262855932308,34.362628559323085
2024-05-15,0.0,1.3436262855932308,34.362628559323085
2024-05-16,0.0,1.3436262855932308,34.362628559323085
2024-05-17,0.0,1.3436262855932308,34.362628559323085
2024-05-20,0.0,1.3436262855932308,34.362628559323085
2024-05-21,0.0,1.3436262855932308,34.362628559323085
2024-05-22,0.0,1.3436262855932308,34.362628559323085
2024-05-23,0.0,1.3436262855932308,34.362628559323085
2024-05-24,0.0,1.3436262855932308,34.362628559323085
2024-05-27,0.0,1.3436262855932308,34.362628559323085
2024-05-28,0.0,1.3436262855932308,34.362628559323085
2024-05-29,0.0,1.3436262855932308,34.362628559323085
2024-05-31,0.0,1.3436262855932308,34.362628559323085
2024-06-03,0.0,1.3436262855932308,34.362628559323085
2024-06-04,0.0,1.3436262855932308,34.362628559323085
2024-06-05,0.0,1.3436262855932308,34.362628559323085
2024-06-06,0.0,1.3436262855932308,34.362628559323085
2024-06-07,0.0,1.3436262855932308,34.362628559323085
2024-06-10,0.0,1.3436262855932308,34.362628559323085
2024-06-11,0.0,1.3436262855932308,34.362628559323085
2024-06-12,0.0,1.3436262855932308,34.362628559323085
2024-06-13,0.0,1.3436262855932308,34.362628559323085
2024-06-14,0.0,1.3436262855932308,34.362628559323085
2024-06-17,0.0,1.3436262855932308,34.362628559323085
2024-06-18,0.0,1.3436262855932308,34.362628559323085
2024-06-19,0.0,1.3436262855932308,34.362628559323085
2024-06-20,0.0,1.3436262855932308,34.362628559323085
2024-06-21,0.0,1.3436262855932308,34.362628559323085
2024-06-24,0.0,1.3436262855932308,34.362628559323085
2024-06-25,0.0,1.3436262855932308,34.362628559323085
2024-06-26,0.0,1.3436262855932308,34.362628559323085
2024-06-27,0.0,1.3436262855932308,34.362628559323085
2024-06-28,0.0,1.3436262855932308,34.362628559323085
2024-07-01,0.0,1.3436262855932308,34.362628559323085
2024-07-02,0.0,1.3436262855932308,34.362628559323085
2024-07-03,0.0,1.3436262855932308,34.362628559323085
2024-07-04,0.0,1.3436262855932308,34.362628559323085
2024-07-05,0.0,1.3436262855932308,34.362628559323085
2024-07-08,0.0,1.3436262855932308,34.362628559323085
2024-07-09,0.0,1.3436262855932308,34.362628559323085
2024-07-10,0.0,1.3436262855932308,34.362628559323085
2024-07-11,0.0,1.3436262855932308,34.362628559323085
2024-07-12,0.0,1.3436262855932308,34.362628559323085
2024-07-15,0.0,1.3436262855932308,34.362628559323085
2024-07-16,0.0,1.3436262855932308,34.362628559323085
2024-07-17,0.0,1.3436262855932308,34.362628559323085
2024-07-18,0.0,1.3436262855932308,34.362628559323085
2024-07-19,0.0,1.3436262855932308,34.362628559323085
2024-07-22,0.0,1.3436262855932308,34.362628559323085
2024-07-23,0.0,1.3436262855932308,34.362628559323085
2024-07-24,0.0,1.3436262855932308,34.362628559323085
2024-07-25,0.0,1.3436262855932308,34.362628559323085
2024-07-26,0.0,1.3436262855932308,34.362628559323085
2024-07-29,0.0,1.3436262855932308,34.362628559323085
2024-07-30,0.0,1.3436262855932308,34.362628559323085
2024-07-31,0.0,1.3436262855932308,34.362628559323085
2024-08-01,0.0,1.3436262855932308,34.362628559323085
2024-08-02,0.0,1.3436262855932308,34.362628559323085
2024-08-06,0.0,1.3436262855932308,34.362628559323085
2024-08-07,0.0,1.3436262855932308,34.362628559323085
2024-08-08,0.0,1.3436262855932308,34.362628559323085
2024-08-09,0.0,1.3436262855932308,34.362628559323085
2024-08-12,0.0,1.3436262855932308,34.362628559323085
2024-08-13,0.0,1.3436262855932308,34.362628559323085
2024-08-14,0.0,1.3436262855932308,34.362628559323085
2024-08-16,0.0,1.3436262855932308,34.362628559323085
2024-08-19,0.0,1.3436262855932308,34.362628559323085
2024-08-20,0.0,1.3436262855932308,34.362628559323085
2024-08-21,0.0,1.3436262855932308,34.362628559323085
2024-08-22,0.0,1.3436262855932308,34.362628559323085
2024-08-23,0.0,1.3436262855932308,34.362628559323085
2024-08-26,0.0,1.3436262855932308,34.362628559323085
2024-08-27,0.0,1.3436262855932308,34.362628559323085
2024-08-28,0.0,1.3436262855932308,34.362628559323085
2024-08-29,0.0,1.3436262855932308,34.362628559323085
2024-08-30,0.0,1.3436262855932308,34.362628559323085
2024-09-02,0.0,1.3436262855932308,34.362628559323085
2024-09-03,0.0,1.3436262855932308,34.362628559323085
2024-09-04,0.0,1.3436262855932308,34.362628559323085
2024-09-05,0.0,1.3436262855932308,34.362628559323085
2024-09-06,0.0,1.3436262855932308,34.362628559323085
2024-09-09,0.0,1.3436262855932308,34.362628559323085
2024-09-10,0.0,1.3436262855932308,34.362628559323085
2024-09-11,0.0,1.3436262855932308,34.362628559323085
2024-09-12,0.0,1.3436262855932308,34.362628559323085
2024-09-13,0.0,1.3436262855932308,34.362628559323085
2024-09-16,0.0,1.3436262855932308,34.362628559323085
2024-09-17,0.0,1.3436262855932308,34.362628559323085
2024-09-18,0.0,1.3436262855932308,34.362628559323085
2024-09-19,0.0,1.3436262855932308,34.362628559323085
2024-09-20,0.0,1.3436262855932308,34.362628559323085
2024-09-23,0.0,1.3436262855932308,34.362628559323085
2024-09-24,0.0,1.3436262855932308,34.362628559323085
2024-09-25,0.0,1.3436262855932308,34.362628559323085
2024-09-26,0.0,1.3436262855932308,34.362628559323085
2024-09-27,0.0,1.3436262855932308,34.362628559323085
2024-09-30,0.0,1.3436262855932308,34.362628559323085
2024-10-01,0.0,1.3436262855932308,34.362628559323085
2024-10-02,0.0,1.3436262855932308,34.362628559323085
2024-10-03,0.0,1.3436262855932308,34.362628559323085
2024-10-04,0.0,1.3436262855932308,34.362628559323085
2024-10-07,0.0,1.3436262855932308,34.362628559323085
2024-10-08,0.0,1.3436262855932308,34.362628559323085
2024-10-09,0.0,1.3436262855932308,34.362628559323085
2024-10-10,0.0,1.3436262855932308,34.362628559323085
2024-10-11,0.0,1.3436262855932308,34.362628559323085
2024-10-14,0.0,1.3436262855932308,34.362628559323085
2024-10-15,0.0,1.3436262855932308,34.362628559323085
2024-10-16,0.0,1.3436262855932308,34.362628559323085
2024-10-17,0.0,1.3436262855932308,34.362628559323085
2024-10-18,0.0,1.3436262855932308,34.362628559323085
2024-10-21,0.0,1.3436262855932308,34.362628559323085
2024-10-22,0.0,1.3436262855932308,34.362628559323085
2024-10-23,0.0,1.3436262855932308,34.362628559323085
2024-10-24,0.0,1.3436262855932308,34.362628559323085
2024-10-25,0.0,1.3436262855932308,34.362628559323085
2024-10-28,0.0,1.3436262855932308,34.362628559323085
2024-10-29,0.0,1.3436262855932308,34.362628559323085
2024-10-30,0.0,1.3436262855932308,34.362628559323085
2024-10-31,0.0,1.3436262855932308,34.362628559323085
2024-11-04,0.0,1.3436262855932308,34.362628559323085
2024-11-05,0.0,1.3436262855932308,34.362628559323085
2024-11-06,0.0,1.3436262855932308,34.362628559323085
2024-11-07,0.0,1.3436262855932308,34.362628559323085
2024-11-08,0.0,1.3436262855932308,34.362628559323085
2024-11-11,0.0,1.3436262855932308,34.362628559323085
2024-11-12,0.0,1.3436262855932308,34.362628559323085
2024-11-13,0.0,1.3436262855932308,34.362628559323085
2024-11-14,0.0,1.3436262855932308,34.362628559323085
2024-11-15,0.0,1.3436262855932308,34.362628559323085
2024-11-19,0.0,1.3436262855932308,34.362628559323085
2024-11-20,0.0,1.3436262855932308,34.362628559323085
2024-11-21,0.0,1.3436262855932308,34.362628559323085
2024-11-22,0.0,1.3436262855932308,34.362628559323085
2024-11-25,0.0,1.3436262855932308,34.362628559323085
2024-11-26,0.0,1.3436262855932308,34.362628559323085
2024-11-27,0.0,1.3436262855932308,34.362628559323085
2024-11-28,0.0,1.3436262855932308,34.362628559323085
2024-11-29,0.0,1.3436262855932308,34.362628559323085
2024-12-02,0.0,1.3436262855932308,34.362628559323085
2024-12-03,0.0,1.3436262855932308,34.362628559323085
2024-12-04,0.0,1.3436262855932308,34.362628559323085
2024-12-05,0.0,1.3436262855932308,34.362628559323085
2024-12-06,0.0,1.3436262855932308,34.362628559323085
2024-12-09,0.0,1.3436262855932308,34.362628559323085
2024-12-10,0.0,1.3436262855932308,34.362628559323085
2024-12-11,0.0,1.3436262855932308,34.362628559323085
2024-12-12,0.0,1.3436262855932308,34.362628559323085
2024-12-13,0.0,1.3436262855932308,34.362628559323085
2024-12-16,0.0,1.3436262855932308,34.362628559323085
2024-12-17,0.0,1.3436262855932308,34.362628559323085
2024-12-18,0.0,1.3436262855932308,34.362628559323085
2024-12-19,0.0,1.3436262855932308,34.362628559323085
2024-12-20,0.0,1.3436262855932308,34.362628559323085
2024-12-23,0.0,1.3436262855932308,34.362628559323085
2024-12-27,0.0,1.3436262855932308,34.362628559323085
2024-12-30,0.0,1.3436262855932308,34.362628559323085
2025-01-02,0.0,1.3436262855932308,34.362628559323085
2025-01-03,0.0,1.3436262855932308,34.362628559323085
2025-01-07,0.0,1.3436262855932308,34.362628559323085
2025-01-08,0.0,1.3436262855932308,34.362628559323085
2025-01-09,0.0,1.3436262855932308,34.362628559323085
2025-01-10,0.0,1.3436262855932308,34.362628559323085
2025-01-13,0.0,1.3436262855932308,34.362628559323085
2025-01-14,0.0,1.3436262855932308,34.362628559323085
2025-01-15,0.0,1.3436262855932308,34.362628559323085
2025-01-16,0.0,1.3436262855932308,34.362628559323085
2025-01-17,0.0,1.3436262855932308,34.362628559323085
2025-01-20,0.0,1.3436262855932308,34.362628559323085
2025-01-21,0.0,1.3436262855932308,34.362628559323085
2025-01-22,0.0,1.3436262855932308,34.362628559323085
2025-01-23,0.0,1.3436262855932308,34.362628559323085
2025-01-24,0.0,1.3436262855932308,34.362628559323085
2025-01-27,0.0,1.3436262855932308,34.362628559323085
2025-01-28,0.0,1.3436262855932308,34.362628559323085
2025-01-29,0.0,1.3436262855932308,34.362628559323085
2025-01-30,0.0,1.3436262855932308,34.362628559323085
2025-01-31,0.0,1.3436262855932308,34.362628559323085
2025-02-03,0.0,1.3436262855932308,34.362628559323085
2025-02-04,0.0,1.3436262855932308,34.362628559323085
2025-02-05,0.0,1.3436262855932308,34.362628559323085
2025-02-06,0.0,1.3436262855932308,34.362628559323085
2025-02-07,0.0,1.3436262855932308,34.362628559323085
2025-02-10,0.0,1.3436262855932308,34.362628559323085
2025-02-11,0.0,1.3436262855932308,34.362628559323085
2025-02-12,0.0,1.3436262855932308,34.362628559323085
2025-02-13,0.0,1.3436262855932308,34.362628559323085
2025-02-14,0.0,1.3436262855932308,34.362628559323085
2025-02-17,0.0,1.3436262855932308,34.362628559323085
2025-02-18,0.0,1.3436262855932308,34.362628559323085
2025-02-19,0.0,1.3436262855932308,34.362628559323085
2025-02-20,0.0,1.3436262855932308,34.362628559323085
2025-02-21,0.0,1.3436262855932308,34.362628559323085
2025-02-24,0.0,1.3436262855932308,34.362628559323085
2025-02-25,0.0,1.3436262855932308,34.362628559323085
2025-02-26,0.0,1.3436262855932308,34.362628559323085
2025-02-27,0.0,1.3436262855932308,34.362628559323085
2025-02-28,0.0,1.3436262855932308,34.362628559323085
2025-03-03,0.0,1.3436262855932308,34.362628559323085
2025-03-04,0.0,1.3436262855932308,34.362628559323085
2025-03-05,0.0,1.3436262855932308,34.362628559323085
2025-03-06,0.0,1.3436262855932308,34.362628559323085
2025-03-07,0.0,1.3436262855932308,34.362628559323085
2025-03-10,0.0,1.3436262855932308,34.362628559323085
2025-03-11,0.0,1.3436262855932308,34.362628559323085
2025-03-12,0.0095,1.3563907353063667,35.639073530636665
2025-03-13,0.0,1.3563907353063667,35.639073530636665
2025-03-14,-0.0094,1.3436406623944868,34.364066239448675
2025-03-17,0.019,1.369169834979982,36.91698349799819
2025-03-18,0.0,1.369169834979982,36.91698349799819
2025-03-19,0.0,1.369169834979982,36.91698349799819
2025-03-20,0.0,1.369169834979982,36.91698349799819
2025-03-21,0.0,1.369169834979982,36.91698349799819
2025-03-24,0.0,1.369169834979982,36.91698349799819
2025-03-25,0.0,1.369169834979982,36.91698349799819
2025-03-26,0.0,1.369169834979982,36.91698349799819
2025-03-27,0.0,1.369169834979982,36.91698349799819
2025-03-28,0.0,1.369169834979982,36.91698349799819
2025-03-31,0.0,1.369169834979982,36.91698349799819
2025-04-01,0.0,1.369169834979982,36.91698349799819
2025-04-02,0.0,1.369169834979982,36.91698349799819
2025-04-03,0.0,1.369169834979982,36.91698349799819
2025-04-04,0.0,1.369169834979982,36.91698349799819
2025-04-07,0.0,1.369169834979982,36.91698349799819
2025-04-08,0.0,1.369169834979982,36.91698349799819
2025-04-09,0.0,1.369169834979982,36.91698349799819
2025-04-10,0.0,1.369169834979982,36.91698349799819
2025-04-11,0.0,1.369169834979982,36.91698349799819
2025-04-14,0.0,1.369169834979982,36.91698349799819
2025-04-15,0.0,1.369169834979982,36.91698349799819
2025-04-16,-0.0021,1.366294578326524,36.62945783265239
2025-04-17,-0.0085,1.3546810744107485,35.46810744107485
2025-04-22,-0.0065,1.3458756474270788,34.587564742707876
2025-04-23,0.0,1.3458756474270788,34.587564742707876
2025-04-24,0.0173,1.3691592961275674,36.915929612756734
2025-04-25,0.0021,1.3720345306494353,37.203453064943524
2025-04-28,0.0276,1.4099026836953599,40.99026836953599
2025-04-29,0.0,1.4099026836953599,40.99026836953599
2025-04-30,0.0,1.4099026836953599,40.99026836953599
2025-05-02,0.0,1.4099026836953599,40.99026836953599
2025-05-05,0.0,1.4099026836953599,40.99026836953599
2025-05-06,0.0,1.4099026836953599,40.99026836953599
2025-05-07,0.0,1.4099026836953599,40.99026836953599
2025-05-08,0.0,1.4099026836953599,40.99026836953599
2025-05-09,0.0,1.4099026836953599,40.99026836953599
2025-05-12,0.0,1.4099026836953599,40.99026836953599
2025-05-13,0.0,1.4099026836953599,40.99026836953599
2025-05-14,0.0,1.4099026836953599,40.99026836953599
2025-05-15,0.0,1.4099026836953599,40.99026836953599
2025-05-16,0.0,1.4099026836953599,40.99026836953599
2025-05-19,0.0,1.4099026836953599,40.99026836953599
2025-05-20,0.0,1.4099026836953599,40.99026836953599
2025-05-21,0.0,1.4099026836953599,40.99026836953599
2025-05-22,0.0,1.4099026836953599,40.99026836953599
2025-05-23,0.0,1.4099026836953599,40.99026836953599
2025-05-26,0.0,1.4099026836953599,40.99026836953599
2025-05-27,0.0,1.4099026836953599,40.99026836953599
2025-05-28,0.0,1.4099026836953599,40.99026836953599
2025-05-29,0.0,1.4099026836953599,40.99026836953599
2025-06-02,0.0,1.4099026836953599,40.99026836953599
2025-06-03,0.0,1.4099026836953599,40.99026836953599
2025-06-04,0.0,1.4099026836953599,40.99026836953599
2025-06-05,0.0,1.4099026836953599,40.99026836953599
2025-06-06,0.0,1.4099026836953599,40.99026836953599
2025-06-09,0.0,1.4099026836953599,40.99026836953599
2025-06-10,0.0,1.4099026836953599,40.99026836953599
2025-06-11,0.0,1.4099026836953599,40.99026836953599
2025-06-12,0.0,1.4099026836953599,40.99026836953599
2025-06-13,0.0,1.4099026836953599,40.99026836953599
2025-06-16,0.0,1.4099026836953599,40.99026836953599
2025-06-17,0.0,1.4099026836953599,40.99026836953599
2025-06-18,0.0,1.4099026836953599,40.99026836953599
2025-06-20,0.0,1.4099026836953599,40.99026836953599
2025-06-23,0.0,1.4099026836953599,40.99026836953599
2025-06-24,0.0,1.4099026836953599,40.99026836953599
2025-06-25,0.0,1.4099026836953599,40.99026836953599
2025-06-26,0.0,1.4099026836953599,40.99026836953599
2025-06-27,0.0,1.4099026836953599,40.99026836953599
2025-06-30,0.0,1.4099026836953599,40.99026836953599
2025-07-01,0.0,1.4099026836953599,40.99026836953599
2025-07-02,0.0,1.4099026836953599,40.99026836953599
2025-07-03,0.0,1.4099026836953599,40.99026836953599
2025-07-04,0.0,1.4099026836953599,40.99026836953599
2025-07-07,0.0,1.4099026836953599,40.99026836953599
2025-07-08,0.0,1.4099026836953599,40.99026836953599
2025-07-09,0.0,1.4099026836953599,40.99026836953599
2025-07-10,0.0,1.4099026836953599,40.99026836953599
2025-07-11,0.0,1.4099026836953599,40.99026836953599
2025-07-14,0.0,1.4099026836953599,40.99026836953599
2025-07-15,0.0,1.4099026836953599,40.99026836953599
2025-07-16,0.0,1.4099026836953599,40.99026836953599
2025-07-17,0.0,1.4099026836953599,40.99026836953599
2025-07-18,0.0,1.4099026836953599,40.99026836953599
2025-07-21,0.0,1.4099026836953599,40.99026836953599
2025-07-22,0.0,1.4099026836953599,40.99026836953599
2025-07-23,0.0,1.4099026836953599,40.99026836953599
2025-07-24,0.0,1.4099026836953599,40.99026836953599
2025-07-25,0.0,1.4099026836953599,40.99026836953599
2025-07-28,0.0,1.4099026836953599,40.99026836953599
2025-07-29,0.0,1.4099026836953599,40.99026836953599
2025-07-30,0.0,1.4099026836953599,40.99026836953599
2025-07-31,0.0,1.4099026836953599,40.99026836953599
2025-08-01,0.0,1.4099026836953599,40.99026836953599
2025-08-04,0.0,1.4099026836953599,40.99026836953599
2025-08-06,0.0,1.4099026836953599,40.99026836953599
2025-08-07,0.0,1.4099026836953599,40.99026836953599
2025-08-08,0.0,1.4099026836953599,40.99026836953599
2025-08-11,0.0,1.4099026836953599,40.99026836953599
2025-08-12,0.0,1.4099026836953599,40.99026836953599
2025-08-13,0.0,1.4099026836953599,40.99026836953599
2025-08-14,0.0,1.4099026836953599,40.99026836953599
2025-08-18,0.0,1.4099026836953599,40.99026836953599
2025-08-19,0.0,1.4099026836953599,40.99026836953599
2025-08-20,0.0,1.4099026836953599,40.99026836953599
2025-08-21,0.0,1.4099026836953599,40.99026836953599
2025-08-22,0.0,1.4099026836953599,40.99026836953599
2025-08-25,0.0,1.4099026836953599,40.99026836953599
2025-08-26,0.0,1.4099026836953599,40.99026836953599
2025-08-27,0.0,1.4099026836953599,40.99026836953599
2025-08-28,0.0,1.4099026836953599,40.99026836953599
2025-08-29,0.0,1.4099026836953599,40.99026836953599
2025-09-01,0.0,1.4099026836953599,40.99026836953599
2025-09-02,0.0,1.4099026836953599,40.99026836953599
2025-09-03,0.0,1.4099026836953599,40.99026836953599
2025-09-04,0.0,1.4099026836953599,40.99026836953599
2025-09-05,0.0,1.4099026836953599,40.99026836953599
2025-09-08,0.0,1.4099026836953599,40.99026836953599
2025-09-09,0.0,1.4099026836953599,40.99026836953599
2025-09-10,0.0,1.4099026836953599,40.99026836953599
2025-09-11,0.0,1.4099026836953599,40.99026836953599
2025-09-12,-0.0103,1.3953806860532978,39.53806860532978
2025-09-15,0.1331,1.5811058553669917,58.11058553669917
2025-09-16,0.0426,1.6484609648056254,64.84609648056254
2025-09-17,0.019549999999999998,1.6806883766675753,68.06883766675753
2025-09-18,-0.033949999999999994,1.623629006279711,62.362900627971094
2025-09-19,0.00225,1.6272821715438404,62.72821715438403
2025-09-22,-0.0403,1.5617027000306236,56.17027000306236
2025-09-23,0.0,1.5617027000306236,56.17027000306236
2025-09-24,0.0,1.5617027000306236,56.17027000306236
2025-09-25,0.0,1.5617027000306236,56.17027000306236
2025-09-26,0.0,1.5617027000306236,56.17027000306236
2025-09-29,0.0,1.5617027000306236,56.17027000306236
2025-09-30,0.0,1.5617027000306236,56.17027000306236
2025-10-01,0.0,1.5617027000306236,56.17027000306236
2025-10-02,0.0,1.5617027000306236,56.17027000306236
2025-10-03,0.0,1.5617027000306236,56.17027000306236
2025-10-06,0.0,1.5617027000306236,56.17027000306236
2025-10-07,0.0,1.5617027000306236,56.17027000306236
2025-10-08,0.0,1.5617027000306236,56.17027000306236
2025-10-09,0.0,1.5617027000306236,56.17027000306236
2025-10-10,0.0,1.5617027000306236,56.17027000306236
2025-10-13,0.0,1.5617027000306236,56.17027000306236
2025-10-14,0.0,1.5617027000306236,56.17027000306236
2025-10-15,0.0,1.5617027000306236,56.17027000306236
2025-10-16,0.0,1.5617027000306236,56.17027000306236
2025-10-17,0.0,1.5617027000306236,56.17027000306236
2025-10-20,0.0,1.5617027000306236,56.17027000306236
2025-10-21,0.0,1.5617027000306236,56.17027000306236
2025-10-22,0.0,1.5617027000306236,56.17027000306236
2025-10-23,0.0,1.5617027000306236,56.17027000306236
2025-10-24,0.0,1.5617027000306236,56.17027000306236
2025-10-27,0.0,1.5617027000306236,56.17027000306236
2025-10-28,0.0,1.5617027000306236,56.17027000306236
2025-10-29,0.0,1.5617027000306236,56.17027000306236
2025-10-30,0.0,1.5617027000306236,56.17027000306236
2025-10-31,0.0,1.5617027000306236,56.17027000306236
